FID,OBJECTID_1,OBJECTID,LASTUPDATE,NewPlantin,COMMON1,COMMON2,SCINAME1,SCINAME2,DBH_1,DBH_2,TOTALHT1,TOTALHT2,IsSITTABLE,IsDANGER,COMMENTS,LAT,LONG
0,1,332,2018-02-12,0,Flowering Dogwood, ,Cornus florida, ,4,5,19,23,1,0, ,3758650,280846
1,2,335,2018-02-16,0,Flowering Dogwood, ,Cornus florida, ,3,5,13,18,1,0, ,3758660,280810
2,3,349,2018-04-16,0,Tulip Poplar, ,Liriodendron tulipifera, ,3,4,18,21,1,0, ,3758310,280430
3,4,351,2018-04-13,-99,Tulip Poplar, ,Liriodendron tulipifera, ,4,0,23,0,1,0, ,3758310,280421
4,5,361,2018-02-12,0,Overcup Oak, ,Quercus lyrata, ,27,28,57,66,1,0, ,3758660,280830
5,6,364,2018-02-12,-99,Flowering Dogwood, ,Cornus florida, ,4,0,21,0,1,0, ,3758660,280850
6,7,369,2018-02-16,0,Flowering Dogwood, ,Cornus florida, ,1,2,8,13,1,0, ,3758660,280802
7,8,925,2018-04-13,-99,Tulip Poplar, ,Liriodendron tulipifera, ,4,0,22,0,1,0, ,3758300,280418
8,9,932,2018-04-16,0,Tulip Poplar, ,Liriodendron tulipifera, ,2,3,13,19,1,0, ,3758320,280432
9,10,933,2018-04-13,0,Tulip Poplar, ,Liriodendron tulipifera, ,3,3,15,15,1,0, ,3758320,280424
10,11,937,2018-04-13,0,Tulip Poplar, ,Liriodendron tulipifera, ,3,3,21,21,1,0, ,3758320,280426
11,12,938,2018-04-16,0,Tulip Poplar, ,Liriodendron tulipifera, ,3,4,18,21,1,0, ,3758320,280436
12,13,940,2018-04-13,0,Tulip Poplar, ,Liriodendron tulipifera, ,3,3,20,20,1,0, ,3758330,280429
13,14,941,2018-04-16,0,Tulip Poplar, ,Liriodendron tulipifera, ,1,3,14,18,1,0, ,3758330,280438
14,15,944,2018-04-13,0,Tulip Poplar, ,Liriodendron tulipifera, ,3,3,18,18,1,0, ,3758340,280431
15,16,945,2018-04-16,0,Tulip Poplar, ,Liriodendron tulipifera, ,2,3,14,19,1,0, ,3758340,280440
16,17,947,2018-04-13,0,Tulip Poplar, ,Liriodendron tulipifera, ,3,3,18,18,1,0, ,3758350,280434
17,18,948,2018-04-16,0,Tulip Poplar, ,Liriodendron tulipifera, ,2,3,15,18,1,0, ,3758350,280444
18,19,949,2018-04-13,0,Tulip Poplar, ,Liriodendron tulipifera, ,4,4,22,22,1,0, ,3758360,280438
19,20,950,2018-04-16,0,Tulip Poplar, ,Liriodendron tulipifera, ,3,4,18,22,1,0, ,3758360,280448
20,21,952,2018-04-13,-99,Tulip Poplar, ,Liriodendron tulipifera, ,5,0,24,0,1,0, ,3758370,280441
21,22,953,2018-04-16,0,Tulip Poplar, ,Liriodendron tulipifera, ,4,4,21,22,1,0, ,3758370,280451
22,23,991,2018-02-12,0,Water Oak, ,Quercus nigra, ,45,48,73,81,1,0, ,3758830,280756
23,24,992,2018-02-16,0,American Hornbeam, ,Carpinus carolina, ,8,10,32,37,1,0, ,3758830,280731
24,25,998,2018-02-09,0,Overcup Oak, ,Quercus lyrata, ,30,30,74,76,1,0, ,3758830,280796
25,26,1002,2018-02-16,0,American Hornbeam, ,Carpinus carolina, ,6,9,32,37,1,0, ,3758830,280731
26,27,1005,2018-02-16,0,Ginkgo, ,Ginkgo biloba, ,8,10,30,33,1,0, ,3758840,280707
27,28,1013,2018-02-16,0,American Hornbeam, ,Carpinus carolina, ,5,8,24,31,1,0, ,3758840,280731
28,29,1017,2018-02-09,0,Willow Oak, ,Quercus phellos, ,28,31,77,86,1,0, ,3758840,280797
29,30,1019,2018-02-12,-99,Water Oak, ,Quercus nigra, ,31,0,77,0,1,0, ,3758840,280766
30,31,1198,2018-02-12,0,Overcup Oak, ,Quercus lyrata, ,21,22,41,43,1,0, ,3758650,280822
31,32,1199,2018-02-12,0,Overcup Oak, ,Quercus lyrata, ,21,22,58,64,1,0, ,3758650,280842
32,33,1200,2018-02-12,0,White Pine, ,Pinus strobus, ,22,23,76,85,1,0, ,3758730,280824
33,34,1201,2018-02-12,0,Water Oak, ,Quercus nigra, ,39,37,69,80,1,0,Decreased DBH,3758730,280811
34,35,1202,2018-02-16,0,River Birch, ,Betula nigra, ,4,9,24,38,1,0, ,3758740,280746
35,36,1203,2018-02-12,0,Overcup Oak, ,Quercus lyrata, ,31,31,78,85,1,0, ,3758740,280832
36,37,1205,2018-02-16,0,Sugar Maple, ,Acer saccharum, ,3,4,16,21,1,0, ,3758740,280705
37,38,1206,2018-02-16,0,River Birch, ,Betula nigra, ,5,7,28,32,1,0, ,3758740,280753
38,39,1207,2018-02-16,0,Willow Oak, ,Quercus phellos, ,23,25,55,58,1,0, ,3758740,280728
39,40,1208,2018-02-12,0,Water Oak, ,Quercus nigra, ,31,33,86,89,1,0, ,3758740,280818
40,41,1210,2018-02-16,0,American Hornbeam, ,Carpinus carolina, ,3,5,21,35,1,0, ,3758750,280732
41,42,1212,2018-02-12,0,Water Oak, ,Quercus nigra, ,27,28,82,85,1,0, ,3758750,280812
42,43,1213,2018-02-16,0,Sugar Maple, ,Acer saccharum, ,4,6,18,26,1,0, ,3758750,280706
43,44,1214,2018-02-16,0,Willow Oak, ,Quercus phellos, ,27,32,67,75,1,0, ,3758750,280728
44,45,1215,2018-02-16,0,American Hornbeam, ,Carpinus carolina, ,3,3,22,25,1,0, ,3758750,280733
45,46,1217,2018-02-12,0,Overcup Oak, ,Quercus lyrata, ,29,30,82,85,1,0, ,3758750,280812
46,47,1219,2018-02-16,0,American Hornbeam, ,Carpinus carolina, ,2,7,36,42,1,0, ,3758760,280733
47,48,1220,2018-02-12,0,Silver Maple, ,Acer saccharinum, ,11,13,48,55,1,0, ,3758760,280762
48,49,1221,2018-02-12,0,Southern Magnolia, ,Magnolia grandiflora, ,22,26,56,61,1,0, ,3758760,280793
49,50,1222,2018-02-12,0,Loblolly Pine, ,Pinus taeda, ,24,32,63,72,1,0, ,3758720,280839
50,51,1223,2018-02-12,0,Loblolly Pine, ,Pinus taeda, ,26,33,80,83,1,0, ,3758760,280829
51,52,1224,2018-02-16,0,Tulip Poplar, ,Liriodendron tulipifera, ,14,28,62,70,1,0, ,3758760,280723
52,53,1225,2018-02-12,0,Overcup Oak, ,Quercus lyrata, ,37,39,89,90,1,0, ,3758760,280816
53,54,1226,2018-02-16,0,American Hornbeam, ,Carpinus carolina, ,5,8,35,39,1,0, ,3758770,280733
54,55,1229,2018-02-12,0,Flowering Dogwood, ,Cornus florida, ,5,12,30,36,1,0, ,3758770,280823
55,56,1236,2018-02-12,0,Silver Maple, ,Acer saccharinum, ,12,21,45,49,1,0, ,3758770,280765
56,57,1240,2018-02-16,0,Tulip Poplar, ,Liriodendron tulipifera, ,18,22,55,58,1,0, ,3758780,280718
57,58,1241,2018-02-12,0,Southern Magnolia, ,Magnolia grandiflora, ,21,25,56,63,1,0, ,3758780,280776
58,59,1246,2018-02-16,0,Red Maple, ,Acer rubrum, ,9,14,24,35,1,0, ,3758790,280707
59,60,1247,2018-02-09,0,Overcup Oak, ,Quercus lyrata, ,39,41,85,87,1,0, ,3758790,280813
60,61,1249,2018-02-09,0,Overcup Oak, ,Quercus lyrata, ,29,32,78,81,1,0, ,3758790,280802
61,62,1251,2018-02-09,0,Flowering Dogwood, ,Cornus florida, ,2,11,16,24,1,0, ,3758790,280819
62,63,1253,2018-02-16,0,Red Maple, ,Acer rubrum, ,15,21,39,44,1,0, ,3758800,280707
63,64,1258,2018-02-12,-99,Loblolly Pine, ,Pinus taeda, ,29,0,63,0,1,0, ,3758800,280762
64,65,1261,2018-02-16,0,Saucer Magnolia, ,Magnolia x soulangiana, ,7,9,30,32,1,0, ,3758800,280723
65,66,1262,2018-02-09,-99,White Pine, ,Pinus strobus, ,16,0,45,0,1,0, ,3758800,280795
66,67,1263,2018-02-16,0,Saucer Magnolia, ,Magnolia x soulangiana, ,5,6,24,27,1,0, ,3758800,280718
67,68,1269,2018-02-09,-99,White Pine, ,Pinus strobus, ,19,0,51,0,1,0, ,3758800,280791
68,69,1274,2018-02-09,0,Loblolly Pine, ,Pinus taeda, ,18,26,66,82,1,0, ,3758810,280818
69,70,1275,2018-02-16,0,American Hornbeam, ,Carpinus carolina, ,6,13,45,50,1,0, ,3758810,280731
70,71,1277,2018-02-16,0,Red Maple, ,Acer rubrum, ,18,23,40,45,1,0, ,3758820,280707
71,72,1280,2018-02-16,0,Saucer Magnolia, ,Magnolia x soulangiana, ,3,9,28,35,1,0, ,3758820,280723
72,73,1282,2018-02-12,0,Foster's Holly, ,Ilex x attenuata 'Fosteri', ,10,12,33,39,1,0, ,3758820,280772
73,74,1283,2018-02-12,0,Foster's Holly, ,Ilex x attenuata 'Fosteri', ,10,13,43,50,1,0, ,3758820,280770
74,75,1284,2018-02-09,0,Overcup Oak, ,Quercus lyrata, ,34,36,76,81,1,0, ,3758820,280791
75,76,1287,2018-02-16,0,Red Maple, ,Acer rubrum, ,14,17,37,40,1,0, ,3758820,280707
76,77,1289,2018-02-16,0,American Hornbeam, ,Carpinus carolina, ,3,6,31,34,1,0, ,3758820,280731
77,78,1295,2018-02-12,0,Loblolly Pine, ,Pinus taeda, ,18,24,78,84,1,0, ,3758840,280756
78,79,1296,2018-02-16,0,American Hornbeam, ,Carpinus carolina, ,8,10,32,35,1,0, ,3758850,280731
79,80,1304,2018-02-16,0,Ginkgo, ,Ginkgo biloba, ,12,13,41,44,1,0, ,3758850,280708
80,81,1306,2018-02-09,-99,Willow Oak, ,Quercus phellos, ,39,0,81,0,1,0, ,3758850,280798
81,82,1309,2018-02-16,0,Southern Magnolia, ,Magnolia grandiflora, ,13,19,46,49,1,0, ,3758850,280733
82,83,1310,2018-02-12,0,Southern Magnolia, ,Magnolia grandiflora, ,14,19,45,51,1,0, ,3758850,280752
83,84,1322,2018-02-16,0,Ginkgo, ,Ginkgo biloba, ,8,12,27,37,1,0, ,3758860,280722
84,85,1323,2018-02-16,0,Southern Magnolia, ,Magnolia grandiflora, ,6,11,17,35,1,0, ,3758860,280734
85,86,1366,2018-02-09,0,Chinese Elm, ,Ulmus parviflora, ,7,9,26,29,1,0, ,3758970,280791
86,87,1413,2018-02-21,0,White Mulberry, ,Morus alba, ,7,10,37,46,1,0, ,3759050,280479
87,88,1414,2018-02-21,0,Virginia Pine, ,Pinus virginiana, ,12,15,63,71,1,0, ,3759060,280486
88,89,1415,2018-02-21,-99,Virginia Pine, ,Pinus virginiana, ,10,0,21,0,1,0, ,3759060,280479
89,90,1416,2018-02-21,0,Virginia Pine, ,Pinus virginiana, ,8,10,39,49,1,0, ,3759060,280483
90,91,1417,,0,Redbud, ,Cercis canadensis, ,1,0,10,0,1,0, ,3759050,280525
91,92,1418,,0,Redbud, ,Cercis canadensis, ,2,0,10,0,1,0, ,3759050,280531
92,93,1420,2018-02-19,-99,White Oak, ,Quercus alba, ,20,0,65,0,1,0,Decreased DBH,3759050,280536
93,94,1421,2018-02-21,0,Sweetgum, ,Liquidambar styraciflua, ,12,15,62,68,1,0, ,3759060,280480
94,95,1422,2018-02-21,0,Sweetgum, ,Liquidambar styraciflua, ,3,5,33,41,1,0, ,3759060,280483
95,96,1423,2018-02-21,0,Sweetgum, ,Liquidambar styraciflua, ,3,6,33,36,1,0, ,3759060,280481
96,97,1424,2018-02-09,0,Chinese Elm, ,Ulmus parviflora, ,8,10,34,38,1,0, ,3758990,280790
97,98,1425,2018-02-21,0,Sweetgum, ,Liquidambar styraciflua, ,7,10,41,45,1,0, ,3759060,280481
98,99,1426,2018-02-21,0,Sweetgum, ,Liquidambar styraciflua, ,4,6,32,36,1,0, ,3759060,280485
99,100,1427,2018-02-21,0,Virginia Pine, ,Pinus virginiana, ,6,9,38,42,1,0, ,3759060,280483
100,101,1428,2018-02-19,0,White Oak, ,Quercus alba, ,18,19,84,86,1,0, ,3759060,280521
101,102,1429,2018-02-21,0,American Elm, ,Ulmus americana, ,7,9,35,39,1,0, ,3759060,280485
102,103,1430,2018-02-21,0,Sweetgum, ,Liquidambar styraciflua, ,9,12,38,43,1,0, ,3759060,280483
103,104,1431,2018-02-21,0,Virginia Pine, ,Pinus virginiana, ,10,13,56,67,1,0, ,3759060,280486
104,105,1432,2018-02-21,0,Sweetgum, ,Liquidambar styraciflua, ,2,3,13,17,1,0, ,3759060,280488
105,106,1433,2018-02-19,0,White Oak, ,Quercus alba, ,43,44,108,110,1,0, ,3759060,280503
106,107,1434,2018-02-21,0,Water Oak, ,Quercus nigra, ,8,11,44,52,1,0, ,3759060,280493
107,108,1453,2018-02-09,0,Northern Red Oak, ,Quercus rubra, ,38,43,60,64,1,0, ,3759330,280657
108,109,1454,2018-02-05,0,Pin Oak, ,Quercus palustris, ,24,27,57,60,1,0, ,3759320,280792
109,110,1455,2018-01-29,0,Water Oak, ,Quercus nigra, ,24,28,57,61,1,0, ,3759330,280371
110,111,1456,2018-01-29,-99,Japanese Black Pine, ,Pinus thunbergiana, ,5,0,15,0,1,0, ,3759330,280580
111,112,1457,2018-02-09,0,Cherry Laurel, ,Prunus caroliniana, ,10,17,34,38,1,0, ,3759330,280667
112,113,1458,2018-01-29,-99,Japanese Black Pine, ,Pinus thunbergiana, ,8,0,16,0,1,0, ,3759330,280580
113,114,1459,2018-02-09,0,Southern Magnolia, ,Magnolia grandiflora, ,11,24,56,62,1,0, ,3759330,280650
114,115,1460,2018-02-02,0,Overcup Oak, ,Quercus lyrata, ,13,18,31,38,1,0, ,3759320,280844
115,116,1461,2018-02-09,-99,Crape Myrtle, ,Lagerstroemia x, ,3,0,23,0,1,0, ,3759330,280673
116,117,1462,2018-02-05,-99,Overcup Oak, ,Quercus lyrata, ,29,0,69,0,1,0, ,3759330,280757
117,118,1463,2018-02-05,0,East Palatka Holly, ,Ilex x attenuata 'East Palatka', ,10,13,37,47,1,0, ,3759330,280816
118,119,1464,2018-01-29,-99,Japanese Black Pine, ,Pinus thunbergiana, ,5,0,15,0,1,0, ,3759330,280580
119,120,1465,2018-02-09,0,Crape Myrtle, ,Lagerstroemia x, ,5,9,24,28,1,0, ,3759330,280671
120,121,1467,,0,White Oak, ,Quercus alba, ,1,0,11,0,1,0, ,3759060,280502
121,122,1468,2018-02-21,0,Water Oak, ,Quercus nigra, ,4,4,30,32,1,0, ,3759060,280503
122,123,1469,,0,White Oak, ,Quercus alba, ,2,0,23,0,1,0, ,3759060,280502
123,124,1470,2018-02-21,0,White Mulberry, ,Morus alba, ,2,3,19,20,1,0, ,3759060,280508
124,125,1709,2018-02-19,0,White Oak, ,Quercus alba, ,16,17,71,75,1,0, ,3759060,280538
125,126,1710,2018-02-19,0,Southern Red Oak, ,Quercus falcata, ,16,17,64,66,1,0, ,3759060,280518
126,127,1711,2018-02-19,0,Scarlet Oak, ,Quercus coccinea, ,27,28,101,103,1,0, ,3759060,280513
127,128,1712,2018-02-19,0,White Oak, ,Quercus alba, ,8,11,58,64,1,0, ,3759060,280534
128,129,1713,2018-02-21,0,White Oak, ,Quercus alba, ,5,6,38,41,1,0, ,3759060,280497
129,130,1714,2018-02-21,0,White Oak, ,Quercus alba, ,3,4,19,21,1,0, ,3759060,280494
130,131,1717,2018-02-21,0,White Oak, ,Quercus alba, ,2,2,15,17,1,0, ,3759060,280494
131,132,1718,2018-02-21,0,Winged Elm, ,Ulmus alata, ,4,6,32,36,1,0, ,3759060,280499
132,133,1719,2018-02-19,0,White Oak, ,Quercus alba, ,16,17,72,75,1,0, ,3759060,280515
133,134,1720,2018-02-21,0,Water Oak, ,Quercus nigra, ,2,2,13,15,1,0, ,3759060,280499
134,135,1721,2018-02-19,0,White Oak, ,Quercus alba, ,17,17,73,75,1,0, ,3759060,280537
135,136,1722,2018-02-21,0,Water Oak, ,Quercus nigra, ,1,2,14,17,1,0, ,3759060,280496
136,137,1723,2018-02-21,0,White Oak, ,Quercus alba, ,1,3,13,21,1,0, ,3759060,280496
137,138,1724,2018-02-21,0,WaterOak, ,Quercus nigra, ,2,3,17,20,1,0, ,3759060,280498
138,139,1725,2018-02-21,0,Water Oak, ,Quercus nigra, ,4,5,22,24,1,0, ,3759060,280502
139,140,1726,2018-02-21,0,White Oak, ,Quercus alba, ,1,3,14,19,1,0, ,3759060,280499
140,141,1727,2018-02-21,0,Water Oak, ,Quercus nigra, ,3,3,22,24,1,0, ,3759060,280503
141,142,1728,2018-02-19,0,White Oak, ,Quercus alba, ,9,10,53,56,1,0, ,3759060,280521
142,143,1730,2018-02-21,0,Eastern Red Cedar, ,Juniperus virginiana, ,3,4,20,29,1,0, ,3759060,280502
143,144,1731,2018-02-21,0,White Mulberry, ,Morus alba, ,2,4,23,31,1,0, ,3759060,280499
144,145,1732,2018-02-21,0,Black Cherry, ,Prunus serotina, ,6,8,39,41,1,0, ,3759060,280500
145,146,1733,2018-02-19,0,White Oak, ,Quercus alba, ,11,13,61,65,1,0, ,3759060,280518
146,147,1734,,0,White Oak, ,Quercus alba, ,1,0,12,0,1,0, ,3759060,280502
147,148,1737,2018-02-21,0,Flowering Dogwood, ,Cornus florida, ,3,4,19,23,1,0, ,3759060,280507
148,149,1738,2018-02-21,0,Water Oak, ,Quercus nigra, ,3,3,27,28,1,0, ,3759060,280504
149,150,1739,2018-02-09,-99,Vitex, ,Vitex agnus-castus, ,3,0,15,0,1,0, ,3759310,280610
150,151,1740,2018-02-09,0,Vitex, ,Vitex agnus-castus, ,3,4,19,21,1,0, ,3759310,280606
151,152,1741,2018-02-09,-99,Japanese Pagodatree, ,Sophora japonica, ,17,0,35,0,1,0, ,3759310,280676
152,153,1744,2018-02-05,0,Burford Holly, ,Ilex cornuta, ,2,3,12,18,1,0, ,3759310,280792
153,154,1745,2018-02-09,-99,Cherry Laurel, ,Prunus caroliniana, ,6,0,28,0,1,0, ,3759320,280653
154,155,1751,2018-02-09,0,Overcup Oak, ,Quercus lyrata, ,24,28,53,61,1,0, ,3759320,280630
155,156,1753,2018-02-02,0,Overcup Oak, ,Quercus lyrata, ,14,19,31,43,1,0, ,3759310,280846
156,157,1754,2018-02-09,-99,Burford Holly, ,Ilex cornuta, ,4,0,25,0,1,0, ,3759320,280674
157,158,1755,2018-02-09,-99,Cherry Laurel, ,Prunus caroliniana, ,9,0,26,0,1,0, ,3759320,280657
158,159,1756,2018-02-05,0,Overcup Oak, ,Quercus lyrata, ,25,34,63,71,1,0, ,3759320,280687
159,160,1757,2018-02-05,0,Pin Oak, ,Quercus palustris, ,23,26,64,70,1,0, ,3759310,280788
160,161,1758,2018-02-09,-99,Burford Holly, ,Ilex cornuta, ,3,0,21,0,1,0, ,3759320,280673
161,162,1760,2018-01-29,0,Virginia Pine, ,Pinus virginiana, ,20,26,38,49,1,0, ,3759320,280580
162,163,1761,2018-02-05,0,Burford Holly, ,Ilex cornuta, ,4,8,13,23,1,0, ,3759320,280808
163,164,1762,2018-02-09,0,Crape Myrtle, ,Lagerstroemia x, ,3,8,29,32,1,0, ,3759320,280651
164,165,1763,2018-02-09,-99,Burford Holly, ,Ilex cornuta, ,3,0,24,0,1,0, ,3759320,280670
165,166,1764,2018-02-09,0,Overcup Oak, ,Quercus lyrata, ,35,37,64,69,1,0, ,3759320,280613
166,167,1765,2018-02-09,0,Ligustrum, ,Ligustrum japonicum, ,6,8,25,34,1,0, ,3759320,280667
167,168,1767,2018-02-09,-99,Burford Holly, ,Ilex cornuta, ,5,0,25,0,1,0, ,3759320,280674
168,169,1768,2018-02-05,0,Burford Holly, ,Ilex cornuta, ,5,7,12,21,1,0, ,3759320,280814
169,170,1770,2018-02-19,0,Pignut Hickory, ,Carya glabra, ,2,3,17,20,1,0, ,3759060,280517
170,171,1771,2018-02-21,0,White Mulberry, ,Morus alba, ,2,2,19,20,1,0, ,3759070,280503
171,172,1772,2018-02-19,-99,Pignut Hickory, ,Carya tomentosa, ,5,0,39,0,1,0, ,3759060,280547
172,173,1775,2018-02-21,0,Eastern Red Cedar, ,Juniperus virginiana, ,2,2,21,22,1,0, ,3759070,280506
173,174,1776,2018-02-19,-99,White Oak, ,Quercus alba, ,6,0,61,0,1,0, ,3759070,280530
174,175,1777,2018-02-19,0,White Oak, ,Quercus alba, ,17,18,76,80,1,0, ,3759070,280532
175,176,1778,2018-02-21,0,American Elm, ,Ulmus americana, ,4,6,28,34,1,0, ,3759070,280506
176,177,1779,2018-02-19,-99,White Oak, ,Quercus alba, ,8,0,79,0,1,0, ,3759070,280525
177,178,1780,2018-02-19,-99,Winged Elm, ,Ulmus alata, ,10,0,53,0,1,0, ,3759070,280542
178,179,1782,2018-02-19,-99,Southern Magnolia, ,Magnolia grandiflora, ,1,0,2,0,1,0, ,3759070,280521
179,180,1783,2018-02-21,0,Winged Elm, ,Ulmus alata, ,4,6,26,31,1,0, ,3759070,280513
180,181,1784,2018-02-21,0,Winged Elm, ,Ulmus alata, ,2,3,15,19,1,0, ,3759070,280511
181,182,1785,2018-02-21,0,Winged Elm, ,Ulmus alata, ,2,2,16,19,1,0, ,3759070,280511
182,183,1786,2018-02-19,0,White Oak, ,Quercus alba, ,10,12,53,55,1,0, ,3759070,280528
183,184,1787,2018-02-19,-99,Black Oak, ,Quercus velutina, ,22,0,88,0,1,0, ,3759070,280546
184,185,1788,2018-02-19,0,Eastern Red Cedar, ,Juniperus virginiana, ,2,3,13,20,1,0, ,3759070,280513
185,186,1789,2018-02-19,0,White Oak, ,Quercus alba, ,9,11,54,56,1,0, ,3759070,280543
186,187,1790,2018-02-19,0,White Oak, ,Quercus alba, ,21,21,81,84,1,0, ,3759070,280519
187,188,1792,2018-02-19,0,White Oak, ,Quercus alba, ,2,3,17,20,1,0, ,3759070,280515
188,189,1795,2018-02-19,0,White Oak, ,Quercus alba, ,15,17,58,63,1,0, ,3759070,280542
189,190,1796,2018-02-19,0,White Oak, ,Quercus alba, ,2,3,15,18,1,0, ,3759070,280516
190,191,1797,2018-02-19,-99,Water Oak, ,Quercus nigra, ,19,0,58,0,1,0, ,3759070,280525
191,192,1798,2018-02-19,0,White Mulberry, ,Morus alba, ,2,3,17,20,1,0, ,3759070,280521
192,193,1799,2018-02-19,-99,White Oak, ,Quercus alba, ,3,0,21,0,1,0, ,3759070,280531
193,194,1800,2018-02-19,0,White Oak, ,Quercus alba, ,4,4,23,27,1,0, ,3759070,280516
194,195,1801,2018-02-09,0,Chinese Elm, ,Ulmus parviflora, ,8,12,30,41,1,0, ,3759070,280784
195,196,1802,2018-02-19,0,White Oak, ,Quercus alba, ,2,3,20,22,1,0, ,3759070,280518
196,197,1803,2018-02-19,0,Pignut Hickory, ,Carya glabra, ,7,9,45,52,1,0, ,3759070,280528
197,198,1804,2018-02-19,0,American Elm, ,Ulmus americana, ,3,4,14,22,1,0, ,3759070,280522
198,199,1805,2018-02-19,0,White Mulberry, ,Morus alba, ,3,3,23,23,1,0, ,3759080,280524
199,200,1807,2018-02-19,0,Cherry Laurel, ,Prunus caroliniana, ,2,2,14,14,1,0, ,3759080,280525
200,201,1809,2018-02-19,0,Pignut Hickory, ,Carya glabra, ,8,10,34,45,1,0, ,3759080,280541
201,202,1810,2018-02-19,-99,White Oak, ,Quercus alba, ,1,0,10,0,1,0, ,3759080,280523
202,203,1811,2018-02-19,-99,American Elm, ,Ulmus amaricana, ,7,0,33,0,1,0, ,3759080,280525
203,204,1812,2018-02-19,0,Pignut Hickory, ,Carya glabra, ,10,12,47,55,1,0, ,3759080,280543
204,205,1813,2018-02-19,-99,White Oak, ,Quercus alba, ,23,0,83,0,1,0, ,3759080,280548
205,206,1814,2018-01-22,0,Swamp Laurel Oak, ,Quercus laurifolia, ,29,32,63,79,1,0, ,3759470,280824
206,207,1815,2017-11-17,0,October Glory Red Maple, ,Acer rubrum, ,5,7,24,26,0,0, ,3759480,280499
207,208,1816,2017-11-17,0,October Glory Red Maple, ,Acer rubrum, ,5,7,25,27,0,0, ,3759480,280491
208,209,1817,2017-11-17,0,October Glory Red Maple, ,Acer rubrum, ,5,8,25,27,0,0, ,3759480,280483
209,210,1819,2017-11-15,0,Deodar Cedar, ,Cedrus deodara, ,9,10,35,35,0,0, ,3759480,280574
210,211,1820,2017-11-15,0,Black Oak, ,Quercus velutina, ,5,14,29,52,1,0, ,3759480,280601
211,212,1821,2017-11-15,0,Black Oak, ,Quercus velutina, ,3,10,19,33,1,0, ,3759480,280613
212,213,1822,2017-11-16,0,Deodar Cedar, ,Cedrus deodara, ,4,13,24,46,0,0, ,3759480,280554
213,214,1823,2017-11-16,0,October Glory Red Maple, ,Acer rubrum, ,5,10,27,34,0,0, ,3759490,280433
214,215,1824,2017-11-16,0,October Glory Red Maple, ,Acer rubrum, ,5,9,27,34,0,0, ,3759490,280426
215,216,1825,2017-11-16,0,October Glory Red Maple, ,Acer rubrum, ,5,8,26,32,0,0, ,3759490,280418
216,217,1827,2017-11-16,0,Water Oak, ,Quercus nigra, ,41,43,69,64,1,0, ,3759490,280451
217,218,1828,2017-11-16,-99,Virginia Pine, ,Pinus virginiana, ,3,0,11,0,1,0, ,3759490,280493
218,219,1830,,0,October Glory Red Maple, ,Acer rubrum, ,5,0,26,0,1,0, ,3759480,280759
219,220,1832,,0,October Glory Red Maple, ,Acer rubrum, ,4,0,26,0,1,0, ,3759480,280767
220,221,1833,2018-02-05,0,Eastern Red Cedar, ,Juniperus virginiana, ,29,33,58,65,1,0, ,3759340,280755
221,222,1834,2018-01-29,0,Overcup Oak, ,Quercus lyrata, ,4,11,18,31,1,0, ,3759350,280376
222,223,1836,2018-01-29,0,Blackgum, ,Nyssa sylvatica, ,3,5,12,19,1,0, ,3759350,280380
223,224,1837,2018-02-05,0,Sugar Maple, ,Acer saccharum, ,14,19,42,53,1,0, ,3759340,280810
224,225,1838,2018-02-05,0,Burford Holly, ,Ilex cornuta, ,3,4,11,20,1,0, ,3759340,280779
225,226,1840,2018-02-05,0,Sugar Maple, ,Acer saccharum, ,17,18,54,61,1,0, ,3759340,280789
226,227,1841,2018-02-05,0,Burford Holly, ,Ilex cornuta, ,2,3,10,16,1,0, ,3759340,280783
227,228,1844,2018-02-05,0,Sugar Maple, ,Acer saccharum, ,13,17,54,60,1,0, ,3759340,280795
228,229,1845,2018-02-05,0,Pin Oak, ,Quercus palustris, ,7,10,25,29,1,0, ,3759350,280694
229,230,1846,2018-01-26,0,Japanese Maple, ,Acer palmatum, ,2,4,11,13,1,0, ,3759350,280441
230,231,1847,2018-02-05,-99,Crape Myrtle, ,Lagerstroemia x, ,2,0,19,0,1,0, ,3759340,280747
231,232,1848,2018-02-05,-99,Sugar Maple, ,Acer saccharum, ,17,0,40,0,1,0, ,3759340,280805
232,233,1849,2018-01-29,0,Blackgum, ,Nyssa sylvatica, ,3,5,11,19,1,0, ,3759360,280377
233,234,1850,2018-02-05,0,Japanese Privet, ,Ligustrum japonicum, ,2,2,11,11,1,0, ,3759340,280787
234,235,1853,2018-02-23,0,American Elm, ,Ulmus americana, ,13,15,65,67,1,0, ,3759090,280529
235,236,1855,2018-02-23,0,White Mulberry, ,Morus alba, ,4,5,30,39,1,0, ,3759090,280531
236,237,1856,2018-02-23,0,White Oak, ,Quercus alba, ,34,36,89,91,1,0, ,3759090,280546
237,238,1857,2018-02-23,0,Pignut Hickory, ,Carya glabra, ,11,11,55,56,1,0, ,3759090,280536
238,239,1908,2018-02-05,0,Red Maple, ,Acer rubrum, ,4,13,25,41,1,0, ,3759150,280800
239,240,1925,2018-02-05,-99,Crape Myrtle, ,Lagerstroemia x, ,1,0,9,0,1,0, ,3759190,280807
240,241,1926,2018-02-05,-99,Crape Myrtle, ,Lagerstroemia x, ,1,0,9,0,1,0, ,3759200,280805
241,242,1927,2018-02-05,-99,Crape Myrtle, ,Lagerstroemia x, ,1,0,9,0,1,0, ,3759200,280802
242,243,1928,2018-02-05,-99,Swamp Chestnut Oak, ,Quercus michauxii, ,17,0,39,0,1,0, ,3759200,280819
243,244,1934,2018-05-05,-99,Southern Magnolia, ,Magnolia grandiflora, ,10,0,40,0,1,0, ,3759210,280578
244,245,1935,2018-02-05,-99,Crape Myrtle, ,Lagerstroemia  x, ,2,0,17,0,1,0, ,3759200,280781
245,246,1936,2018-02-05,-99,Crape Myrtle, ,Lagerstroemia  x, ,2,0,18,0,1,0, ,3759210,280777
246,247,1938,2018-02-05,-99,Crape Myrtle, ,Lagerstroemia  x, ,2,0,17,0,1,0, ,3759210,280773
247,248,1939,2018-02-05,-99,Crape Myrtle, ,Lagerstroemia  x, ,2,0,17,0,1,0, ,3759210,280769
248,249,1942,2018-02-05,-99,Crape Myrtle, ,Lagerstroemia  x, ,2,0,18,0,1,0, ,3759210,280765
249,250,1945,2018-02-05,-99,Crape Myrtle, ,Lagerstroemia  x, ,2,0,17,0,1,0, ,3759210,280761
250,251,1946,2018-05-05,-99,Water Oak, ,Quercus nigra, ,35,0,89,0,1,0, ,3759220,280557
251,252,1947,2018-05-05,0,Water Oak, ,Quercus nigra, ,29,31,88,90,1,0, ,3759220,280559
252,253,1948,2018-05-05,0,Southern Magnolia, ,Magnolia grandiflora, ,13,15,42,46,1,0, ,3759220,280579
253,254,1950,,0,Loblolly Pine, ,Pinus taeda, ,19,0,62,0,1,0, ,3759210,280795
254,255,1952,2018-02-05,-99,Crape Myrtle, ,Lagerstroemia  x, ,2,0,17,0,1,0, ,3759220,280756
255,256,1953,2018-05-05,0,Water Oak, ,Quercus nigra, ,26,29,91,94,1,0, ,3759220,280551
256,257,1955,2018-05-05,0,Water Oak, ,Quercus nigra, ,11,13,76,78,1,0, ,3759220,280559
257,258,1956,2018-05-05,0,Water Oak, ,Quercus nigra, ,31,32,90,92,1,0, ,3759220,280560
258,259,1957,2018-02-05,-99,Crape Myrtle, ,Lagerstroemia  x, ,2,0,17,0,1,0, ,3759220,280752
259,260,1958,2018-02-02,-99,Water Oak, ,Quercus nigra, ,40,0,62,0,1,0, ,3759230,280337
260,261,1959,2018-05-05,0,Water Oak, ,Quercus nigra, ,28,30,78,83,1,0, ,3759230,280550
261,262,1960,,0,Winged Elm, ,Ulmus alata, ,18,0,57,0,1,0, ,3759220,280792
262,263,1961,2018-05-05,0,Water Oak, ,Quercus nigra, ,21,24,88,91,1,0, ,3759230,280556
263,264,1962,2018-02-05,-99,Loblolly Pine, ,Pinus taeda, ,16,0,48,0,1,0, ,3759220,280796
264,265,1963,2018-02-05,-99,Crape Myrtle, ,Lagerstroemia  x, ,2,0,17,0,1,0, ,3759220,280748
265,266,1964,2018-05-05,0,Southern Magnolia, ,Magnolia grandiflora, ,5,7,20,26,1,0, ,3759230,280580
266,267,1965,2018-02-05,-99,Crape Myrtle, ,Lagerstroemia x, ,1,0,8,0,1,0, ,3759220,280787
267,268,1966,2018-02-05,-99,Crape Myrtle, ,Lagerstroemia  x, ,2,0,18,0,1,0, ,3759220,280744
268,269,1968,2018-05-05,0,Southern Magnolia, ,Magnolia grandiflora, ,5,6,16,20,1,0, ,3759230,280582
269,270,1969,2018-02-05,-99,Crape Myrtle, ,Lagerstroemia x, ,1,0,8,0,1,0, ,3759220,280784
270,271,1970,2018-02-05,-99,Loblolly Pine, ,Pinus taeda, ,16,0,49,0,1,0, ,3759220,280796
271,272,1971,2018-02-05,-99,Crape Myrtle, ,Lagerstroemia  x, ,2,0,17,0,1,0, ,3759220,280740
272,273,1973,2018-05-05,0,Southern Magnolia, ,Magnolia grandiflora, ,11,14,45,51,1,0, ,3759230,280564
273,274,1974,2018-02-05,-99,Crape Myrtle, ,Lagerstroemia x, ,1,0,8,0,1,0, ,3759220,280787
274,275,1976,2018-02-05,-99,Crape Myrtle, ,Lagerstroemia  x, ,2,0,17,0,1,0, ,3759230,280737
275,276,1978,2018-02-05,-99,Crape Myrtle, ,Lagerstroemia  x, ,2,0,18,0,1,0, ,3759230,280733
276,277,1980,2018-02-05,-99,Winged Elm, ,Ulmus alata, ,15,0,58,0,1,0, ,3759230,280793
277,278,1982,2018-01-31,0,PIn Oak, ,Quercus palustris, ,29,33,59,63,1,0, ,3759240,280577
278,279,1986,2018-02-05,-99,Crape Myrtle, ,Lagerstroemia  x, ,2,0,17,0,1,0, ,3759230,280729
279,280,1987,2018-02-05,-99,Crape Myrtle, ,Lagerstroemia  x, ,2,0,18,0,1,0, ,3759230,280729
280,281,1989,2018-02-05,-99,Red Maple, ,Acer rubrum, ,2,0,16,0,1,0, ,3759230,280781
281,282,1993,2018-02-05,-99,Loblolly Pine, ,Pinus taeda, ,21,0,65,0,1,0, ,3759230,280802
282,283,1997,2018-02-05,-99,Crape Myrtle, ,Lagerstroemia  x, ,2,0,17,0,1,0, ,3759240,280725
283,284,2001,2018-02-05,-99,Loblolly Pine, ,Pinus taeda, ,16,0,63,0,1,0, ,3759240,280798
284,285,2005,2018-02-05,-99,Loblolly Pine, ,Pinus taeda, ,20,0,70,0,1,0, ,3759240,280797
285,286,2008,2018-02-05,-99,Loblolly Pine, ,Pinus taeda, ,15,0,60,0,1,0, ,3759240,280799
286,287,2017,2018-02-05,-99,American Hornbeam, ,Carpinus carolina, ,7,0,23,0,1,0, ,3759250,280750
287,288,2020,2018-02-02,-99,Loblolly Pine, ,Pinus taeda, ,18,0,72,0,1,0, ,3759240,280807
288,289,2024,2018-02-05,0,Tulip Poplar, ,Liriodendron tulipifera, ,7,11,39,45,1,0, ,3759250,280760
289,290,2026,2018-02-02,-99,Loblolly Pine, ,Pinus taeda, ,16,0,76,0,1,0, ,3759250,280810
290,291,2027,2018-02-02,-99,Loblolly Pine, ,Pinus taeda, ,18,0,78,0,1,0, ,3759250,280804
291,292,2031,2018-02-05,-99,American Hornbeam, ,Carpinus carolina, ,6,0,24,0,1,0, ,3759250,280745
292,293,2032,2018-02-02,-99,Fragrant Tea Olive, ,Osmanthus fragrans, ,3,0,26,0,1,0, ,3759250,280805
293,294,2033,2018-02-02,-99,Loblolly Pine, ,Pinus taeda, ,17,0,73,0,1,0, ,3759250,280809
294,295,2035,2018-02-02,-99,Loblolly Pine, ,Pinus taeda, ,17,0,62,0,1,0, ,3759250,280807
295,296,2036,2018-02-02,-99,Loblolly Pine, ,Pinus taeda, ,17,0,68,0,1,0, ,3759250,280814
296,297,2038,2018-02-02,-99,White Mulberry, ,Morus alba, ,10,0,42,0,1,0, ,3759250,280806
297,298,2039,2018-02-02,-99,White Mulberry, ,Morus alba, ,8,0,45,0,1,0, ,3759250,280815
298,299,2040,2018-01-29,0,Willow Oak, ,Quercus phellos, ,27,30,41,56,1,0, ,3759260,280582
299,300,2043,2018-02-02,-99,Loblolly Pine, ,Pinus taeda, ,27,0,62,0,1,0, ,3759260,280823
300,301,2045,2018-02-05,0,Tulip Poplar, ,Liriodendron tulipifera, ,5,9,34,43,1,0, ,3759260,280759
301,302,2048,2018-02-05,0,Tulip Poplar, ,Liriodendron tulipifera, ,8,14,46,53,1,0, ,3759260,280753
302,303,2051,2018-02-05,0,Northern Red Oak, ,Quercus rubra, ,24,26,61,68,1,0, ,3759270,280638
303,304,2054,2018-02-05,-99,Crapemyrtle, ,Lagerstroemia x, ,3,0,17,0,1,0, ,3759270,280622
304,305,2055,2018-02-05,-99,Crapemyrtle, ,Lagerstroemia x, ,3,0,17,0,1,0, ,3759270,280618
305,306,2058,2018-02-05,0,European Hornbeam, ,Carpinus betulus, ,3,4,21,30,1,0, ,3759270,280707
306,307,2060,2018-02-05,0,Burford Holly, ,Ilex cornuta, ,3,4,25,26,1,0, ,3759270,280685
307,308,2061,2018-02-05,0,Burford Holly, ,Ilex cornuta, ,3,4,26,27,1,0, ,3759280,280687
308,309,2062,2018-02-05,0,Burford Holly, ,Ilex cornuta, ,5,6,26,27,1,0, ,3759280,280685
309,310,2063,2018-02-05,0,Water Oak, ,Quercus nigra, ,42,43,71,77,1,0, ,3759280,280717
310,311,2064,2018-02-05,0,Overcup Oak, ,Quercus lyrata, ,18,24,61,63,1,0, ,3759280,280697
311,312,2065,2018-02-05,0,Japanese Pagodatree, ,Sophora japonica, ,7,26,45,51,1,0, ,3759280,280684
312,313,2067,2018-02-05,0,Sawtooth Oak, ,Quercus acutissima, ,24,25,50,52,1,0, ,3759280,280743
313,314,2068,2018-02-05,0,European Hornbeam, ,Carpinus betulus, ,5,9,32,40,1,0, ,3759280,280754
314,315,2069,2018-02-09,-99,Burford Holly, ,Ilex cornuta, ,7,0,16,0,1,0, ,3759290,280622
315,316,2070,2018-02-05,0,Nellie R. Stevens Holly, ,Ilex x 'Nellie R. Stevens', ,4,9,21,27,1,0, ,3759290,280756
316,317,2071,2018-01-29,0,River Birch, ,Betula nigra, ,19,26,46,61,1,0, ,3759300,280576
317,318,2072,2018-02-05,0,Overcup Oak, ,Quercus lyrata, ,27,39,75,88,1,0, ,3759300,280693
318,319,2073,,0,Leyland Cypress, ,X Cupressocyparis leylandii, ,6,0,28,0,1,0, ,3759300,280620
319,320,2074,2018-02-05,0,Burford Holly, ,Ilex cornuta, ,3,5,15,22,1,0, ,3759290,280773
320,321,2075,2018-02-09,-99,Leyland Cypress, ,X Cupressocyparis leylandii, ,5,0,30,0,1,0, ,3759300,280612
321,322,2076,2018-02-09,0,Leyland Cypress, ,X Cupressocyparis leylandii, ,14,28,44,51,1,0, ,3759300,280617
322,323,2077,2018-02-05,0,Shumard Oak, ,Quercus shumardii, ,4,10,20,35,1,0, ,3759300,280764
323,324,2078,2018-02-09,0,Crape Myrtle, ,Lagerstroemia x, ,5,6,27,28,1,0, ,3759300,280613
324,325,2079,2018-02-02,0,Overcup Oak, ,Quercus lyrata, ,33,36,44,57,1,0, ,3759300,280846
325,326,2080,2018-02-05,0,Cherry Laurel, ,Prunus caroliniana, ,10,17,26,35,1,0, ,3759300,280799
326,327,2081,2018-02-09,0,Crape Myrtle, ,Lagerstroemia x, ,5,6,26,28,1,0, ,3759310,280617
327,328,2082,2018-02-09,0,Vitex, ,Vitex agnus-castus, ,3,4,15,19,1,0, ,3759310,280607
328,329,2083,2018-02-09,-99,Cherry Laurel, ,Prunus caroliniana, ,22,0,29,0,1,0, ,3759310,280630
329,330,2084,2018-02-09,0,Crape Myrtle, ,Lagerstroemia x, ,5,6,0,25,1,0, ,3759310,280620
330,331,2086,2018-02-05,0,White Oak, ,Quercus alba, ,15,20,41,48,1,0, ,3759330,280685
331,332,2087,2018-02-05,0,Sugar Maple, ,Acer saccharum, ,17,20,43,52,1,0, ,3759330,280812
332,333,2088,2018-01-29,-99,Japanese Black Pine, ,Pinus thunbergiana, ,8,0,19,0,1,0, ,3759330,280577
333,334,2089,2018-02-05,-99,Eastern Red Cedar, ,Juniperus virginiana, ,14,0,53,0,1,0, ,3759330,280763
334,335,2091,2018-02-09,0,Crape Myrtle, ,Lagerstroemia x, ,3,7,19,24,1,0, ,3759330,280677
335,336,2092,2018-01-29,-99,Japanese Black Pine, ,Pinus thunbergiana, ,6,0,22,0,1,0, ,3759340,280575
336,337,2093,2018-01-29,-99,Japanese Black Pine, ,Pinus thunbergiana, ,7,0,19,0,1,0, ,3759340,280578
337,338,2094,2018-02-05,-99,Overcup Oak, ,Quercus lyrata, ,28,0,54,0,1,0, ,3759330,280705
338,339,2095,2018-02-05,0,Burford Holly, ,Ilex cornuta, ,4,7,15,23,1,0, ,3759340,280710
339,340,2096,2018-02-05,0,Crape Myrtle, ,Lagerstroemia x, ,4,5,21,22,1,0, ,3759340,280696
340,341,2098,2018-02-05,0,Crape Myrtle, ,Lagerstroemia x, ,1,3,11,18,1,0, ,3759340,280699
341,342,2099,2018-02-05,0,Burford Holly, ,Ilex cornuta, ,9,11,17,24,1,0, ,3759340,280717
342,343,2100,2018-01-29,-99,Japanese Black Pine, ,Pinus thunbergiana, ,10,0,24,0,1,0, ,3759340,280575
343,344,2101,2018-01-29,0,Blackgum, ,Nyssa sylvatica, ,3,5,11,18,1,0, ,3759350,280373
344,345,2102,2018-02-05,0,Southern Red Oak, ,Quercus falcata, ,7,18,22,38,1,0, ,3759340,280726
345,346,2103,2018-01-26,0,Japanese Maple, ,Acer palmatum, ,2,3,7,13,1,0, ,3759350,280468
346,347,2105,2018-01-29,-99,Japanese Black Pine, ,Pinus thunbergiana, ,4,0,24,0,1,0, ,3759340,280570
347,348,2106,2018-02-05,-99,Flowering Crabapple, ,Malus spp., ,5,0,21,0,1,0, ,3759340,280703
348,349,2107,2018-02-09,-99,Willow Oak, ,Quercus phellos, ,21,0,46,0,1,0, ,3759340,280664
349,350,2109,2018-01-26,0,Japanese Maple, ,Acer palmatum, ,2,5,9,14,1,0, ,3759350,280457
350,351,2112,2018-02-02,0,Shumard Oak, ,Quercus shumardii, ,3,9,19,36,1,0, ,3759340,280841
351,352,2113,2018-02-05,-99,Cherry Laurel, ,Prunus caroliniana, ,11,0,29,0,1,0, ,3759340,280734
352,353,2114,2018-01-26,0,Sarah's Favorite Crapemyrtle, ,Lagerstroemia x, ,1,8,12,30,1,0, ,3759400,280554
353,354,2116,2018-01-24,0,Little Gem Magnolia, ,Magnolia grandiflora, ,2,6,9,15,1,0, ,3759400,280502
354,355,2118,2018-01-24,0,Flowering Dogwood, ,Cornus florida, ,3,8,14,20,1,0, ,3759400,280560
355,356,2119,2018-01-24,0,Sarah's Favorite Crapemyrtle, ,Lagerstroemia x, ,2,8,12,30,1,0, ,3759400,280549
356,357,2120,2018-01-26,0,Flowering Dogwood, ,Cornus florida, ,1,4,20,25,1,0, ,3759410,280387
357,358,2121,2017-11-17,0,October Glory Red Maple, ,Acer rubrum, ,4,7,24,27,0,0, ,3759470,280614
358,359,2122,2018-01-22,0,Swamp Laurel Oak, ,Quercus laurifolia, ,23,24,48,51,1,0, ,3759470,280794
359,360,2123,2017-11-17,0,October Glory Red Maple, ,Acer rubrum, ,5,8,29,30,0,0, ,3759470,280622
360,361,2124,2017-11-17,0,October Glory Red Maple, ,Acer rubrum, ,5,9,25,30,0,0, ,3759480,280528
361,362,2125,2017-11-17,0,October Glory Red Maple, ,Acer rubrum, ,5,11,26,30,0,0, ,3759480,280521
362,363,2126,2018-01-22,0,Swamp Laurel Oak, ,Quercus laurifolia, ,22,23,51,55,1,0, ,3759470,280809
363,364,2127,2017-11-17,0,October Glory Red Maple, ,Acer rubrum, ,5,11,25,29,0,0, ,3759480,280513
364,365,2128,2017-11-17,0,October Glory Red Maple, ,Acer rubrum, ,5,9,24,26,0,0, ,3759480,280639
365,366,2129,2017-11-17,0,October Glory Red Maple, ,Acer rubrum, ,5,10,26,29,0,0, ,3759480,280506
366,367,2130,2018-02-09,0,Pin Oak, ,Quercus palustris, ,23,28,39,45,1,0, ,3759350,280679
367,368,2131,2018-02-05,0,Sugar Maple, ,Acer saccharum, ,12,14,53,53,1,0, ,3759340,280800
368,369,2132,2018-01-26,0,Dawn Redwood, ,Metasequoia glyptostroboides, ,4,5,15,27,1,0, ,3759360,280465
369,370,2135,2018-02-05,0,Japanese Privet, ,Ligustrum japonicum, ,2,2,9,9,1,0, ,3759350,280789
370,371,2137,2018-01-26,0,Japanese Maple, ,Acer palmatum, ,3,5,9,15,1,0, ,3759360,280429
371,372,2138,2018-01-26,0,Dawn Redwood, ,Metasequoia glyptostroboides, ,4,6,18,29,1,0, ,3759360,280462
372,373,2139,2018-01-26,0,Dawn Redwood, ,Metasequoia glyptostroboides, ,4,6,18,28,1,0, ,3759360,280459
373,374,2141,2018-02-05,0,Crape Myrtle, ,Lagerstroemia x, ,6,11,24,30,1,0, ,3759350,280750
374,375,2142,2018-01-26,0,Willow Oak, ,Quercus phellos, ,4,6,21,30,1,0, ,3759360,280476
375,376,2144,2018-02-05,0,Crape Myrtle, ,Lagerstroemia x, ,4,6,19,25,1,0, ,3759350,280752
376,377,2145,2018-02-05,0,Crape Myrtle, ,Lagerstroemia x, ,4,5,16,22,1,0, ,3759350,280753
377,378,2146,2018-01-29,-99,Japanese Black Pine, ,Pinus thunbergiana, ,3,0,18,0,1,0, ,3759350,280569
378,379,2148,2018-02-05,0,Crape Myrtle, ,Lagerstroemia x, ,3,7,21,28,1,0, ,3759350,280749
379,380,2150,2018-02-05,0,Devilwood, ,Osmanthus americana, ,4,5,20,24,1,0, ,3759350,280764
380,381,2151,2018-01-22,-99,Flowering Crabapple, ,Malus spp., ,24,0,20,0,1,0,Not replaced with tree,3759360,280596
381,382,2153,2018-02-05,0,Burford Holly, ,Ilex cornuta, ,2,3,11,17,1,0, ,3759350,280806
382,383,2154,2018-01-29,-99,Japanese Black Pine, ,Pinus thunbergiana, ,3,0,14,0,1,0, ,3759360,280571
383,384,2155,2018-02-02,0,Burford Holly, ,Ilex cornuta, ,6,8,24,26,1,0, ,3759350,280827
384,385,2156,2018-02-05,0,Devilwood, ,Osmanthus americana, ,2,4,10,19,1,0, ,3759350,280768
385,386,2157,2018-02-02,0,Shumard Oak, ,Quercus shumardii, ,29,32,68,75,1,0, ,3759350,280839
386,387,2158,2018-02-05,0,Burford Holly, ,Ilex cornuta, ,3,3,11,12,1,0, ,3759350,280809
387,388,2159,2018-01-29,-99,Japanese Black Pine, ,Pinus thunbergiana, ,4,0,21,0,1,0, ,3759360,280572
388,389,2160,2018-01-26,0,Dawn Redwood, ,Metasequoia glyptostroboides, ,4,6,18,28,1,0, ,3759360,280442
389,390,2161,2018-01-22,-99,Flowering Crabapple, ,Malus spp., ,15,0,19,0,1,0,Not replaced with tree,3759360,280600
390,391,2163,2018-01-29,0,Weeping Yaupon Holly, ,Ilex vomitoria, ,2,3,12,22,1,0, ,3759360,280481
391,392,2164,2018-01-26,0,Dawn Redwood, ,Metasequoia glyptostroboides, ,4,6,18,27,1,0, ,3759360,280437
392,393,2166,2018-01-29,-99,Japanese Black Pine, ,Pinus thunbergiana, ,3,0,13,0,1,0, ,3759360,280571
393,394,2168,2018-01-26,0,Deodar Cedar, ,Cedrus deodora, ,2,6,14,25,1,0, ,3759430,280405
394,395,2169,2018-01-24,0,Brodie Cedar, ,Juniperus virginiana var silicicola 'Bro, ,3,9,18,38,1,0, ,3759430,280556
395,396,2170,2018-01-26,0,Trident Maple, ,Acer buergeranum, ,2,0,18,0,1,0, ,3759440,280396
396,397,2171,2018-01-26,0,Tulip Poplar, ,Liriodendron tulipifera, ,3,19,28,59,1,0, ,3759430,280430
397,398,2172,2018-01-22,0,White Oak, ,Quercus alba, ,18,23,44,52,1,0, ,3759420,280764
398,399,2173,2018-01-26,0,Kousa Dogwood, ,Cornus kousa, ,1,5,7,16,1,0, ,3759430,280425
399,400,2175,2018-01-22,-99,Crape Myrtle, ,Lagerstroemia x, ,3,0,25,0,1,0, ,3759430,280575
400,401,2176,2018-01-24,0,Vitex, ,Vitex agnus-castus, ,2,4,9,18,1,0, ,3759430,280537
401,402,2177,2018-01-22,0,Water Oak, ,Quercus nigra, ,32,34,60,67,1,0, ,3759420,280828
402,403,2181,2018-01-22,-99,Bradford Pear, ,Pyrus calleryana, ,6,0,36,0,1,0, ,3759430,280804
403,404,2182,2018-01-26,0,Kousa Dogwood, ,Cornus kousa, ,3,9,21,23,1,0,Measured below split,3759440,280421
404,405,2183,2018-01-24,0,Vitex, ,Vitex agnus-castus, ,2,4,11,18,1,0, ,3759430,280538
405,406,2184,2018-01-24,0,Vitex, ,Vitex agnus-castus, ,2,4,10,18,1,0, ,3759440,280542
406,407,2185,2018-01-21,-99,Flowering Dogwood, ,Cornus florida, ,2,0,9,0,1,0, ,3759430,280628
407,408,2186,,0,Kousa Dogwood, ,Cornus kousa, ,3,8,20,22,1,0, ,3759440,280415
408,409,2187,2018-01-22,-99,Crape Myrtle, ,Lagerstroemia x, ,2,0,22,0,1,0, ,3759440,280574
409,410,2188,2018-01-26,0,Kousa Dogwood, ,Cornus kousa, ,3,8,17,21,1,0, ,3759440,280410
410,411,2189,2018-01-26,0,Nellie R. Stevens Holly, ,Ilex x 'Nellie R. Stevens', ,4,9,20,27,1,0, ,3759440,280406
411,412,2190,2018-01-26,0,Nellie R. Stevens Holly, ,Ilex x 'Nellie R. Stevens', ,4,8,20,26,1,0, ,3759440,280403
412,413,2191,2018-01-26,-99,Water Oak, ,Quercus nigra, ,33,0,57,0,1,0, ,3759440,280394
413,414,2192,2018-01-21,-99,River Birch, ,Betula nigra, ,31,0,61,0,1,0, ,3759440,280638
414,415,2193,,0,Cherry Laurel, ,Prunus caroliniana, ,21,0,47,0,1,0, ,3759780,280736
415,416,2194,2017-07-18,0,Crepe Myrtle, ,Lagerstroemia x, ,4,5,29,29,0,0, ,3759780,280649
416,417,2195,2017-09-15,0,Water Oak, ,Quercus nigra, ,6,35,65,74,1,0,Dbh1 typo?,3759780,280509
417,418,2196,2017-07-16,-99,Crape Myrtle, ,Lagerstroemia x, ,4,0,15,0,1,0, ,3759780,280588
418,419,2197,2017-07-18,0,Silver Maple, ,Acer saccarinum, ,4,9,24,44,1,0, ,3759780,280663
419,420,2198,2017-09-13,0,Southern Magnolia, ,Magnolia grandiflora, ,23,27,44,57,1,0, ,3759780,280549
420,421,2199,2017-09-13,0,Flowering Dogwood, ,Cornus florida, ,1,1,7,11,0,0, ,3759780,280535
421,422,2200,2017-09-15,-99,Japanese maple, ,Acer palmatum, ,3,0,11,0,1,0, ,3759790,280501
422,423,2201,2017-07-18,-99,Bolleana Silver Poplar, ,Populus alba, ,36,0,44,0,1,0, ,3759780,280652
423,424,2202,2018-02-05,0,Japanese Privet, ,Ligustrum japonicum, ,2,3,10,12,1,0, ,3759350,280814
424,425,2203,2018-01-26,0,Dawn Redwood, ,Metasequoia glyptostroboides, ,4,6,18,26,1,0, ,3759360,280440
425,426,2204,2018-01-29,-99,Pin Oak, ,Quercus palustris, ,31,0,66,0,1,0, ,3759360,280569
426,427,2205,2018-01-29,0,Weeping Yaupon Holly, ,Ilex vomitoria, ,1,2,8,16,1,0, ,3759360,280482
427,428,2206,2018-01-29,-99,Japanese Black Pine, ,Pinus thunbergiana, ,2,0,13,0,1,0, ,3759360,280570
428,429,2207,2018-01-29,0,Willow Oak, ,Quercus phellos, ,4,12,16,34,1,0, ,3759370,280371
429,430,2208,2018-01-29,0,Weeping Yaupon Holly, ,Ilex vomitoria, ,1,2,7,18,1,0, ,3759360,280481
430,431,2209,2018-01-29,0,Overcup Oak, ,Quercus lyrata, ,4,11,15,32,1,0, ,3759370,280380
431,432,2210,2018-01-29,-99,Japanese Black Pine, ,Pinus thunbergiana, ,3,0,22,0,1,0, ,3759360,280571
432,433,2211,2018-02-05,-99,Nellie R. Stevens Holly, ,Ilex x 'Nellie R. Stevens', ,3,0,20,0,1,0, ,3759350,280756
433,434,2212,2018-02-05,0,Nellie R. Stevens Holly, ,"Ilex x 'Nellie R. Stvens""", ,2,6,21,27,1,0, ,3759350,280759
434,435,2213,2018-02-05,0,Water Oak, ,Quercus nigra, ,8,15,32,50,1,0, ,3759360,280750
435,436,2214,2018-01-29,0,River Birch, ,Betula nigra, ,2,7,20,38,1,0, ,3759360,280477
436,437,2215,2018-02-05,-99,Nellie R. Stevens Holly, ,Ilex x 'Nellie R. Stevens', ,3,0,15,0,1,0, ,3759360,280755
437,438,2216,2018-01-29,-99,Japanese Black Pine, ,Pinus thunbergiana, ,4,0,22,0,1,0, ,3759360,280571
438,439,2217,2018-02-05,0,White Oak, ,Quercus alba, ,23,27,57,67,1,0, ,3759360,280735
439,440,2218,2018-02-05,0,Crape Myrtle, ,Lagerstroemia x, ,3,4,10,14,1,0, ,3759360,280720
440,441,2219,2018-02-05,0,Devilwood, ,Osmanthus americana, ,4,5,11,20,1,0, ,3759360,280785
441,442,2220,2018-01-22,-99,Flowering Crabapple, ,Malus spp., ,22,0,29,0,1,0,Not replaced with tree,3759360,280599
442,443,2221,2018-01-29,-99,Japanese Black Pine, ,Pinus thunbergiana, ,3,0,20,0,1,0, ,3759360,280570
443,444,2222,2018-02-05,0,Nellie R. Stevens Holly, ,Ilex x 'Nellie R. Stevens', ,9,11,21,30,1,0, ,3759360,280761
444,445,2223,2018-02-05,0,Crape Myrtle, ,Lagerstroemia x, ,4,5,13,16,1,0, ,3759360,280717
445,446,2224,2018-01-29,0,River Birch, ,Betula nigra, ,3,7,20,34,1,0, ,3759370,280472
446,447,2225,2018-02-05,0,Crape Myrtle, ,Lagerstroemia x, ,2,5,11,15,1,0, ,3759360,280729
447,448,2226,2018-01-29,-99,Japanese Black Pine, ,Pinus thunbergiana, ,3,0,12,0,1,0, ,3759360,280570
448,449,2227,2018-02-05,0,Crape Myrtle, ,Lagerstroemia x, ,2,4,5,14,1,0, ,3759360,280723
449,450,2228,2018-02-05,0,White Oak, ,Quercus alba, ,20,22,54,66,1,0, ,3759360,280744
450,451,2229,2018-01-29,0,River Birch, ,Betula nigra, ,3,7,20,27,1,0, ,3759370,280474
451,452,2230,2018-02-05,0,Crape Myrtle, ,Lagerstroemia x, ,2,4,10,13,1,0, ,3759360,280737
452,453,2231,2018-01-29,-99,Nellie R. Stevens Holly, ,Ilex x 'Nellie R. Stevens', ,3,0,8,0,1,0, ,3759370,280565
453,454,2232,2018-02-05,0,Crape Myrtle, ,Lagerstroemia x, ,2,4,10,15,1,0, ,3759360,280732
454,455,2233,2018-02-02,0,Shumard Oak, ,Quercus shumardii, ,31,33,74,78,1,0, ,3759360,280835
455,456,2234,2018-01-29,0,Nellie R. Stevens Holly, ,Ilex x 'Nellie R. Stevens', ,3,4,9,15,1,0, ,3759370,280563
456,457,2235,2018-01-29,0,River Birch, ,Betula nigra, ,2,7,22,32,1,0, ,3759370,280481
457,458,2236,,0,Nellie R. Stevens Holly, ,Ilex x 'Nellie R. Stevens', ,3,4,9,14,1,0, ,3759370,280565
458,459,2237,2018-02-05,0,Devilwood, ,Osmanthus americana, ,1,3,8,19,1,0, ,3759360,280791
459,460,2238,2018-02-05,0,Crape Myrtle, ,Lagerstroemia x, ,3,5,11,14,1,0, ,3759360,280744
460,461,2239,2018-01-29,0,Water Oak, ,Quercus nigra, ,34,37,54,62,1,0, ,3759370,280532
461,462,2240,2018-01-29,0,Nellie R. Stevens Holly, ,Ilex x 'Nellie R. Stevens', ,3,4,9,16,1,0, ,3759370,280562
462,463,2241,2018-02-05,0,Crape Myrtle, ,Lagerstroemia x, ,3,5,14,16,1,0, ,3759360,280740
463,464,2242,2018-01-29,0,Nellie R. Stevens Holly, ,Ilex x 'Nellie R. Stevens', ,3,4,8,16,1,0, ,3759370,280563
464,465,2243,2018-01-29,0,Pin Oak, ,Quercus palustris, ,36,40,67,72,1,0, ,3759370,280567
465,466,2244,2018-02-05,0,Crape Myrtle, ,Lagerstroemia x, ,3,5,11,14,1,0, ,3759360,280752
466,467,2245,2018-02-05,0,Crape Myrtle, ,Lagerstroemia x, ,2,4,12,15,1,0, ,3759360,280746
467,468,2246,,0,Southern Magnolia, ,Magnolia grandiflora, ,20,23,49,50,1,0, ,3759370,280595
468,469,2247,2018-01-26,0,River Birch, ,Betula nigra, ,2,6,26,28,1,0, ,3759370,280437
469,470,2248,2018-01-22,-99,Redbud, ,Cercis canadensis, ,11,0,22,0,1,0, ,3759370,280678
470,471,2249,2018-01-26,0,River Birch, ,Betula nigra, ,1,5,26,28,1,0, ,3759380,280433
471,472,2250,2018-01-29,0,Southern Magnolia, ,Magnolia grandiflora, ,3,8,11,32,1,0, ,3759380,280472
472,473,2251,2018-01-29,0,Southern Magnolia, ,Magnolia grandiflora, ,2,4,14,21,1,0, ,3759380,280475
473,474,2252,2018-01-22,0,Ginkgo, ,Ginkgo biloba, ,7,12,28,31,1,0, ,3759370,280666
474,475,2253,2018-02-05,0,Crape Myrtle, ,Lagerstroemia x, ,3,5,13,16,1,0, ,3759370,280759
475,476,2254,,0,Canadian Hemlock, ,Tsuga canadensis, ,10,15,52,6,1,0, ,3759370,280808
476,477,2255,2018-01-26,0,River Birch, ,Betula nigra, ,2,6,19,31,1,0, ,3759380,280436
477,478,2256,2018-02-05,0,Crape Myrtle, ,Lagerstroemia x, ,3,5,12,15,1,0, ,3759370,280755
478,479,2257,2018-01-29,0,Nellie R. Stevens Holly, ,Ilex x 'Nellie R. Stevens', ,4,8,13,23,1,0, ,3759370,280552
479,480,2258,2018-01-29,0,Sugar Maple, ,Acer saccharum, ,19,21,28,45,1,0, ,3759370,280558
480,481,2259,2018-02-05,0,Crape Myrtle, ,Lagerstroemia x, ,3,5,9,15,1,0, ,3759370,280768
481,482,2260,2018-01-26,0,Deodar Cedar, ,Cedrus deodora, ,5,11,22,38,1,0, ,3759380,280414
482,483,2261,2018-01-29,0,Southern Magnolia, ,Magnolia grandiflora, ,1,6,7,31,1,0, ,3759380,280471
483,484,2262,2018-01-29,0,Nellie R. Stevens Holly, ,Ilex x 'Nellie R. Stevens', ,4,10,14,25,1,0, ,3759380,280545
484,485,2263,2018-02-05,0,Crape Myrtle, ,Lagerstroemia x, ,3,5,10,15,1,0, ,3759370,280763
485,486,2264,2018-01-29,0,Eastern Red Cedar, ,Juniperus virginiana var silicicola 'Bro, ,3,6,18,26,1,0, ,3759380,280468
486,487,2265,2018-01-29,0,Nellie R. Stevens Holly, ,Ilex x 'Nellie R. Stevens', ,3,6,13,22,1,0, ,3759380,280551
487,488,2266,2018-01-29,0,Nellie R. Stevens Holly, ,Ilex x 'Nellie R. Stevens', ,4,7,12,22,1,0, ,3759380,280549
488,489,2267,2018-02-02,0,Shumard Oak, ,Quercus shumardii, ,23,28,73,78,1,0, ,3759370,280833
489,490,2268,2018-01-22,0,Wirt L.Winn Holly, ,Ilex x koehneana 'Wirt L. Winn', ,4,12,22,26,1,0, ,3759380,280596
490,491,2269,2018-02-02,0,Burford Holly, ,Ilex cornuta, ,6,8,17,22,1,0, ,3759370,280821
491,492,2270,2018-01-29,0,Eastern Red Cedar, ,Juniperus virginiana var silicicola 'Bro, ,2,5,16,25,1,0, ,3759380,280471
492,493,2271,,0,Deodar Cedar, ,Cedrus deodora, ,5,0,23,0,1,0, ,3759380,280425
493,494,2272,2018-01-29,0,Nellie R. Stevens Holly, ,Ilex x 'Nellie R. Stevens', ,5,8,14,23,1,0, ,3759380,280547
494,495,2273,2018-01-29,0,Vitex, ,Vitex agnus-castus, ,2,3,12,21,1,0, ,3759380,280464
495,496,2274,2018-01-29,0,Eastern Red Cedar, ,Juniperus virginiana var silicicola 'Bro, ,2,6,16,26,1,0, ,3759380,280466
496,497,2275,2018-01-29,0,Vitex, ,Vitex agnus-castus, ,1,2,14,20,1,0, ,3759380,280461
497,498,2276,2018-01-22,0,October Glory Red Maple, ,Acer rubrum, ,7,12,28,38,1,0, ,3759370,280699
498,499,2277,2018-01-29,0,Vitex, ,Vitex agnus-castus, ,2,3,14,21,1,0, ,3759380,280456
499,500,2278,2018-01-29,0,Eastern Red Cedar, ,Juniperus virginiana var silicicola 'Bro, ,3,5,16,26,1,0, ,3759380,280464
500,501,2279,2018-01-29,0,Vitex, ,Vitex agnus-castus, ,1,2,13,20,1,0, ,3759380,280459
501,502,2280,2018-01-29,0,Eastern Red Cedar, ,Juniperus virginiana var silicicola 'Bro, ,4,6,14,25,1,0, ,3759380,280468
502,503,2281,2018-02-05,0,Crape Myrtle, ,Lagerstroemia x, ,1,5,7,15,1,0, ,3759370,280769
503,504,2282,2018-01-24,0,Serviceberry, ,Amelanchier arborea, ,1,4,9,13,1,0, ,3759380,280525
504,505,2283,2018-01-26,0,Southern Magnolia, ,Magnolia grandiflora, ,2,6,8,28,1,0, ,3759380,280434
505,506,2284,2018-01-29,0,Vitex, ,Vitex agnus-castus, ,2,3,14,20,1,0, ,3759380,280453
506,507,2285,2018-01-29,0,Vitex, ,Vitex agnus-castus, ,1,2,11,18,1,0, ,3759380,280450
507,508,2286,2018-01-29,0,Eastern Red Cedar, ,Juniperus virginiana var silicicola 'Bro, ,1,5,15,25,1,0, ,3759380,280466
508,509,2287,2018-01-26,0,Southern Magnolia, ,Magnolia grandiflora, ,1,4,7,19,1,0, ,3759380,280438
509,510,2288,2018-01-29,0,Eastern Red Cedar, ,Juniperus virginiana var silicicola 'Bro, ,2,5,16,27,1,0, ,3759380,280462
510,511,2289,,0,Southern Magnolia, ,Magnolia grandiflora, ,1,0,8,0,1,0, ,3759380,280472
511,512,2290,2018-01-29,0,Eastern Red Cedar, ,Juniperus virginiana var silicicola 'Bro, ,2,5,17,25,1,0, ,3759380,280460
512,513,2291,2018-01-29,0,Eastern Red Cedar, ,Juniperus virginiana var silicicola 'Bro, ,2,5,12,24,1,0, ,3759380,280446
513,514,2292,2018-01-29,0,Eastern Red Cedar, ,Juniperus virginiana var silicicola 'Bro, ,4,7,15,27,1,0, ,3759380,280464
514,515,2293,2018-01-26,0,Southern Magnolia, ,Magnolia grandiflora, ,2,6,8,26,1,0, ,3759380,280430
515,516,2294,2018-02-05,0,White Oak, ,Quercus alba, ,24,28,61,65,1,0, ,3759370,280788
516,517,2295,2018-01-26,0,Southern Magnolia, ,Magnolia grandiflora, ,2,4,9,20,1,0, ,3759380,280442
517,518,2296,2018-01-29,0,Eastern Red Cedar, ,Juniperus virginiana var silicicola 'Bro, ,2,5,13,24,1,0, ,3759380,280448
518,519,2297,2018-01-29,0,Eastern Red Cedar, ,Juniperus virginiana, ,1,5,17,27,1,0, ,3759380,280468
519,520,2298,2018-01-29,0,Eastern Red Cedar, ,Juniperus virginiana var silicicola 'Bro, ,3,6,16,27,1,0, ,3759380,280458
520,521,2299,,0,Southern Magnolia, ,Magnolia grandiflora, ,2,0,8,0,1,0, ,3759380,280475
521,522,2300,2018-01-29,0,Eastern Red Cedar, ,Juniperus virginiana var silicicola 'Bro, ,2,6,16,27,1,0, ,3759380,280455
522,523,2301,2018-01-29,0,Eastern Red Cedar, ,Juniperus virginiana, ,4,7,16,28,1,0, ,3759380,280470
523,524,2302,2018-01-29,0,Eastern Red Cedar, ,Juniperus virginiana, ,1,5,10,22,1,0, ,3759390,280445
524,525,2303,2018-01-26,0,Deodar Cedar, ,Cedrus deodora, ,4,12,22,39,1,0, ,3759390,280411
525,526,2304,2018-01-29,0,Eastern Red Cedar, ,Juniperus virginiana var silicicola 'Bro, ,2,5,12,25,1,0, ,3759390,280450
526,527,2305,2018-01-29,0,Eastern Red Cedar, ,Juniperus virginiana var silicicola 'Bro, ,2,5,13,25,1,0, ,3759390,280453
527,528,2306,2018-01-24,0,Serviceberry, ,Amelanchier arborea, ,1,3,8,12,1,0, ,3759380,280532
528,529,2307,2018-01-29,0,Eastern Red Cedar, ,Juniperus virginiana var silicicola 'Bro, ,2,5,14,24,1,0, ,3759390,280472
529,530,2308,2018-01-26,0,Southern Magnolia, ,Magnolia grandiflora, ,2,7,9,29,1,0, ,3759390,280427
530,531,2309,2018-01-29,0,Eastern Red Cedar, ,Juniperus virginiana var silicicola 'Bro, ,2,5,9,23,1,0, ,3759390,280447
531,532,2310,2018-01-26,0,Crape Myrtle, ,Lagerstroemia x, ,1,1,7,12,1,0, ,3759390,280402
532,533,2312,2018-01-29,0,Eastern Red Cedar, ,Juniperus virginiana, ,1,5,10,23,1,0, ,3759390,280443
533,534,2313,2018-02-05,0,Southern Magnolia, ,Magnolia grandiflora, ,1,3,6,18,1,0, ,3759380,280800
534,535,2314,2018-01-24,0,Willow Oak, ,Quercus phellos, ,4,12,18,41,1,0, ,3759380,280528
535,536,2315,2018-01-26,0,Crape Myrtle, ,Lagerstroemia x, ,1,2,7,13,1,0, ,3759390,280405
536,537,2316,2018-01-26,0,Crape Myrtle, ,Lagerstroemia x, ,1,1,6,12,1,0, ,3759390,280399
537,538,2317,2018-01-26,0,Crape Myrtle, ,Lagerstroemia x, ,1,1,7,14,1,0, ,3759390,280408
538,539,2318,2018-01-22,0,Darlington Oak, ,Quercus hemisphaerica, ,33,36,55,62,1,0, ,3759380,280714
539,540,2319,2018-01-24,0,Serviceberry, ,Amelanchier arborea, ,1,4,8,14,1,0, ,3759390,280518
540,541,2320,,0,Willow Oak, ,Quercus phellos, ,4,10,18,37,1,0, ,3759380,280571
541,542,2321,,0,Crape Myrtle, ,Lagerstroemia x, ,1,0,7,0,1,0, ,3759390,280401
542,543,2322,2018-01-26,0,Crape Myrtle, ,Lagerstroemia x, ,1,1,6,13,1,0, ,3759390,280398
543,544,2323,2018-01-26,0,Crape Myrtle, ,Lagerstroemia x, ,1,1,6,13,1,0, ,3759390,280403
544,545,2324,2018-01-26,0,Crape Myrtle, ,Lagerstroemia x, ,1,2,9,14,1,0, ,3759390,280395
545,546,2325,2018-01-26,0,Crape Myrtle, ,Lagerstroemia x, ,1,1,9,13,1,0, ,3759390,280392
546,547,2326,2018-01-24,0,Sarah's Favorite Crapemyrtle, ,Lagerstroemia x, ,2,9,13,29,1,0, ,3759390,280546
547,548,2327,2018-01-22,0,Darlington Oak, ,Quercus hemisphaerica, ,33,35,70,80,1,0, ,3759380,280729
548,549,2328,2018-01-24,-99,Cherokee Princess Dogwood, ,Cornus florida, ,1,0,7,0,1,0, ,3759390,280561
549,550,2329,2018-01-22,-99,Sweetgum, ,Liquidambar styraciflua, ,21,0,52,0,1,0, ,3759390,280656
550,551,2330,2018-01-24,0,Sarah's Favorite Crapemyrtle, ,Lagerstroemia x, ,2,9,12,29,1,0, ,3759390,280541
551,552,2331,2018-01-26,0,Weeping Yaupon Holly, ,Ilex vomitoria, ,1,2,4,16,1,0, ,3759390,280418
552,553,2332,2018-01-26,0,Weeping Yaupon Holly, ,Ilex vomitoria, ,1,3,9,17,1,0, ,3759390,280422
553,554,2334,2018-01-26,0,Weeping Yaupon Holly, ,Ilex vomitoria, ,1,2,8,16,1,0, ,3759400,280413
554,555,2335,2018-01-24,0,Sarah's Favorite Crapemyrtle, ,Lagerstroemia x, ,1,8,12,28,1,0, ,3759390,280537
555,556,2336,2018-01-24,-99,Flowering Dogwood, ,Cornus florida, ,1,0,7,0,1,0, ,3759390,280558
556,557,2337,2018-01-26,0,Weeping Yaupon Holly, ,Ilex vomitoria, ,1,2,5,15,1,0, ,3759400,280416
557,558,2338,2018-01-22,0,Southern Magnolia, ,Magnolia grandiflora, ,9,23,46,60,1,0, ,3759390,280588
558,559,2339,,0,Weeping Yaupon Holly, ,Ilex vomitoria, ,1,3,7,18,1,0, ,3759400,280420
559,560,2340,2018-01-24,0,Sarah's Favorite Crapemyrtle, ,Lagerstroemia x, ,2,9,13,29,1,0, ,3759390,280549
560,561,2341,2018-01-22,0,Darlington Oak, ,Quercus hemisphaerica, ,35,41,60,77,1,0, ,3759390,280744
561,562,2343,2018-01-26,0,Weeping Yaupon Holly, ,Ilex vomitoria, ,1,3,6,18,1,0, ,3759400,280418
562,563,2344,2018-01-24,0,Willow Oak, ,Quercus phellos, ,4,9,18,34,1,0, ,3759390,280568
563,564,2345,2018-01-26,0,Weeping Yaupon Holly, ,Ilex vomitoria, ,1,2,5,16,1,0, ,3759400,280422
564,565,2346,2018-01-24,0,Sarah's Favorite Crapemyrtle, ,Lagerstroemia x, ,2,10,12,30,1,0, ,3759390,280544
565,566,2347,2018-01-24,0,Cherokee Princess Dogwood, ,Cornus florida, ,1,4,6,15,1,0, ,3759390,280560
566,567,2348,2018-01-22,0,Flowering Dogwood, ,Cornus florida, ,2,3,17,20,1,0, ,3759390,280593
567,568,2349,2018-01-24,0,Blackgum, ,Nyssa sylvatica, ,2,7,13,28,1,0, ,3759400,280515
568,569,2350,2018-01-24,0,Sarah's Favorite Crapemyrtle, ,Lagerstroemia x, ,2,8,10,29,1,0, ,3759400,280539
569,570,2351,2018-02-02,0,Post Oak, ,Quercus stellata, ,1,5,5,21,1,0, ,3759390,280825
570,571,2352,2018-01-24,0,Blackgum, ,Nyssa sylvatica, ,2,5,13,23,1,0, ,3759400,280510
571,572,2353,2018-01-22,0,Darlington Oak, ,Quercus hemisphaerica, ,41,46,61,68,1,0, ,3759390,280711
572,573,2354,2018-01-24,0,Sarah's Favorite Crapemyrtle, ,Lagerstroemia x, ,1,8,13,29,1,0, ,3759400,280551
573,574,2355,,0,Blackgum, ,Nyssa sylvatica, ,2,6,13,26,1,0, ,3759400,280514
574,575,2356,2018-01-24,0,Little Gem Magnolia, ,Magnolia grandiflora, ,2,6,11,16,1,0, ,3759400,280507
575,576,2357,2018-01-24,0,Sarah's Favorite Crapemyrtle, ,Lagerstroemia x, ,2,7,11,28,1,0, ,3759400,280547
576,577,2358,2018-01-26,0,Willow Oak, ,Quercus phellos, ,4,12,19,33,1,0, ,3759390,280383
577,578,2359,2018-02-02,0,Post Oak, ,Quercus stellata, ,36,37,79,80,1,0, ,3759390,280816
578,579,2360,2018-01-24,0,Sarah's Favorite Crapemyrtle, ,Lagerstroemia x, ,1,8,10,27,1,0, ,3759400,280542
579,580,2361,2018-01-24,0,River Birch, ,Betula nigra, ,2,9,21,37,1,0, ,3759400,280510
580,581,2362,2018-01-24,0,Little Gem Magnolia, ,Magnolia grandiflora, ,2,5,11,16,1,0, ,3759400,280505
581,582,2363,2018-01-22,0,Darlington Oak, ,Quercus hemisphaerica, ,31,33,63,65,1,0, ,3759400,280726
582,583,2365,2018-01-26,0,Pecan, ,Carya illinoinensis, ,27,28,88,90,1,0, ,3759410,280408
583,584,2366,2018-01-24,0,River Birch, ,Betula nigra, ,2,8,19,36,1,0, ,3759400,280507
584,585,2367,2018-01-24,0,Willow Oak, ,Quercus phellos, ,4,9,19,35,1,0, ,3759400,280566
585,586,2368,2018-01-24,0,Sarah's Favorite Crapemyrtle, ,Lagerstroemia x, ,1,7,10,28,1,0, ,3759400,280544
586,587,2369,2018-01-22,-99,Bradford Pear, ,Pyrus calleryana, ,16,0,40,0,1,0, ,3759400,280790
587,588,2371,2018-01-24,0,Sarah's Favorite Crapemyrtle, ,Lagerstroemia x, ,1,9,12,29,1,0, ,3759410,280552
588,589,2372,2018-01-24,0,Sarah's Favorite Crapemyrtle, ,Lagerstroemia x, ,2,9,14,29,1,0, ,3759410,280547
589,590,2373,2018-01-24,0,River Birch, ,Betula nigra, ,2,9,20,36,1,0, ,3759410,280508
590,591,2374,2018-01-22,0,Blue Atlas Cedar, ,Cedrus atlantica, ,4,10,18,35,1,0, ,3759400,280758
591,592,2375,2018-01-26,0,Flowering Dogwood, ,Cornus florida, ,1,3,8,18,1,0, ,3759410,280385
592,593,2377,2018-01-22,0,Chinese Elm, ,Ulmus parviflora, ,27,31,43,49,1,0, ,3759410,280582
593,594,2378,2018-01-22,-99,Bradford Pear, ,Pyrus calleryana, ,21,0,33,0,1,0, ,3759400,280804
594,595,2380,2018-01-24,0,River Birch, ,Betula nigra, ,3,8,22,37,1,0, ,3759410,280509
595,596,2381,2018-01-22,-99,Bradford Pear, ,Pyrus calleryana, ,21,0,34,0,1,0, ,3759400,280810
596,597,2382,2018-01-26,0,Red maple, , , ,1,9,11,40,1,0, ,3759420,280390
597,598,2383,2018-01-24,0,Willow Oak, ,Quercus phellos, ,4,12,15,39,1,0, ,3759410,280564
598,599,2384,2018-01-22,-99,Bradford Pear, ,Pyrus calleryana, ,23,0,41,0,1,0, ,3759410,280815
599,600,2385,2018-01-26,0,Nellie R. Stevens Holly, ,Ilex x 'Nellie R. Stevens', ,3,8,17,22,1,0, ,3759420,280431
600,601,2386,2018-01-24,0,Tulip Poplar, ,Liriodendron tulipifera, ,3,5,22,34,1,0, ,3759420,280516
601,602,2387,2018-01-24,0,River Birch, ,Betula nigra, ,2,8,17,34,1,0, ,3759420,280512
602,603,2388,2018-01-22,-99,Bradford Pear, ,Pyrus calleryana, ,19,0,31,0,1,0, ,3759410,280823
603,604,2389,2018-01-22,-99,East Palatka Holly, ,Ilex x attenuata 'East palatka', ,5,0,32,0,1,0, ,3759410,280673
604,605,2390,2018-01-24,0,Tulip Poplar, ,Liriodendron tulipifera, ,3,7,27,36,1,0, ,3759420,280524
605,606,2391,2018-01-26,0,Red maple, , , ,1,8,10,35,1,0, ,3759420,280388
606,607,2392,2018-01-22,-99,Bradford Pear, ,Pyrus calleryana, ,22,0,33,0,1,0, ,3759410,280787
607,608,2393,,0,Tulip Poplar, ,Liriodendron tulipifera, ,3,6,25,33,1,0, ,3759420,280519
608,609,2394,2018-01-24,0,Little Gem Magnolia, ,Magnolia grandiflora, ,2,5,9,16,1,0, ,3759420,280506
609,610,2395,2018-01-24,0,Brodie Cedar, ,Juniperus virginiana var silicicola 'Bro, ,2,9,17,36,1,0, ,3759420,280530
610,611,2396,,0,Kousa Dogwood, ,Cornus kousa, ,1,0,7,0,1,0, ,3759420,280430
611,612,2397,2018-01-24,0,Brodie Cedar, ,Juniperus virginiana var silicicola 'Bro, ,2,10,17,36,1,0, ,3759420,280532
612,613,2398,2018-01-24,0,Little Gem Magnolia, ,Magnolia grandiflora, ,2,5,9,18,1,0, ,3759420,280516
613,614,2399,2018-01-26,-99,Trident Maple, ,Acer buergeranum, ,2,0,18,0,1,0, ,3759420,280393
614,615,2400,2018-01-24,0,Little Gem Magnolia, ,Magnolia grandiflora, ,2,6,10,18,1,0, ,3759420,280509
615,616,2401,2018-01-24,0,Brodie Cedar, ,Juniperus virginiana var silicicola 'Bro, ,2,10,16,37,1,0, ,3759420,280529
616,617,2402,2018-01-24,0,Brodie Cedar, ,Juniperus virginiana, ,3,10,18,36,1,0, ,3759420,280555
617,618,2403,2018-01-24,0,Brodie Cedar, ,Juniperus virginiana var silicicola 'Bro, ,2,10,17,37,1,0, ,3759420,280534
618,619,2404,2018-01-24,0,Brodie Cedar, ,Juniperus virginiana var silicicola 'Bro, ,3,8,18,38,1,0, ,3759420,280553
619,620,2405,2018-01-22,-99,Water Oak, ,Quercus nigra, ,38,0,60,0,1,0, ,3759410,280830
620,621,2406,2018-01-24,0,Little Gem Magnolia, ,Magnolia grandiflora, ,2,6,9,19,1,0, ,3759420,280513
621,622,2407,2018-01-24,0,Little Gem Magnolia, ,Magnolia grandiflora, ,2,7,9,19,1,0, ,3759420,280506
622,623,2408,2018-01-24,0,Brodie Cedar, ,Juniperus virginiana var silicicola 'Bro, ,3,9,18,37,1,0, ,3759420,280557
623,624,2409,2018-01-24,0,Brodie Cedar, ,Juniperus virginiana var silicicola 'Bro, ,2,9,17,36,1,0, ,3759420,280535
624,625,2410,2018-01-24,0,Willow Oak, ,Quercus phellos, ,4,11,20,32,1,0, ,3759420,280562
625,626,2411,2018-01-22,-99,Bradford Pear, ,Pyrus calleryana, ,18,0,30,0,1,0, ,3759410,280807
626,627,2412,2018-01-26,0,Ginkgo, ,Ginkgo biloba, ,5,7,27,29,1,0, ,3759430,280416
627,628,2413,2018-01-24,0,Brodie Cedar, ,Juniperus virginiana var silicicola 'Bro, ,3,9,18,37,1,0, ,3759420,280555
628,629,2414,2018-01-26,-99,Trident Maple, ,Acer buergeranum, ,2,0,18,0,1,0, ,3759430,280388
629,630,2415,,0,Flowering Dogwood, ,Cornus florida, ,2,7,16,28,1,0, ,3759420,280591
630,631,2416,2018-01-22,0,Tulip Poplar, ,Liriodendron tulipifera, ,16,18,49,59,1,0, ,3759420,280667
631,632,2417,2018-01-26,-99,Kousa Dogwood, ,Cornus kousa, ,1,0,7,0,1,0, ,3759430,280428
632,633,2419,2018-01-22,-99,Crape Myrtle, ,Lagerstroemia x, ,3,0,33,0,1,0,Smaller height,3759420,280575
633,634,2420,2018-01-24,0,Brodie Cedar, ,Juniperus virginiana var silicicola 'Bro, ,3,9,18,37,1,0, ,3759420,280556
634,635,2422,2018-01-21,-99,Tulip Poplar, ,Liriodendron tulipifera, ,34,0,77,0,1,0, ,3759430,280583
635,636,2424,2018-01-26,0,Nellie R. Stevens Holly, ,Ilex x 'Nellie R. Stevens', ,4,9,20,25,1,0, ,3759450,280405
636,637,2425,2018-01-24,0,Vitex, ,Vitex agnus-castus, ,4,9,15,29,1,0, ,3759440,280544
637,638,2426,2018-01-22,-99,Crape Myrtle, ,Lagerstroemia x, ,5,0,21,0,1,0, ,3759440,280574
638,639,2427,2018-01-22,-99,Bradford Pear, ,Pyrus calleryana, ,24,0,39,0,1,0, ,3759440,280757
639,640,2428,2018-01-22,-99,Bradford Pear, ,Pyrus calleryana, ,20,0,38,0,1,0, ,3759440,280800
640,641,2429,2018-01-24,0,Weeping Yaupon Holly, ,Ilex vomitoria, ,1,4,12,17,1,0, ,3759450,280545
641,642,2430,2018-01-22,0,Water Oak, ,Quercus nigra, ,22,24,61,64,1,0, ,3759440,280823
642,643,2431,2018-01-22,-99,Bradford Pear, ,Pyrus calleryana, ,18,0,29,0,1,0, ,3759440,280755
643,644,2433,2018-01-21,-99,Brodie Cedar, ,Juniperus virginiana, ,2,0,12,0,1,0, ,3759450,280579
644,645,2434,2018-01-26,0,Water Oak, ,Quercus nigra, ,5,11,24,42,1,0, ,3759460,280396
645,646,2435,,0,Vitex, ,Vitex agnus-castus, ,1,0,8,0,1,0, ,3759450,280572
646,647,2436,,0,Brodie Cedar, ,Juniperus virginiana var silicicola 'Bro, ,2,0,12,0,1,0, ,3759450,280577
647,648,2437,2018-01-24,0,Vitex, ,Vitex agnus-castus, ,6,15,27,32,1,0, ,3759450,280553
648,649,2438,2018-01-21,-99,Brodie Cedar, ,Juniperus virginiana var silicicola 'Bro, ,2,0,12,0,1,0, ,3759450,280577
649,650,2439,2018-01-22,-99,Bradford Pear, ,Pyrus calleryana, ,19,0,37,0,1,0, ,3759450,280798
650,651,2440,2018-01-21,-99,Vitex, ,Vitex agnus-castus, ,2,0,9,0,1,0, ,3759450,280573
651,652,2441,,0,Flowering Dogwood, ,Cornus florida, ,3,0,16,0,1,0, ,3759450,280633
652,653,2442,2018-01-21,-99,Brodie Cedar, ,Juniperus virginiana var silicicola 'Bro, ,2,0,12,0,1,0, ,3759450,280579
653,654,2443,2018-01-26,0,East Palatka Holly, ,Ilex x attenuata 'East palatka', ,9,10,31,34,1,0, ,3759470,280433
654,655,2444,2018-01-21,-99,Brodie Cedar, ,Juniperus virginiana var silicicola 'Bro, ,2,0,12,0,1,0, ,3759460,280578
655,656,2445,2018-01-26,0,Black Oak, ,Quercus velutina, ,31,34,65,68,1,0, ,3759460,280491
656,657,2446,2018-01-22,0,Water Oak, ,Quercus nigra, ,26,28,63,69,1,0, ,3759450,280821
657,658,2447,2018-01-26,0,Japanese Maple, ,Acer palmatum, ,1,4,8,21,1,0, ,3759460,280521
658,659,2448,2018-01-22,-99,Bradford Pear, ,Pyrus calleryana, ,9,0,22,0,1,0, ,3759450,280752
659,660,2449,2018-01-21,-99,Brodie Cedar, ,Juniperus virginiana var silicicola 'Bro, ,2,0,12,0,1,0, ,3759460,280580
660,661,2450,2018-01-21,-99,Vitex, ,Vitex agnus-castus, ,2,0,9,0,1,0, ,3759460,280575
661,662,2451,,0,Brodie Cedar, ,Juniperus virginiana var silicicola 'Bro, ,2,0,12,0,1,0, ,3759460,280582
662,663,2452,2018-01-26,0,Water Oak, ,Quercus nigra, ,27,28,75,83,1,0, ,3759460,280473
663,664,2453,2018-01-26,0,Japanese Maple, ,Acer palmatum, ,1,4,9,21,1,0, ,3759460,280518
664,665,2454,,0,River Birch, ,Betula nigra, ,5,0,31,0,1,0, ,3759460,280643
665,666,2455,2018-01-24,0,Japanese Maple, ,Acer palmatum, ,2,4,8,15,1,0, ,3759460,280544
666,667,2456,2018-01-24,0,Nuttall Oak, ,Quercus nutallii, ,3,10,19,33,1,0, ,3759460,280548
667,668,2457,2018-01-26,0,Willow Oak, ,Quercus phellos, ,36,39,96,97,1,0, ,3759460,280428
668,669,2458,2018-01-26,0,October Glory Red Maple, ,Acer rubrum, ,6,13,37,42,1,0, ,3759460,280516
669,670,2459,2018-01-24,0,Japanese Maple, ,Acer palmatum, ,1,4,8,16,1,0, ,3759460,280539
670,671,2460,2018-01-26,0,Japanese Maple, ,Acer palmatum, ,1,3,6,12,1,0, ,3759460,280524
671,672,2461,2018-01-26,0,October Glory Red Maple, ,Acer rubrum, ,5,9,25,37,1,0, ,3759460,280499
672,673,2462,2018-01-24,0,Japanese Maple, ,Acer palmatum, ,1,3,7,14,1,0, ,3759460,280542
673,674,2463,2018-01-21,0,Red Maple, ,Acer rubrum, ,21,25,37,39,1,0, ,3759460,280607
674,675,2464,2018-01-21,-99,Red Maple, ,Acer rubrum, ,13,0,33,0,1,0, ,3759460,280615
675,676,2465,,0,October Glory Red Maple, ,Acer rubrum, ,2,0,22,0,1,0, ,3759460,280622
676,677,2466,,0,Red Maple, ,Acer rubrum, ,13,0,39,0,1,0, ,3759460,280630
677,678,2467,2018-01-22,0,Water Oak, ,Quercus nigra, ,36,40,82,89,1,0, ,3759450,280836
678,679,2468,2018-01-21,0,Red Maple, ,Acer rubrum, ,3,7,17,27,1,0, ,3759460,280589
679,680,2469,2018-01-21,0,Red Maple, ,Acer rubrum, ,3,5,17,29,1,0, ,3759460,280596
680,681,2470,,0,Red Maple, ,Acer rubrum, ,16,0,32,0,1,0, ,3759460,280637
681,682,2471,2018-01-26,0,Overcup Oak, ,Quercus lyrata, ,32,37,91,93,1,0, ,3759470,280473
682,683,2472,2018-01-26,0,October Glory Red Maple, ,Acer rubrum, ,5,9,26,34,1,0, ,3759460,280536
683,684,2473,2018-01-22,-99,Bradford Pear, ,Pyrus calleryana, ,21,0,23,0,1,0, ,3759460,280795
684,685,2474,2018-01-22,-99,Bradford Pear, ,Pyrus calleryana, ,17,0,29,0,1,0, ,3759460,280750
685,686,2475,2018-01-26,0,Red Maple, ,Acer rubrum, ,7,31,48,65,1,0,Measured below split,3759470,280461
686,687,2476,2018-01-22,0,Red Maple, ,Acer rubrum, ,17,18,32,38,1,0, ,3759460,280652
687,688,2477,2018-01-26,0,October Glory Red Maple, ,Acer rubrum, ,5,8,26,31,1,0, ,3759470,280529
688,689,2478,2018-01-22,0,Red Maple, ,Acer rubrum, ,18,19,37,41,1,0, ,3759460,280659
689,690,2479,2018-01-26,0,October Glory Red Maple, ,Acer rubrum, ,5,9,26,32,1,0, ,3759470,280522
690,691,2480,2018-01-22,0,Willow Oak, ,Quercus phellos, ,14,17,50,59,1,0, ,3759460,280817
691,692,2481,2018-01-22,0,Red Maple, ,Acer rubrum, ,11,14,47,48,1,0, ,3759460,280667
692,693,2482,2018-01-26,0,Flowering Dogwood, ,Cornus florida, ,1,2,10,13,1,0, ,3759470,280414
693,694,2483,2018-01-26,0,Willow Oak, ,Quercus phellos, ,50,52,88,93,1,0, ,3759470,280400
694,695,2484,2018-01-26,0,Pin Oak, ,Quercus palustris, ,33,36,93,95,1,0, ,3759460,280426
695,696,2485,2018-01-26,0,October Glory Red Maple, ,Acer rubrum, ,3,7,24,34,1,0, ,3759470,280485
696,697,2487,2018-01-22,-99,Red Maple, ,Acer rubrum, ,14,0,48,0,1,0, ,3759460,280675
697,698,2488,2018-01-26,0,Flowering Dogwood, ,Cornus florida, ,1,2,9,13,1,0, ,3759470,280417
698,699,2489,2018-01-26,0,October Glory Red Maple, ,Acer rubrum, ,4,8,25,35,1,0, ,3759470,280490
699,700,2490,2018-01-22,0,Red Maple, ,Acer rubrum, ,21,22,49,53,1,0, ,3759460,280688
700,701,2491,2018-01-26,0,Flowering Dogwood, ,Cornus florida, ,1,2,9,12,1,0, ,3759470,280412
701,702,2492,2018-01-22,0,Red Maple, ,Acer rubrum, ,14,15,50,50,1,0, ,3759460,280695
702,703,2493,2018-01-22,0,Red Maple, ,Acer rubrum, ,11,8,33,34,1,0,Smaller DBH now?,3759460,280703
703,704,2494,2018-01-22,-99,Red Maple, ,Acer rubrum, ,12,0,33,0,1,0, ,3759460,280710
704,705,2495,2018-01-22,0,Red Maple, ,Acer rubrum, ,23,16,47,40,1,0,Smaller?,3759470,280718
705,706,2496,2018-01-22,0,Red Maple, ,Acer rubrum, ,15,23,43,50,1,0, ,3759470,280725
706,707,2497,2018-01-22,0,Water Oak, ,Quercus nigra, ,28,32,66,72,1,0, ,3759460,280830
707,708,2498,2018-01-22,0,Red Maple, ,Acer rubrum, ,13,17,35,50,1,0, ,3759470,280735
708,709,2499,2018-01-22,-99,Bradford Pear, ,Pyrus calleryana, ,21,0,30,0,1,0, ,3759470,280748
709,710,2500,2018-01-22,0,Swamp Laurel Oak, ,Quercus laurifolia, ,22,24,48,48,1,0, ,3759470,280763
710,711,2501,2018-01-26,-99,October Glory Red Maple, ,Acer rubrum, ,5,0,29,0,1,0, ,3759480,280417
711,712,2502,2017-11-17,0,October Glory Red Maple, ,Acer rubrum, ,4,8,21,27,0,0, ,3759470,280584
712,713,2503,2017-11-17,0,October Glory Red Maple, ,Acer rubrum, ,4,7,21,30,0,0, ,3759470,280592
713,714,2504,2018-01-22,0,Swamp Laurel Oak, ,Quercus laurifolia, ,23,24,51,54,1,0, ,3759470,280779
714,715,2505,2017-11-17,0,October Glory Red Maple, ,Acer rubrum, ,5,6,22,27,0,0, ,3759470,280600
715,716,2506,2017-11-17,0,October Glory Red Maple, ,Acer rubrum, ,5,9,24,29,0,0, ,3759480,280544
716,717,2507,2017-11-17,0,October Glory Red Maple, ,Acer rubrum, ,4,6,22,27,0,0, ,3759470,280607
717,718,2508,2017-11-17,0,October Glory Red Maple, ,Acer rubrum, ,5,8,25,28,0,0, ,3759480,280536
718,719,2509,,0,October Glory Red Maple, ,Acer rubrum, ,4,0,26,0,1,0, ,3759480,280775
719,720,2510,2017-11-15,0,Scarlet Oak, ,Quercus coccinea, ,2,10,15,29,0,0, ,3759490,280632
720,721,2511,2017-11-16,-99,Virginia Pine, ,Pinus virginiana, ,3,0,11,0,1,0, ,3759490,280496
721,722,2512,,0,October Glory Red Maple, ,Acer rubrum, ,4,0,24,0,1,0, ,3759480,280782
722,723,2513,2017-11-16,-99,Virginia Pine, ,Pinus virginiana, ,2,0,11,0,1,0, ,3759490,280491
723,724,2514,2017-11-16,0,Crape Myrtle, ,Lagerstroemia x, ,6,6,32,35,0,0, ,3759490,280409
724,725,2515,2017-11-15,-99,American Elm, ,Ulmus americana, ,3,0,24,0,1,0, ,3759490,280602
725,726,2516,2017-11-16,0,Crape Myrtle, ,Lagerstroemia x, ,6,6,28,33,0,0, ,3759490,280405
726,727,2517,,0,October Glory Red Maple, ,Acer rubrum, ,4,0,29,0,1,0, ,3759480,280788
727,728,2518,,0,October Glory Red Maple, ,Acer rubrum, ,4,0,28,0,1,0, ,3759480,280793
728,729,2519,2017-11-16,0,Japanese Maple, ,Acer palmatum, ,1,3,8,15,1,0, ,3759500,280420
729,730,2520,2017-11-05,-99,Red Maple, ,Acer rubrum, ,23,0,44,0,1,0, ,3759490,280690
730,731,2521,2017-11-16,0,Tulip Poplar, ,Liriodendron tulipifera, ,16,21,56,74,1,0, ,3759490,280551
731,732,2522,2017-11-16,0,Japanese Maple, ,Acer palmatum, ,1,2,8,15,1,0, ,3759500,280425
732,733,2523,2017-11-16,-99,Virginia Pine, ,Pinus virginiana, ,2,0,11,0,1,0, ,3759490,280493
733,734,2524,2017-11-16,-99,Virginia Pine, ,Pinus virginiana, ,1,0,10,0,1,0, ,3759490,280487
734,735,2525,2017-11-16,0,Japanese Maple, ,Acer palmatum, ,3,4,10,17,1,0, ,3759490,280455
735,736,2526,,0,October Glory Red Maple, ,Acer rubrum, ,4,0,28,0,1,0, ,3759480,280801
736,737,2527,2017-10-20,-99,Tulip Poplar, ,Liriodendron tulipifera, ,15,0,67,0,1,0, ,3759490,280469
737,738,2528,2017-11-05,-99,Red Maple, ,Acer rubrum, ,13,0,41,0,1,0, ,3759490,280697
738,739,2529,2017-10-20,-99,Sweetgum, ,Liquidambar styraciflua, ,14,0,49,0,1,0, ,3759490,280462
739,740,2530,2017-10-20,-99,Water Oak, ,Quercus nigra, ,32,0,66,0,1,0, ,3759490,280476
740,741,2531,,0,October Glory Red Maple, ,Acer rubrum, ,5,0,28,0,1,0, ,3759480,280807
741,742,2532,2017-11-16,0,Japanese Maple, ,Acer palmatum, ,1,3,7,16,1,0, ,3759500,280418
742,743,2533,2017-11-15,0,Georgia Oak, ,Quercus georgiana, ,6,14,25,38,0,0, ,3759490,280642
743,744,2534,2017-11-14,0,Water Oak, ,Quercus nigra, ,18,26,53,55,1,0, ,3759490,280656
744,745,2536,,0,Loblolly Pine, ,Pinus taeda, ,17,0,63,0,1,0, ,3759490,280745
745,746,2537,,0,Loblolly Pine, ,Pinus taeda, ,14,0,67,0,1,0, ,3759490,280750
746,747,2538,2017-11-14,0,Northern Red Oak, ,Quercus rubra, ,25,27,48,48,1,0, ,3759490,280667
747,748,2539,2017-11-05,-99,Sugar Maple, ,Acer saccharum, ,15,0,34,0,1,0, ,3759490,280710
748,749,2540,2017-11-15,0,Willow Oak, ,Quercus phellos, ,14,20,43,54,1,0, ,3759490,280591
749,750,2541,,0,Loblolly Pine, ,Pinus taeda, ,14,0,66,0,1,0, ,3759490,280757
750,751,2542,,0,Loblolly Pine, ,Pinus taeda, ,14,0,65,0,1,0, ,3759490,280762
751,752,2543,2017-11-15,0,Black Oak, ,Quercus velutina, ,4,13,27,42,1,0, ,3759490,280575
752,753,2544,,0,Loblolly Pine, ,Pinus taeda, ,15,0,62,0,1,0, ,3759490,280772
753,754,2545,2017-11-16,0,Yaupon Holly, ,Ilex vomitoria, ,6,6,22,28,0,0, ,3759500,280410
754,755,2546,,0,Loblolly Pine, ,Pinus taeda, ,15,0,61,0,1,0, ,3759490,280784
755,756,2547,,0,Loblolly Pine, ,Pinus taeda, ,13,0,64,0,1,0, ,3759490,280799
756,757,2548,,0,Loblolly Pine, ,Pinus taeda, ,13,0,66,0,1,0, ,3759490,280792
757,758,2550,2017-11-16,0,Pin Oak, ,Quercus palustris, ,24,27,66,70,1,0, ,3759500,280510
758,759,2551,2017-11-14,0,Post Oak, ,Quercus stellata, ,35,36,89,96,1,1, ,3759490,280663
759,760,2552,2017-10-20,-99,Sweetgum, ,Liquidambar styraciflua, ,13,0,61,0,1,0, ,3759500,280463
760,761,2553,,0,Loblolly Pine, ,Pinus taeda, ,13,0,65,0,1,0, ,3759490,280806
761,762,2554,,0,Loblolly Pine, ,Pinus taeda, ,12,0,63,0,1,0, ,3759490,280811
762,763,2555,2017-11-16,0,Willow Oak, ,Quercus phellos, ,3,14,18,45,1,0, ,3759500,280558
763,764,2556,,0,Loblolly Pine, ,Pinus taeda, ,15,0,64,0,1,0, ,3759490,280818
764,765,2557,2017-11-05,0,Swamp Chestnut Oak, ,Quercus michauxii, ,11,17,34,54,1,0, ,3759500,280701
765,766,2558,2017-11-16,-99,Southern Red Oak, ,Quercus falcata, ,53,0,74,0,1,0, ,3759500,280401
766,767,2559,,0,Loblolly Pine, ,Pinus taeda, ,14,0,40,0,1,0, ,3759490,280823
767,768,2560,,0,Loblolly Pine, ,Pinus taeda, ,7,0,43,0,1,0, ,3759490,280784
768,769,2561,,0,Loblolly Pine, ,Pinus taeda, ,10,0,54,0,1,0, ,3759490,280796
769,770,2562,2017-11-14,0,Red Maple, ,Acer rubrum, ,13,15,33,39,1,0, ,3759500,280654
770,771,2563,2017-11-05,0,Sugar Maple, ,Acer saccharum, ,22,27,50,66,1,0, ,3759500,280690
771,772,2564,2017-11-15,0,American Holly, ,Ilex opaca, ,12,15,39,41,1,0, ,3759500,280609
772,773,2565,2017-11-05,-99,Post Oak, ,Quercus stellata, ,44,0,95,0,1,0, ,3759500,280675
773,774,2566,,0,Loblolly Pine, ,Pinus taeda, ,11,0,62,0,1,0, ,3759490,280807
774,775,2567,,0,Redbud, ,Cercis canadensis, ,1,0,5,0,1,0, ,3759500,280790
775,776,2568,,0,American Hornbeam, ,Carpinus caroliniana, ,3,0,15,0,1,0, ,3759490,280804
776,777,2569,,0,Loblolly Pine, ,Pinus taeda, ,8,0,45,0,1,0, ,3759500,280789
777,778,2570,,0,American Hornbeam, ,Carpinus caroliniana, ,3,0,15,0,1,0, ,3759500,280799
778,779,2571,,0,Loblolly Pine, ,Pinus taeda, ,12,0,62,0,1,0, ,3759500,280815
779,780,2572,,0,American Hornbeam, ,Carpinus caroliniana, ,3,0,15,0,1,0, ,3759500,280802
780,781,2573,2017-10-20,-99,Sweetgum, ,Liquidambar styraciflua, ,11,0,44,0,1,0, ,3759510,280463
781,782,2574,,0,Chestnut Oak, ,Quercus prinus, ,2,0,14,0,1,0, ,3759500,280810
782,783,2575,2017-11-15,0,Pin Oak, ,Quercus palustris, ,26,29,67,78,1,0, ,3759500,280587
783,784,2576,2017-11-15,-99,Red Maple, ,Acer rubrum, ,19,0,58,0,1,0, ,3759500,280610
784,785,2577,2017-11-16,0,Water Oak, ,Quercus nigra, ,16,17,46,46,1,0, ,3759510,280506
785,786,2578,,0,American Hornbeam, ,Carpinus caroliniana, ,3,0,15,0,1,0, ,3759500,280806
786,787,2579,,0,Loblolly Pine, ,Pinus taeda, ,8,0,45,0,1,0, ,3759500,280793
787,788,2580,,0,American Hornbeam, ,Carpinus caroliniana, ,4,0,16,0,1,0, ,3759500,280796
788,789,2581,2017-11-16,0,Saucer Magnolia, ,Magnolia x soulangiana, ,4,5,15,23,1,0, ,3759510,280447
789,790,2582,,0,Mexican Elder, ,Sambucus mexicana, ,2,0,20,0,1,0, ,3759500,280822
790,791,2583,,0,American Hornbeam, ,Carpinus caroliniana, ,3,0,15,0,1,0, ,3759500,280802
791,792,2584,,0,American Hornbeam, ,Carpinus caroliniana, ,3,0,15,0,1,0, ,3759500,280799
792,793,2585,,0,Eucalyptus, ,Eucalyptus globulus, ,7,0,18,0,1,0, ,3759500,280814
793,794,2587,,0,Eucalyptus, ,Eucalyptus globulus, ,9,0,20,0,1,0, ,3759500,280815
794,795,2588,2017-11-15,0,Burford Holly, ,Ilex cornuta, ,4,4,18,18,0,0, ,3759510,280605
795,796,2589,2017-11-05,0,Sugar Maple, ,Acer saccharum, ,11,16,37,50,1,0, ,3759500,280714
796,797,2590,,0,Water Oak, ,Quercus nigra, ,34,0,72,0,1,0, ,3759500,280766
797,798,2591,2017-11-16,0,Vitex, ,Vitex agnus-castus, ,1,2,12,22,1,0, ,3759510,280520
798,799,2592,,0,Fringetree, ,Chionanthus virginicus, ,1,0,4,0,1,0, ,3759500,280833
799,800,2593,2017-10-20,-99,Chinese Tallow Tree, ,Sapium sebiferum, ,24,0,52,0,1,0, ,3759510,280436
800,801,2594,2017-11-15,0,White Oak, ,Quercus alba, ,22,24,72,78,1,0, ,3759510,280628
801,802,2595,,0,Fringetree, ,Chionanthus virginicus, ,1,0,3,0,1,0, ,3759500,280835
802,803,2596,2017-10-20,-99,Sweetgum, ,Liquidambar styraciflua, ,14,0,72,0,1,0, ,3759510,280463
803,804,2598,,0,Pecan, ,Carya illinionensis, ,19,0,67,0,1,0, ,3759500,280774
804,805,2599,2017-11-15,0,Water Oak, ,Quercus nigra, ,24,26,52,61,1,0, ,3759510,280573
805,806,2600,,0,White Mulberry, ,Morus alba, ,9,0,44,0,1,0, ,3759500,280782
806,807,2601,2017-11-16,0,Water Oak, ,Quercus nigra, ,29,31,74,88,1,0, ,3759510,280517
807,808,2602,2017-11-17,0,Crepe Myrtle, ,Lagerstroemia x, ,1,2,7,22,0,0, ,3759510,280548
808,809,2604,2017-11-17,0,Crepe Myrtle, ,Lagerstroemia x, ,1,2,5,21,0,0, ,3759510,280542
809,810,2605,2017-11-15,0,Sugar Maple, ,Acer saccharum, ,14,15,40,44,1,0, ,3759510,280621
810,811,2606,,0,Texas Redbud, ,Cercis canadensis var. Texensis, ,1,0,5,0,1,0, ,3759500,280804
811,812,2607,,0,Chinese Pistache, ,Pistacia chinensis, ,2,0,11,0,1,0, ,3759510,280744
812,813,2608,,0,Texas Redbud, ,Cercis canadensis var. Texensis, ,1,0,4,0,1,0, ,3759500,280802
813,814,2609,2017-10-20,-99,Sweetgum, ,Liquidambar styraciflua, ,17,0,61,0,1,0, ,3759520,280455
814,815,2610,,0,Texas Redbud, ,Cercis canadensis var. Texensis, ,1,0,5,0,1,0, ,3759500,280807
815,816,2611,2017-11-17,0,Crepe Myrtle, ,Lagerstroemia x, ,1,2,4,22,0,0, ,3759510,280552
816,817,2612,2017-11-15,0,Vitex, ,Vitex agnus-castus, ,1,2,10,20,0,0, ,3759510,280598
817,818,2613,2017-11-14,0,Sugar Maple, ,Acer saccharum, ,14,20,56,69,1,0, ,3759510,280666
818,819,2614,,0,Texas Redbud, ,Cercis canadensis var. Texensis, ,2,0,12,0,1,0, ,3759500,280811
819,820,2615,,0,Winged Elm, ,Ulmus alata, ,6,0,55,0,1,0, ,3759510,280799
820,821,2616,,0,Bradford Pear, ,Pyrus calleryana, ,7,0,29,0,1,0, ,3759510,280823
821,822,2617,2017-11-14,0,Southern Magnolia, ,Magnolia grandiflora, ,13,44,64,78,1,0,Wrong dbh 1?,3759510,280652
822,823,2619,,0,Eastern Redbud, ,Cercis canadensis, ,1,0,7,0,1,0, ,3759500,280847
823,824,2620,2017-10-20,-99,Burford Holly, ,Ilex cornuta, ,1,0,5,0,1,0, ,3759520,280471
824,825,2621,2017-11-16,0,Burford Holly, ,Ilex cornuta, ,2,7,18,22,0,0, ,3759520,280470
825,826,2622,2017-11-16,0,Burford Holly, ,Ilex cornuta, ,6,6,18,18,0,0, ,3759520,280468
826,827,2623,2017-11-15,0,Princeton Elm, ,Ulmus americana, ,2,8,18,35,1,0, ,3759510,280583
827,828,2624,2017-11-17,0,Crape Myrtle, ,Lagerstroemia x, ,2,5,17,29,1,0, ,3759510,280562
828,829,2625,,0,Water Oak, ,Quercus nigra, ,38,0,60,0,1,0, ,3759510,280787
829,830,2626,2017-11-16,0,Crape Myrtle, ,Lagerstroemia x, ,2,4,22,34,0,0, ,3759520,280411
830,831,2627,2017-11-05,-99,Sugar Maple, ,Acer saccharum, ,7,0,30,0,1,0, ,3759510,280695
831,832,2628,2017-11-17,0,Vitex, ,Vitex agnus-castus, ,6,7,18,21,0,0, ,3759510,280544
832,833,2629,2017-11-17,0,Vitex, ,Vitex agnus-castus, ,5,7,19,23,0,0, ,3759510,280547
833,834,2630,2017-11-05,0,Sugar Maple, ,Acer saccharum, ,19,21,44,51,1,0, ,3759510,280717
834,835,2631,,0,Chinese Pistache, ,Pistacia chinensis, ,2,0,12,0,1,0, ,3759510,280749
835,836,2632,2017-10-20,-99,Holly, ,Ilex, ,2,0,17,0,1,0, ,3759520,280471
836,837,2633,2017-11-16,0,Holly, ,Ilex, ,6,6,20,20,0,0, ,3759520,280468
837,838,2634,2017-11-16,0,Holly, ,Ilex, ,2,5,19,22,0,0, ,3759520,280470
838,839,2635,2017-11-17,0,Holly, ,Ilex, ,11,12,27,33,0,0, ,3759520,280555
839,840,2636,2017-11-16,0,Japanese Maple, ,Acer palmatum, ,6,7,21,27,0,1, ,3759520,280430
840,841,2637,,0,Redbud, ,Cercis canadensis, ,1,0,5,0,1,0, ,3759510,280801
841,842,2638,,0,Hophornbeam, ,Ostrya virginiana, ,3,0,18,0,1,0, ,3759510,280806
842,843,2639,,0,Chinese Pistache, ,Pistacia chinensis, ,2,0,13,0,1,0, ,3759510,280742
843,844,2640,,0,Redbud, ,Cercis canadensis, ,4,0,25,0,1,0, ,3759510,280810
844,845,2641,2017-11-15,0,Saucer Magnolia, ,Magnolia stellata, ,5,6,22,23,1,0, ,3759520,280613
845,846,2642,,0,Southern Magnolia, ,Magnolia grandiflora, ,25,0,51,0,1,0, ,3759510,280762
846,847,2643,2017-11-16,0,Crape Myrtle, ,Lagerstroemia x, ,6,6,26,37,0,0, ,3759520,280410
847,848,2644,2017-11-15,0,Vitex, ,Vitex agnus-castus, ,4,4,17,21,0,0, ,3759520,280594
848,849,2645,2017-11-05,0,Sugar Maple, ,Acer saccharum, ,6,13,29,48,1,0, ,3759510,280709
849,850,2646,,0,Hophornbeam, ,Ostrya virginiana, ,3,0,18,0,1,0, ,3759510,280816
850,851,2647,2017-11-17,0,Crape Myrtle, ,Lagerstroemia x, ,3,7,17,33,1,0, ,3759520,280562
851,852,2649,2017-11-15,0,Saucer Magnolia, ,Magnolia  stellata, ,5,5,19,24,1,0, ,3759520,280616
852,853,2650,,0,Eastern Redbud, ,Cercis canadensis, ,1,0,7,0,1,0, ,3759510,280847
853,854,2651,2017-09-09,0,Willow Oak, ,Quercus phellos, ,7,15,39,57,0,0, ,3759720,280688
854,855,2652,2017-10-21,0,Green Ash, ,Fraxinus pernnsylvanica, ,5,10,20,35,0,0, ,3759710,280640
855,856,2653,2018-01-06,0,Water Oak, ,Quercus nigra, ,26,28,82,85,0,0, ,3759720,280419
856,857,2654,,0,Darlington Oak, ,Quercus hemisphaerica, ,2,0,15,0,1,0, ,3759710,280785
857,858,2655,2017-09-09,0,Water Oak, ,Quercus nigra, ,33,34,55,68,1,0, ,3759710,280612
858,859,2656,2017-09-09,0,Sugar Maple, ,Acer saccharum, ,7,11,34,39,1,0, ,3759710,280603
859,860,2657,2018-01-06,0,Southern Magnolia, ,Magnolia grandiflora, ,7,21,59,60,0,0, ,3759720,280411
860,861,2658,2017-10-11,0,Okame Cherry, ,Prunus x incamp, ,3,5,11,20,0,0, ,3759720,280446
861,862,2659,2018-01-06,0,American Beech, ,Fagus grandifolia, ,1,3,8,24,0,0, ,3759720,280416
862,863,2660,,0,Weeping Yaupon Holly, ,Ilex vomitoria, ,3,5,6,29,0,0, ,3759720,280459
863,864,2661,,0,Autumn Blaze Maple, ,Acer x freemanii, ,4,0,28,0,1,0, ,3759710,280805
864,865,2662,2017-10-11,0,Weeping Yaupon Holly, ,Ilex vomitoria, ,4,6,6,26,0,0, ,3759720,280462
865,866,2663,2018-01-06,-99,Cherry Laurel, ,Prunus caroliniana, ,10,0,26,0,1,0, ,3759720,280415
866,867,2664,2017-10-11,0,Weeping Yaupon Holly, ,Ilex vomitoria, ,3,5,7,28,0,0, ,3759720,280460
867,868,2665,2017-09-09,0,Shumard Oak, ,Quercus shumardii, ,9,18,34,58,1,0, ,3759720,280627
868,869,2666,2018-01-06,-99,Cherry Laurel, ,Prunus caroliniana, ,8,0,19,0,1,0, ,3759720,280411
869,870,2667,2017-09-09,0,Canadian Hemlock, ,Tsuga canadensis, ,8,13,52,61,1,0, ,3759720,280662
870,871,2668,2017-10-11,0,Okame Cherry, ,Prunus x incamp, ,3,3,12,17,0,0, ,3759720,280447
871,872,2669,2017-10-01,0,Water Oak, ,Quercus nigra, ,29,32,67,84,1,0, ,3759720,280526
872,873,2670,,0,Autumn Blaze Maple, ,Acer x freemanii, ,2,0,23,0,1,0, ,3759710,280801
873,874,2671,2018-01-06,-99,Japanese Privet, ,Ligustrum japonicum, ,6,0,37,0,1,0, ,3759730,280412
874,875,2672,2017-09-09,0,Pecan, ,Carya illinionensis, ,26,27,67,67,1,0, ,3759720,280598
875,876,2673,,0,Darlington Oak, ,Quercus hemisphaerica, ,8,0,30,0,1,0, ,3759710,280787
876,877,2674,2018-01-06,0,Red Elm, ,Ulmus rubra, ,12,16,27,40,0,0, ,3759730,280414
877,878,2675,2017-10-11,0,Okame Cherry, ,Prunus x incamp, ,3,4,13,15,0,0, ,3759730,280449
878,879,2676,2017-09-09,0,Willow Oak, ,Quercus phellos, ,8,11,39,47,0,0, ,3759730,280685
879,880,2677,2017-09-29,0,Serviceberry, ,Amelanchier arborea, ,2,3,11,19,0,0, ,3759730,280514
880,881,2678,,0,Autumn Blaze Maple, ,Acer x freemanii, ,2,0,23,0,1,0, ,3759720,280798
881,882,2679,2017-09-09,0,Southern Magnolia, ,Magnolia grandiflora, ,25,28,43,66,0,0, ,3759720,280648
882,883,2681,2017-10-01,0,Zelkova, ,Zelkova serrata, ,26,24,49,58,1,0, ,3759730,280487
883,884,2682,2017-09-09,0,Southern Magnolia, ,Magnolia grandiflora, ,24,25,42,47,1,0, ,3759730,280590
884,885,2683,2017-10-11,0,Trident maple, ,Acer buergerianum, ,8,10,33,37,0,0,Corrected species,3759730,280439
885,886,2685,2017-10-01,0,Zelkova, ,Zelkova serrata, ,18,19,47,53,0,0, ,3759730,280494
886,887,2686,2017-10-01,0,Water Oak, ,Quercus nigra, ,15,17,43,54,1,0, ,3759730,280524
887,888,2687,2017-09-09,0,Tulip Poplar, ,Liriodendron tulipifera, ,9,16,40,57,1,0, ,3759730,280619
888,889,2688,,0,Loblolly Pine, ,Pinus taeda, ,21,0,66,0,1,0, ,3759720,280714
889,890,2689,2017-10-11,0,Zelkova, ,Zelkova serrata, ,9,15,20,21,1,1, ,3759730,280453
890,891,2690,2017-10-01,0,Zelkova, ,Zelkova serrata, ,27,25,50,61,0,0,Bulge at bh. Measured below per standards,3759730,280498
891,892,2691,,0,Loblolly Pine, ,Pinus taeda, ,20,0,68,0,1,0, ,3759730,280711
892,893,2692,2017-09-09,0,Southern Red Oak, ,Quercus falcata, ,25,25,69,71,1,1, ,3759730,280670
893,894,2693,,0,Darlington Oak, ,Quercus hemisphaerica, ,9,0,32,0,1,0, ,3759720,280784
894,895,2694,,0,Tulip Poplar, ,Liriodendron tulipifera, ,5,0,34,0,1,0, ,3759720,280800
895,896,2695,,0,Japanese Maple, ,Acer palmatum, ,3,0,24,0,1,0, ,3759730,280716
896,897,2696,2017-09-09,0,Flowering Dogwood, ,Cornus florida, ,2,5,14,33,0,0, ,3759730,280637
897,898,2697,2017-09-08,-99,Flowering Crabapple, ,Malus spp., ,4,0,12,0,1,0, ,3759730,280611
898,899,2698,2017-09-29,0,Paperbark Maple, ,Acer griseum, ,2,3,17,21,1,0, ,3759730,280530
899,900,2699,2017-09-09,0,Northern Red Oak, ,Quercus rubra, ,4,9,23,34,0,0, ,3759730,280635
900,901,2700,2017-10-11,0,Foster's Holly, ,Ilex x attenuata, ,4,6,23,27,0,0, ,3759740,280477
901,902,2701,2017-10-11,0,Katsura Tree, ,Cercidiphylum japonicum, ,5,6,25,27,0,0, ,3759740,280474
902,903,2702,,0,Dahoon Holly, ,Ilex cassine, ,8,0,37,0,1,0, ,3759730,280715
903,904,2703,2017-09-29,0,Foster's Holly, ,Ilex x attenuata, ,3,5,10,23,0,0, ,3759740,280511
904,905,2704,,0,Dahoon Holly, ,Ilex cassine, ,11,0,44,0,1,0, ,3759730,280716
905,906,2705,2017-09-29,0,Foster's Holly, ,Ilex x attenuata, ,4,5,15,30,0,0, ,3759740,280513
906,907,2706,2017-09-09,0,Willow Oak, ,Quercus phellos, ,7,12,37,50,0,0, ,3759740,280683
907,908,2707,2017-09-29,0,Paperbark Maple, ,Acer griseum, ,3,5,18,21,1,0, ,3759740,280530
908,909,2708,2017-09-29,0,Foster's Holly, ,Ilex x attenuata, ,2,4,13,27,0,0, ,3759740,280515
909,910,2709,2017-09-09,0,Pin Oak, ,Quercus palustris, ,20,24,69,83,1,0, ,3759740,280604
910,911,2710,,0,Autumn Blaze Maple, ,Acer x freemanii, ,3,0,24,0,1,0, ,3759730,280798
911,912,2711,2017-09-13,-99,Cherokee Princess Dogwood, ,Cornus florida, ,1,0,7,0,1,0, ,3759740,280577
912,913,2712,,0,Darlington Oak, ,Quercus hemisphaerica, ,4,0,19,0,1,0, ,3759730,280780
913,914,2713,2017-09-09,0,Southern Red Oak, ,Quercus falcata, ,29,31,60,64,1,0, ,3759740,280667
914,915,2714,2017-09-09,0,Water Oak, ,Quercus nigra, ,10,18,38,62,1,0, ,3759740,280620
915,916,2715,2017-10-11,0,Foster's Holly, ,Ilex x attenuata, ,5,6,25,38,0,0, ,3759740,280475
916,917,2716,2017-09-13,-99,Cherokee Princess Dogwood, ,Cornus florida, ,1,0,7,0,1,0, ,3759740,280575
917,918,2717,,0,Autumn Blaze Maple, ,Acer x freemanii, ,5,0,41,0,1,0, ,3759730,280818
918,919,2718,2017-10-11,0,Sweetbay Magnolia, ,Magnolia virginiana, ,6,11,36,43,0,0, ,3759740,280422
919,920,2719,2017-09-09,0,Sugar Maple, ,Acer saccharum, ,10,11,37,47,1,0, ,3759740,280655
920,921,2720,2017-10-11,-99,Katsura Tree, ,Cercidiphylum japonicum, ,5,0,21,0,1,0, ,3759740,280472
921,922,2721,,0,Dahoon Holly, ,Ilex cassine, ,9,0,46,0,1,0, ,3759740,280713
922,923,2722,,0,Tulip Poplar, ,Liriodendron tulipifera, ,6,0,25,0,1,0, ,3759740,280815
923,924,2723,2017-09-29,0,Flowering Dogwood, ,Cornus florida, ,4,6,19,23,1,0, ,3759750,280520
924,925,2724,2017-09-13,-99,Cherokee Princess Dogwood, ,Cornus florida, ,1,0,7,0,1,0, ,3759740,280575
925,926,2726,2017-10-11,0,European Hornbeam, ,Carpinus betulus, ,4,10,28,38,0,0, ,3759750,280451
926,927,2727,2017-09-09,0,Water Oak, ,Quercus nigra, ,57,59,83,106,1,1,could be pruned to save,3759740,280584
927,928,2728,2017-09-29,0,Flowering Dogwood, ,Cornus florida, ,5,6,19,24,0,0, ,3759750,280512
928,929,2729,2017-09-09,0,Burford Holly, ,Ilex cornuta, ,5,8,22,28,0,0, ,3759740,280633
929,930,2731,,0,Flowering Crabapple, ,Malus spp., ,10,0,26,0,1,0, ,3759710,280715
930,931,2732,,0,Brodie Cedar, ,Juniperus virginiana, ,2,0,18,0,1,0, ,3759700,280814
931,932,2733,2018-01-06,0,Lusterleaf Holly, ,Ilex latifolia, ,1,4,12,18,0,0, ,3759710,280416
932,933,2734,,0,Brodie Cedar, ,Juniperus virginiana, ,4,0,22,0,1,0, ,3759700,280803
933,934,2735,,0,Brodie Cedar, ,Juniperus virginiana, ,1,0,8,0,1,0, ,3759700,280822
934,935,2736,2017-10-15,0,Cherokee Princess Dogwood, ,Cornus florida, ,1,2,7,13,0,0, ,3759710,280475
935,936,2737,2017-10-21,0,Flowering Dogwood, ,Cornus florida, ,7,10,31,51,0,0, ,3759710,280677
936,937,2738,,0,Brodie Cedar, ,Juniperus virginiana, ,2,0,17,0,1,0, ,3759700,280819
937,938,2739,2017-10-01,-99,Cherry Laurel, ,Prunus caroliniana, ,1,0,3,0,1,0, ,3759720,280492
938,939,2740,,0,Darlington Oak, ,Quercus hemisphaerica, ,7,0,27,0,1,0, ,3759710,280780
939,940,2741,2017-10-01,0,Cherry Laurel, ,Prunus caroliniana, ,1,2,7,8,1,0, ,3759720,280487
940,941,2742,2017-10-01,0,Cherry Laurel, ,Prunus caroliniana, ,2,4,7,24,0,0, ,3759720,280498
941,942,2743,2017-10-11,0,Black Oak, ,Quercus virginiana, ,30,33,95,106,1,0, ,3759720,280481
942,943,2744,2017-10-01,0,Cherry Laurel, ,Prunus caroliniana, ,2,3,11,22,1,0, ,3759720,280490
943,944,2745,2017-10-11,0,European Hornbeam, ,Carpinus betulus, ,4,8,27,38,0,0, ,3759750,280455
944,945,2747,2017-09-09,0,Willow Oak, ,Quercus phellos, ,7,13,36,45,0,0, ,3759750,280680
945,946,2748,2017-09-08,-99,Sugar Maple, ,Acer saccharum, ,6,0,34,0,1,0, ,3759740,280610
946,947,2756,2017-08-16,0,Shumard Oak, ,Quercus shumardii, ,8,15,42,66,1,0, ,3759750,280597
947,948,2758,2017-10-11,0,European Hornbeam, ,Carpinus betulus, ,4,9,27,38,0,0, ,3759750,280459
948,949,2759,2017-09-09,-99,Crape Myrtle, ,Lagerstroemia x, ,7,0,25,0,1,0, ,3759740,280658
949,950,2761,,0,Autumn Blaze Maple, ,Acer x freemanii, ,4,0,32,0,1,0, ,3759740,280812
950,951,2762,2017-09-13,0,Holly, ,Ilex, ,4,6,25,40,1,0, ,3759750,280529
951,952,2763,2017-09-29,0,Flowering Dogwood, ,Cornus florida, ,3,5,17,23,1,0, ,3759750,280518
952,953,2764,2017-09-29,0,Flowering Dogwood, ,Cornus florida, ,2,4,11,19,0,0, ,3759750,280510
953,954,2765,,0,Tulip Poplar, ,Liriodendron tulipifera, ,9,0,42,0,1,0, ,3759740,280780
954,955,2769,2017-09-09,-99,Crape Myrtle, ,Lagerstroemia x, ,5,0,26,0,1,0, ,3759750,280661
955,956,2770,2017-10-11,0,Foster's Holly, ,Ilex x attenuata, ,2,4,12,21,0,0, ,3759750,280417
956,957,2771,2017-09-13,-99,Holly, ,Ilex, ,4,0,26,0,1,0, ,3759750,280531
957,958,2773,2017-09-13,-99,Holly, ,Ilex, ,8,0,36,0,1,0, ,3759750,280535
958,959,2775,,0,Brodie Cedar, ,Juniperus virginiana, ,3,0,22,0,1,0, ,3759750,280810
959,960,2776,,0,Autumn Blaze Maple, ,Acer x freemanii, ,3,0,29,0,1,0, ,3759750,280815
960,961,2778,2017-10-11,0,Vitex, ,Vitex agnus-castus, ,1,4,12,25,0,0, ,3759760,280466
961,962,2779,,0,Tulip Poplar, ,Liriodendron tulipifera, ,4,0,30,0,1,0, ,3759750,280780
962,963,2780,2017-09-13,-99,Holly, ,Ilex, ,6,0,28,0,1,0, ,3759760,280532
963,964,2781,,0,Tulip Poplar, ,Liriodendron tulipifera, ,8,0,40,0,1,0, ,3759750,280783
964,965,2783,2017-09-29,0,Flowering Dogwood, ,Cornus florida, ,3,4,15,20,1,0, ,3759760,280517
965,966,2784,2017-09-09,0,White Oak, ,Quercus alba, ,8,16,33,57,1,0, ,3759750,280616
966,967,2785,2017-09-13,0,Kousa dogwood, ,Cornus kousa, ,2,4,21,26,1,0,Originally misidentified as flowering dogwood,3759760,280546
967,968,2786,,0,Brodie Cedar, ,Juniperus virginiana, ,3,0,23,0,1,0, ,3759750,280811
968,969,2787,2017-09-09,0,Willow Oak, ,Quercus phellos, ,7,16,37,59,0,0, ,3759760,280678
969,970,2788,2017-09-29,0,Flowering Dogwood, ,Cornus florida, ,3,6,16,31,0,0, ,3759760,280509
970,971,2789,2017-10-11,0,Water Oak, ,Quercus nigra, ,28,30,66,78,0,0, ,3759760,280413
971,972,2791,2017-09-09,0,Burford Holly, ,Ilex cornuta, ,3,10,20,26,0,0, ,3759750,280630
972,973,2792,2017-09-09,-99,Cherry Laurel, ,Prunus caroliniana, ,5,0,17,0,1,0, ,3759750,280648
973,974,2794,2017-09-09,-99,Flowering Dogwood, ,Cornus florida, ,6,0,28,0,1,0, ,3759760,280628
974,975,2795,2017-08-16,0,Ginkgo, ,Ginkgo biloba, ,2,5,10,25,1,0, ,3759760,280586
975,976,2796,,0,Brodie Cedar, ,Juniperus virginiana, ,3,0,27,0,1,0, ,3759750,280810
976,977,2797,2017-09-13,-99,Flowering Dogwood, ,Cornus florida, ,2,0,20,0,1,0, ,3759760,280535
977,978,2798,2017-10-11,0,Vitex, ,Vitex agnus-castus, ,1,2,7,20,0,0, ,3759760,280461
978,979,2799,2017-09-13,-99,Flowering Dogwood, ,Cornus florida, ,4,0,24,0,1,0, ,3759760,280541
979,980,2800,,0,Southern Red Oak, ,Quercus falcata, ,37,39,80,80,1,1, ,3759760,280662
980,981,2801,2017-09-13,-99,Flowering Dogwood, ,Cornus florida, ,2,0,23,0,1,0, ,3759760,280537
981,982,2802,2017-09-29,0,Water Oak, ,Quercus nigra, ,14,20,46,61,1,0, ,3759760,280516
982,983,2803,2017-09-09,0,Cherry Laurel, ,Prunus caroliniana, ,9,11,30,36,0,0, ,3759760,280648
983,984,2804,2017-08-16,0,Pecan, ,Carya illinionensis, ,29,29,57,73,1,0, ,3759760,280604
984,985,2805,,0,Brodie Cedar, ,Juniperus virginiana, ,3,0,22,0,1,0, ,3759750,280812
985,986,2806,2017-10-11,0,Vitex, ,Vitex agnus-castus, ,1,2,7,24,0,0, ,3759760,280465
986,987,2807,,0,Autumn Blaze Maple, ,Acer x freemanii, ,4,0,25,0,1,0, ,3759750,280815
987,988,2808,2017-09-09,-99,Flowering Dogwood, ,Cornus florida, ,3,0,13,0,1,0, ,3759760,280630
988,989,2809,,0,Tulip Poplar, ,Liriodendron tulipifera, ,11,0,43,0,1,0, ,3759750,280777
989,990,2811,2017-09-13,0,Holly, ,Ilex, ,6,11,31,51,1,0, ,3759760,280561
990,991,2812,2017-09-09,0,Cherry Laurel, ,Prunus caroliniana, ,6,8,39,36,0,0,h shrank?,3759760,280648
991,992,2813,,0,Sugar Maple, ,Acer saccharum, ,10,0,50,0,1,0, ,3759760,280755
992,993,2816,,0,Brodie Cedar, ,Juniperus virginiana, ,2,0,18,0,1,0, ,3759750,280808
993,994,2817,2017-09-29,0,Flowering Dogwood, ,Cornus florida, ,3,5,14,29,0,0, ,3759760,280507
994,995,2818,2017-09-13,0,Holly, ,Ilex, ,4,7,22,39,1,0, ,3759760,280565
995,996,2819,,0,Brodie Cedar, ,Juniperus virginiana, ,3,0,24,0,1,0, ,3759760,280811
996,997,2820,2017-09-29,0,Water Oak, ,Quercus nigra, ,15,21,47,57,1,0, ,3759760,280514
997,998,2821,,0,Tulip Poplar, ,Liriodendron tulipifera, ,8,0,40,0,1,0, ,3759760,280791
998,999,2822,2017-10-11,0,Sugar Maple, ,Acer saccharum, ,12,15,33,48,1,0, ,3759770,280464
999,1000,2823,2017-09-15,0,Flowering Dogwood, ,Cornus florida, ,8,12,22,22,0,0, ,3759770,280476
1000,1001,2824,,0,Sweetbay Magnolia, ,Magnolia virginiana, ,1,5,12,33,0,0, ,3759770,280485
1001,1002,2825,2017-09-09,0,Flowering Dogwood, ,Cornus florida, ,4,6,22,29,0,0, ,3759760,280647
1002,1003,2826,2017-08-16,0,Deodar Cedar, ,Cedrus deodara, ,31,31,66,67,1,0, ,3759760,280576
1003,1004,2828,2017-09-13,-99,Water Oak, ,Quercus nigra, ,41,0,78,0,1,0, ,3759770,280553
1004,1005,2829,2017-09-13,0,Water Oak, ,Quercus nigra, ,36,39,64,88,1,0, ,3759770,280539
1005,1006,2830,2017-08-16,0,Pecan, ,Carya illinionensis, ,29,31,57,82,1,0,grew 25 ft?,3759760,280614
1006,1007,2831,,0,Brodie Cedar, ,Juniperus virginiana, ,2,0,18,0,1,0, ,3759760,280807
1007,1008,2833,,0,Darlington Oak, ,Quercus hemisphaerica, ,4,0,26,0,1,0, ,3759760,280813
1008,1009,2834,2017-10-11,0,Water Oak, ,Quercus nigra, ,27,31,66,76,0,0, ,3759770,280410
1009,1010,2836,,0,Sweetbay Magnolia, ,Magnolia virginiana, ,1,3,12,32,0,0, ,3759770,280483
1010,1011,2837,2017-08-16,0,Vitex, ,Vitex agnus-castus, ,5,7,21,27,1,0, ,3759770,280582
1011,1012,2838,2017-09-29,0,Flowering Dogwood, ,Cornus florida, ,3,5,12,19,1,0, ,3759770,280513
1012,1013,2839,,0,Brodie Cedar, ,Juniperus virginiana, ,3,0,25,0,1,0, ,3759760,280804
1013,1014,2840,2017-09-13,0,Serviceberry, ,Amelanchier arborea, ,2,2,11,15,1,0, ,3759770,280523
1014,1015,2841,2017-10-01,0,Sweetbay Magnolia, ,Magnolia virginiana, ,1,3,11,30,0,0, ,3759770,280486
1015,1016,2842,,0,River Birch, ,Betula nigra, ,4,0,28,0,1,0, ,3759760,280760
1016,1017,2843,2017-08-16,-99,Flowering Dogwood, ,Cornus florida, ,3,0,20,0,1,0, ,3759770,280616
1017,1018,2844,2017-10-01,0,Sweetbay Magnolia, ,Magnolia virginiana, ,2,3,17,24,0,0, ,3759770,280506
1018,1019,2845,2017-10-01,0,Sweetbay Magnolia, ,Magnolia virginiana, ,3,4,18,31,0,0, ,3759770,280497
1019,1020,2846,2017-10-01,-99,Sweetbay Magnolia, ,Magnolia virginiana, ,2,0,17,0,1,0, ,3759770,280494
1020,1021,2848,2017-10-01,0,Sweetbay Magnolia, ,Magnolia virginiana, ,1,3,16,26,0,0, ,3759770,280501
1021,1022,2849,2017-09-13,0,Southern Magnolia, ,Magnolia grandiflora, ,6,18,40,54,0,0, ,3759770,280560
1022,1023,2851,2017-08-16,0,Flowering Dogwood, ,Cornus florida, ,4,4,20,25,1,0, ,3759770,280614
1023,1024,2853,2017-10-01,0,Sweetbay Magnolia, ,Magnolia virginiana, ,2,3,22,27,0,0, ,3759770,280504
1024,1025,2854,2017-10-01,0,Southern Magnolia, ,Magnolia grandiflora, ,6,9,28,37,0,0, ,3759780,280491
1025,1026,2855,2017-09-15,0,Swamp Laurel Oak, ,Quercus laurifolia, ,12,20,40,54,0,0, ,3759780,280474
1026,1027,2856,2017-10-01,0,Sweetbay Magnolia, ,Magnolia virginiana, ,3,3,16,24,0,0, ,3759780,280499
1027,1028,2857,2017-08-16,0,Vitex, ,Vitex agnus-castus, ,3,9,22,22,1,0, ,3759770,280597
1028,1029,2858,2017-10-01,0,Southern Magnolia, ,Magnolia grandiflora, ,4,7,28,38,0,0, ,3759780,280486
1029,1030,2859,2017-10-11,0,Foster's Holly, ,Ilex x attenuata, ,1,2,7,15,0,0, ,3759780,280411
1030,1031,2860,2017-07-18,-99,Flowering Dogwood, ,Cornus florida, ,2,0,11,0,1,0, ,3759770,280629
1031,1032,2862,,0,River Birch, ,Betula nigra, ,3,0,36,0,1,0, ,3759770,280764
1032,1033,2863,2017-09-13,0,Water Oak, ,Quercus nigra, ,29,31,67,70,1,1, ,3759780,280525
1033,1034,2864,,0,Sugar Maple, ,Acer saccharum, ,11,0,41,0,1,0, ,3759770,280752
1034,1035,2865,2017-08-16,-99,Flowering Dogwood, ,Cornus florida, ,0,0,33,0,1,0, ,3759770,280615
1035,1036,2866,2017-10-01,0,Sweetbay Magnolia, ,Magnolia virginiana, ,3,3,18,27,0,0, ,3759780,280501
1036,1037,2867,,0,Southern Magnolia, ,Magnolia grandiflora, ,5,7,28,38,0,0, ,3759780,280495
1037,1038,2868,,0,Darlington Oak, ,Quercus hemisphaerica, ,7,0,26,0,1,0, ,3759770,280810
1038,1039,2870,,0,River Birch, ,Betula nigra, ,3,0,31,0,1,0, ,3759770,280759
1039,1040,2871,2017-09-09,0,Okame Cherry, ,Prunus x incamp, ,2,4,12,15,0,0, ,3759770,280660
1040,1041,2872,,0,Smoke Tree, ,Cotinus coggygria, ,5,0,24,0,1,0, ,3759770,280720
1041,1042,2873,2017-07-18,0,Water Oak, ,Quercus nigra, ,34,35,80,89,1,1, ,3759770,280633
1042,1043,2874,2017-08-16,0,Kwanzan Cherry, ,Prunus serrulata, ,16,17,27,27,0,0, ,3759780,280573
1043,1044,2875,2017-07-18,-99,Flowering Dogwood, ,Cornus florida, ,2,0,12,0,1,0, ,3759770,280623
1044,1045,2876,,0,Smoke Tree, ,Cotinus coggygria, ,7,0,22,0,1,0, ,3759770,280722
1045,1046,2877,2017-08-16,0,Southern Magnolia, ,Magnolia grandiflora, ,28,28,61,77,1,0, ,3759780,280610
1046,1047,2878,2017-09-15,0,Japanese Maple, ,Acer palmatum, ,3,2,12,16,1,0, ,3759780,280481
1047,1048,2879,2017-10-01,0,Southern Magnolia, ,Magnolia grandiflora, ,4,5,21,30,0,0, ,3759780,280499
1048,1049,2881,,0,Pecan, ,Carya illinionensis, ,29,0,82,0,1,0, ,3759770,280709
1049,1050,2882,,0,Smoke Tree, ,Cotinus coggygria, ,7,0,20,0,1,0, ,3759770,280721
1050,1051,2883,2017-09-13,0,Flowering Dogwood, ,Cornus florida, ,1,3,16,24,1,0, ,3759780,280530
1051,1052,2884,2017-07-18,0,Water Oak, ,Quercus nigra, ,26,27,75,86,1,1, ,3759780,280639
1052,1053,2885,2017-07-18,-99,Cherry Laurel, ,Prunus caroliniana, ,4,0,24,0,1,0, ,3759780,280647
1053,1054,2886,2017-07-18,-99,Cherry Laurel, ,Prunus caroliniana, ,3,0,18,0,1,0, ,3759780,280649
1054,1055,2887,2017-09-09,0,Japanese Maple, ,Acer palmatum, ,3,3,14,15,0,0, ,3759780,280670
1055,1056,2888,2017-07-18,0,Water Oak, ,Quercus nigra, ,35,36,76,94,1,1, ,3759780,280625
1056,1057,2889,,0,Bald Cypress, ,Taxodium distichum, ,5,0,31,0,1,0, ,3759770,280761
1057,1058,2890,,0,Sugar Maple, ,Acer saccharum, ,2,0,17,0,1,0, ,3759770,280751
1058,1059,2891,2017-07-18,-99,Cherry Laurel, ,Prunus caroliniana, ,3,0,24,0,1,0, ,3759780,280650
1059,1060,2892,2017-07-18,-99,Cherry Laurel, ,Prunus caroliniana, ,1,0,18,0,1,0, ,3759780,280645
1060,1061,2893,2017-09-09,0,Japanese Maple, ,Acer palmatum, ,2,2,12,17,0,0, ,3759780,280672
1061,1062,2894,2017-09-13,0,Flowering Dogwood, ,Cornus florida, ,1,2,8,15,1,0, ,3759780,280534
1062,1063,2895,2017-09-09,0,Japanese Maple, ,Acer palmatum, ,3,1,11,16,0,0,cut,3759780,280675
1063,1064,2896,2017-07-18,-99,Vitex, ,Vitex agnus-castus, ,6,0,26,0,1,0, ,3759780,280658
1064,1065,2898,2017-07-18,-99,Crape Myrtle, ,Lagerstroemia x, ,5,0,25,0,1,0, ,3759780,280652
1065,1066,2899,2017-07-16,-99,Crape Myrtle, ,Lagerstroemia x, ,3,0,15,0,1,0, ,3759780,280584
1066,1067,2900,2017-10-11,0,Flowering Dogwood, ,Cornus florida, ,2,5,18,26,0,0, ,3759790,280457
1067,1068,2901,2017-09-13,0,Flowering Dogwood, ,Cornus florida, ,1,2,9,16,1,0, ,3759780,280532
1068,1069,2902,2017-09-13,0,Water Oak, ,Quercus nigra, ,56,59,80,80,1,1, ,3759780,280539
1069,1070,2903,,0,Darlington Oak, ,Quercus hemisphaerica, ,7,0,26,0,1,0, ,3759780,280807
1070,1071,2904,,0,Pecan, ,Carya illinionensis, ,24,0,65,0,1,0, ,3759780,280700
1071,1072,2905,2017-09-15,0,Japanese Maple, ,Acer palmatum, ,4,4,15,17,1,0, ,3759790,280479
1072,1073,2906,2017-09-15,0,Swamp Laurel Oak, ,Quercus laurifolia, ,13,25,35,56,1,0, ,3759790,280471
1073,1074,2907,2017-09-15,0,Flowering Dogwood, ,Cornus florida, ,3,4,12,20,1,0, ,3759790,280516
1074,1075,2908,,0,Bald Cypress, ,Taxodium distichum, ,5,0,31,0,1,0, ,3759780,280760
1075,1076,2909,,0,Loblolly Pine, ,Pinus taeda, ,15,0,55,0,1,0, ,3759780,280737
1076,1077,2910,2017-09-13,0,Flowering Dogwood, ,Cornus florida, ,1,2,11,13,1,0, ,3759790,280542
1077,1078,2911,2017-09-15,0,Water Oak, ,Quercus nigra, ,3,8,23,44,1,0, ,3759790,280521
1078,1079,2912,2017-09-13,0,Flowering Dogwood, ,Cornus florida, ,3,4,17,20,1,0, ,3759790,280533
1079,1080,2913,2017-07-16,-99,Crape Myrtle, ,Lagerstroemia x, ,6,0,22,0,1,0, ,3759790,280599
1080,1081,2914,2017-09-13,0,Flowering Dogwood, ,Cornus florida, ,3,3,15,22,1,0, ,3759790,280536
1081,1082,2915,2017-10-01,-99,Pin Oak, ,Quercus palustris, ,35,0,57,0,1,0, ,3759790,280456
1082,1083,2916,,0,Loblolly Pine, ,Pinus taeda, ,22,0,55,0,1,0, ,3759780,280734
1083,1084,2917,,0,Japanese Pagodatree, ,Sophora japonica, ,16,0,33,0,1,0, ,3759780,280719
1084,1085,2918,2017-06-27,0,Deodar Cedar, ,Cedrus deodara, ,8,15,49,57,0,0, ,3759790,280416
1085,1086,2919,2017-09-13,0,Flowering Dogwood, ,Cornus florida, ,1,2,9,16,1,0, ,3759790,280544
1086,1087,2920,2017-09-13,0,Flowering Dogwood, ,Cornus florida, ,1,3,11,17,1,0, ,3759790,280541
1087,1088,2921,2017-07-18,0,Star Magnolia, ,Magnolia stellata, ,5,8,25,36,1,0, ,3759790,280655
1088,1089,2922,2017-07-19,0,Willow Oak, ,Quercus phellos, ,8,16,38,57,0,0, ,3759790,280673
1089,1090,2923,,0,Bald Cypress, ,Taxodium distichum, ,5,0,31,0,1,0, ,3759780,280756
1090,1091,2924,2017-07-19,0,Crape Myrtle, ,Lagerstroemia x, ,4,7,24,35,1,0, ,3759790,280678
1091,1092,2925,,0,Darlington Oak, ,Quercus hemisphaerica, ,3,0,12,0,1,0, ,3759780,280803
1092,1093,2926,2017-09-15,0,Japanese maple, ,Acer palmatum, ,3,3,13,16,1,0, ,3759790,280499
1093,1094,2927,2017-07-18,0,Flowering Dogwood, ,Cornus florida, ,4,4,17,22,0,0, ,3759790,280618
1094,1095,2928,2017-10-01,0,Flowering Dogwood, ,Cornus florida, ,4,6,18,25,0,0, ,3759800,280464
1095,1096,2929,,0,Crape Myrtle, ,Lagerstroemia x, ,4,0,24,0,1,0, ,3759790,280704
1096,1097,2930,2017-07-18,0,Black Oak, ,Quercus velutina, ,40,42,68,74,1,1, ,3759790,280620
1097,1098,2931,,0,Willow Oak, ,Quercus phellos, ,18,0,52,0,1,0, ,3759790,280730
1098,1099,2932,2017-09-15,0,Water Oak, ,Quercus nigra, ,11,17,40,49,1,0, ,3759800,280506
1099,1100,2933,2017-07-16,0,Nellie R. Stevens Holly, ,Ilex x 'Nellie R. Stevens', ,5,7,19,25,0,0, ,3759790,280603
1100,1101,2934,2017-10-01,-99,Holly, ,Ilex, ,3,0,12,0,1,0, ,3759800,280440
1101,1102,2935,2017-09-15,0,Swamp Laurel Oak, ,Quercus laurifolia, ,11,20,35,52,1,0, ,3759800,280468
1102,1103,2936,2017-07-16,-99,"Yoshino Cherry, Weeping", ,Prunus x yedoensis, ,7,0,21,0,1,0, ,3759800,280608
1103,1104,2937,2017-10-01,0,Holly, ,Ilex, ,3,5,13,22,0,0, ,3759800,280447
1104,1105,2938,,0,Bald Cypress, ,Taxodium distichum, ,7,0,34,0,1,0, ,3759790,280758
1105,1106,2939,2017-09-13,-99,Winged Elm, ,Ulmus alata, ,13,0,49,0,1,0, ,3759800,280549
1106,1107,2940,2017-10-01,0,Flowering Dogwood, ,Cornus florida, ,4,4,17,24,0,0, ,3759800,280463
1107,1108,2941,2017-10-01,0,Holly, ,Ilex, ,4,6,16,20,0,0, ,3759800,280443
1108,1109,2942,2017-07-16,0,Foster's Holly, ,Ilex x attenuata, ,7,8,30,37,0,0, ,3759800,280562
1109,1110,2943,2017-09-13,0,Flowering Dogwood, ,Cornus florida, ,1,2,9,16,0,0, ,3759800,280556
1110,1111,2944,2017-10-01,0,Holly, ,Ilex, ,5,8,16,21,0,0, ,3759800,280441
1111,1112,2945,2017-07-19,0,Crape Myrtle, ,Lagerstroemia x, ,4,5,23,35,1,0, ,3759800,280676
1112,1113,2946,,0,River Birch, ,Betula nigra, ,5,0,37,0,1,0, ,3759790,280747
1113,1114,2947,2017-07-18,0,Flowering Dogwood, ,Cornus florida, ,4,4,12,19,0,0, ,3759800,280626
1114,1115,2948,,0,Loblolly Pine, ,Pinus taeda, ,17,0,46,0,1,0, ,3759790,280740
1115,1116,2949,2017-07-18,0,Flowering Dogwood, ,Cornus florida, ,1,3,10,18,0,0, ,3759800,280632
1116,1117,2950,2017-09-15,-99,Water Oak, ,Quercus nigra, ,33,0,64,0,1,0, ,3759800,280518
1117,1118,2951,2017-10-01,-99,Holly, ,Ilex, ,2,0,10,0,1,0, ,3759800,280444
1118,1119,2952,2017-10-01,0,Holly, ,Ilex, ,5,10,14,20,0,0, ,3759800,280438
1119,1120,2953,,0,Darlington Oak, ,Quercus hemisphaerica, ,9,0,36,0,1,0, ,3759790,280803
1120,1121,2954,2017-07-18,0,Star Magnolia, ,Magnolia stellata, ,8,8,25,37,1,0, ,3759800,280653
1121,1122,2955,2017-09-13,0,Southern Magnolia, ,Magnolia grandiflora, ,13,24,53,54,1,0, ,3759800,280544
1122,1123,2956,2017-10-01,0,Flowering Dogwood, ,Cornus florida, ,4,7,16,25,0,0, ,3759800,280464
1123,1124,2957,2017-06-27,0,Leyland Cypress, ,X Cupressocyparis leylandii, ,11,17,33,56,0,0, ,3759810,280410
1124,1125,2958,2017-10-01,0,East Palatka Holly, ,Ilex x attenuata, ,14,20,38,46,1,1, ,3759810,280452
1125,1126,2959,,0,Bald Cypress, ,Taxodium distichum, ,3,0,13,0,1,0, ,3759800,280755
1126,1127,2960,2017-07-19,0,Burford Holly, ,Ilex cornuta, ,3,6,18,24,0,0, ,3759800,280649
1127,1128,2961,,0,Loblolly Pine, ,Pinus taeda, ,27,0,68,0,1,0, ,3759800,280738
1128,1129,2962,2017-07-19,0,Cherry Laurel, ,Prunus caroliniana, ,6,6,25,34,0,0, ,3759800,280645
1129,1130,2963,2017-06-27,0,Flowering Dogwood, ,Cornus florida, ,1,3,7,19,0,0, ,3759810,280425
1130,1131,2964,2017-10-01,0,Eastern Red Cedar, ,Juniperus virginiana, ,1,6,9,30,0,0, ,3759810,280447
1131,1132,2965,2017-07-19,0,Pecan, ,Carya illinionensis, ,27,28,70,77,0,0, ,3759800,280650
1132,1133,2966,,0,River Birch, ,Betula nigra, ,3,0,30,0,1,0, ,3759800,280750
1133,1134,2967,,0,Smoke Tree, ,Cotinus coggygria, ,6,0,20,0,1,0, ,3759800,280716
1134,1135,2969,2017-07-16,0,Nellie R. Stevens Holly, ,Ilex x 'Nellie R. Stevens', ,7,9,30,42,1,0, ,3759810,280563
1135,1136,2970,2017-06-27,0,Leyland Cypress, ,X Cupressocyparis leylandii, ,8,12,34,54,0,0, ,3759810,280411
1136,1137,2972,2017-10-01,0,Flowering Dogwood, ,Cornus florida, ,4,4,16,24,0,0, ,3759810,280461
1137,1138,2974,2017-07-19,0,Crape Myrtle, ,Lagerstroemia x, ,4,6,24,38,1,0, ,3759800,280674
1138,1139,2975,2017-10-01,0,Eastern Red Cedar, ,Juniperus virginiana, ,1,6,9,28,0,0, ,3759810,280445
1139,1140,2976,2017-07-19,0,Crape Myrtle, ,Lagerstroemia x, ,4,7,28,28,0,0, ,3759800,280645
1140,1141,2977,2017-07-16,0,Nellie R. Stevens Holly, ,Ilex x 'Nellie R. Stevens', ,6,10,29,39,0,0, ,3759810,280600
1141,1142,2978,2017-07-19,-99,Oriental arborvitae, ,Thuja occidentalis, ,4,0,15,0,1,0, ,3759800,280637
1142,1143,2979,2017-10-01,0,Eastern Red Cedar, ,Juniperus virginiana, ,1,6,9,30,0,0, ,3759810,280448
1143,1144,2982,,0,Darlington Oak, ,Quercus hemisphaerica, ,18,0,54,0,1,0, ,3759800,280730
1144,1145,2983,2017-09-13,0,Flowering Dogwood, ,Cornus florida, ,12,16,28,35,0,0, ,3759810,280553
1145,1146,2984,,0,Darlington Oak, ,Quercus hemisphaerica, ,10,0,42,0,1,0, ,3759800,280800
1146,1147,2985,2017-07-19,0,Crape Myrtle, ,Lagerstroemia x, ,4,6,33,41,0,0, ,3759810,280656
1147,1148,2986,,0,Eastern Red Cedar, ,Juniperus virginiana, ,1,4,9,29,0,0, ,3759810,280445
1148,1149,2987,2017-09-15,0,Swamp Laurel Oak, ,Quercus laurifolia, ,11,21,35,52,1,0, ,3759810,280463
1149,1150,2989,2017-07-19,0,Willow Oak, ,Quercus phellos, ,6,13,33,56,0,0, ,3759810,280667
1150,1151,2990,2017-10-01,0,Eastern Red Cedar, ,Juniperus virginiana, ,1,7,9,29,0,0, ,3759810,280446
1151,1152,2991,,0,River Birch, ,Betula nigra, ,4,0,32,0,1,0, ,3759800,280750
1152,1153,2992,2017-10-01,0,Flowering Dogwood, ,Cornus florida, ,4,6,20,25,0,0, ,3759810,280459
1153,1154,2993,2017-07-19,0,Southern Magnolia, ,Magnolia grandiflora, ,20,20,57,59,0,0, ,3759810,280661
1154,1155,2994,2017-09-13,0,Flowering Dogwood, ,Cornus florida, ,1,2,8,13,0,0, ,3759810,280548
1155,1156,2995,2017-09-15,0,Water Oak, ,Quercus nigra, ,3,11,22,41,0,0, ,3759810,280514
1156,1157,2996,,0,Yaupon Holly, ,Ilex vomitoria, ,4,0,13,0,1,0, ,3759810,280712
1157,1158,2997,,0,Cherry Laurel, ,Prunus caroliniana, ,7,0,25,0,1,0, ,3759810,280695
1158,1159,2999,2017-06-27,0,Leyland Cypress, ,X Cupressocyparis leylandii, ,8,13,28,51,0,0, ,3759820,280412
1159,1160,3000,,0,Willow Oak, ,Quercus phellos, ,54,0,76,0,1,0, ,3759810,280688
1160,1161,3001,2017-07-18,-99,Canadian Hemlock, ,Tsuga canadensis, ,11,0,47,0,1,0, ,3759810,280657
1161,1162,3002,,0,Cherry Laurel, ,Prunus caroliniana, ,2,0,10,0,1,0, ,3759810,280697
1162,1163,3003,2017-07-16,0,Siberian Elm, ,Ulmus pumila, ,25,26,71,82,1,1,Fell in hurricane irma,3759810,280583
1163,1164,3004,,0,River Birch, ,Betula nigra, ,6,0,40,0,1,0, ,3759810,280743
1164,1165,3006,2017-09-13,0,Flowering Dogwood, ,Cornus florida, ,1,2,8,15,0,0, ,3759810,280555
1165,1166,3007,,0,Japanese Pagodatree, ,Sophora japonica, ,8,0,39,0,1,0, ,3759810,280706
1166,1167,3009,2017-07-14,0,Flowering Dogwood, ,Cornus florida, ,3,5,18,22,0,0, ,3759810,280630
1167,1168,3011,2017-07-19,0,Crape Myrtle, ,Lagerstroemia x, ,4,6,26,41,1,0, ,3759810,280672
1168,1169,3012,2017-06-17,0,Southern Magnolia, ,Magnolia grandiflora, ,6,11,25,34,0,0, ,3759860,280485
1169,1170,3013,2017-09-08,-99,Water Oak, ,Quercus nigra, ,43,0,74,0,1,0, ,3759850,280575
1170,1171,3014,2017-07-06,0,Southern Magnolia, ,Magnolia grandiflora, ,2,3,13,24,0,0, ,3759850,280645
1171,1172,3015,2017-06-27,0,Brodie Cedar, ,Juniperus virginiana, ,3,8,18,39,0,0, ,3759860,280429
1172,1173,3016,2017-06-17,0,October Glory Red Maple, ,Acer rubrum, ,5,10,27,40,1,0, ,3759860,280459
1173,1174,3017,2017-06-27,0,Flowering Dogwood, ,Cornus florida, ,6,7,23,37,0,1, ,3759860,280414
1174,1175,3018,2017-07-16,-99,Washington Hawthorn, ,Crataegus phaenopyrum, ,5,0,21,0,1,0, ,3759860,280545
1175,1176,3019,2017-07-06,0,Southern Magnolia, ,Magnolia grandiflora, ,1,2,10,22,0,0, ,3759850,280644
1176,1177,3020,2017-07-06,-99,Foster's Holly, ,Ilex x attenuata, ,2,0,10,0,1,0, ,3759850,280648
1177,1178,3021,,0,Crape Myrtle, ,Lagerstroemia x, ,2,0,24,0,1,0, ,3759850,280681
1178,1179,3022,2017-06-19,-99,Southern Magnolia, ,Magnolia grandiflora, ,3,0,13,0,1,0, ,3759860,280427
1179,1180,3023,2017-06-19,-99,Southern Magnolia, ,Magnolia grandiflora, ,4,0,13,0,1,0, ,3759860,280431
1180,1181,3024,2017-07-14,0,Willow Oak, ,Quercus phellos, ,5,13,32,54,0,0, ,3759860,280654
1181,1182,3025,2017-06-27,0,Leyland Cypress, ,X Cupressocyparis leylandii, ,16,18,42,63,0,0, ,3759860,280409
1182,1183,3026,2017-07-06,0,Southern Magnolia, ,Magnolia grandiflora, ,1,2,8,18,0,0, ,3759860,280644
1183,1184,3027,2017-09-08,0,Southern Magnolia, ,Magnolia grandiflora, ,35,36,72,80,1,0, ,3759860,280568
1184,1185,3028,,0,Bald Cypress, ,Taxodium distichum, ,5,0,20,0,1,0, ,3759850,280728
1185,1186,3029,2017-07-16,0,Southern Magnolia, ,Magnolia grandiflora, ,12,19,45,65,0,0, ,3759860,280514
1186,1187,3030,2017-07-06,0,Southern Magnolia, ,Magnolia grandiflora, ,1,2,10,20,0,0, ,3759860,280644
1187,1188,3031,,0,Crape Myrtle, ,Lagerstroemia x, ,4,0,24,0,1,0, ,3759860,280680
1188,1189,3032,,0,Ginkgo, ,Ginkgo biloba, ,1,0,7,0,1,0, ,3759860,280690
1189,1190,3033,,0,Pecan, ,Carya illinionensis, ,26,0,62,0,1,0, ,3759860,280700
1190,1191,3034,2017-07-06,0,Southern Red Oak, ,Quercus falcata, ,32,34,75,103,1,0, ,3759860,280606
1191,1192,3035,,0,London Planetree, ,Platanus x acerifolia, ,6,0,30,0,1,0, ,3759850,280787
1192,1193,3036,,0,Bald Cypress, ,Taxodium distichum, ,3,0,19,0,1,0, ,3759850,280778
1193,1194,3037,2017-07-06,0,Southern Magnolia, ,Magnolia grandiflora, ,2,3,13,23,0,0, ,3759860,280643
1194,1195,3038,2017-06-19,0,Southern Magnolia, ,Magnolia grandiflora, ,4,5,18,29,1,0, ,3759870,280424
1195,1196,3039,2017-06-17,0,Crape Myrtle, ,Lagerstroemia x, ,2,2,15,21,1,0, ,3759860,280463
1196,1197,3040,2017-06-17,0,Chinese Elm, ,Ulmus parviflora, ,8,13,33,35,1,0, ,3759870,280446
1197,1198,3041,2017-06-17,0,October Glory Red Maple, ,Acer rubrum, ,6,11,31,39,1,0, ,3759860,280478
1198,1199,3042,2017-07-06,0,Sweetbay Magnolia, ,Magnolia virginiana, ,3,5,22,38,0,0, ,3759860,280633
1199,1200,3044,,0,Crape Myrtle, ,Lagerstroemia x, ,9,0,21,0,1,0, ,3759860,280677
1200,1201,3045,2017-06-17,0,Chinese Elm, ,Ulmus parviflora, ,15,18,45,49,1,0, ,3759870,280435
1201,1202,3046,2017-06-19,0,Eastern Red Cedar, ,Juniperus virginiana, ,5,8,15,25,1,0, ,3759870,280418
1202,1203,3047,2017-06-19,-99,Flowering Dogwood, ,Cornus florida, ,8,0,20,0,1,0, ,3759860,280508
1203,1204,3048,2017-10-01,0,Flowering Dogwood, ,Cornus florida, ,4,6,18,25,0,0, ,3759820,280459
1204,1205,3049,2017-06-27,0,Leyland Cypress, ,X Cupressocyparis leylandii, ,7,11,30,44,0,0, ,3759820,280413
1205,1206,3050,2017-10-01,0,Red Maple, ,Acer rubrum, ,2,7,17,36,0,0, ,3759820,280447
1206,1207,3051,2017-06-27,0,Crape Myrtle, ,Lagerstroemia x, ,4,5,15,28,1,0, ,3759820,280423
1207,1208,3052,,0,Darlington Oak, ,Quercus hemisphaerica, ,10,0,44,0,1,0, ,3759810,280797
1208,1209,3053,2017-07-14,0,East Palatka Holly, ,Ilex x attenuata, ,20,26,49,57,1,0, ,3759820,280620
1209,1210,3054,,0,Sugar Maple, ,Acer saccharum, ,5,0,23,0,1,0, ,3759810,280725
1210,1211,3055,2017-07-19,0,Pecan, ,Carya illinionensis, ,26,27,61,59,0,1,crown dieback,3759810,280661
1211,1212,3058,2017-10-01,0,Flowering Dogwood, ,Cornus florida, ,4,4,17,26,0,0, ,3759820,280457
1212,1213,3059,2017-07-16,0,White Oak, ,Quercus alba, ,7,12,27,45,1,0, ,3759820,280601
1213,1214,3060,2017-09-15,0,Water Oak, ,Quercus nigra, ,11,17,37,48,1,0, ,3759820,280499
1214,1215,3061,2017-07-14,0,Ginkgo, ,Ginkgo biloba, ,1,3,10,18,0,0, ,3759820,280652
1215,1216,3062,2017-07-14,0,Flowering Dogwood, ,Cornus florida, ,1,1,10,14,0,0, ,3759820,280628
1216,1217,3063,,0,Blackgum, ,Nyssa sylvatica, ,6,0,35,0,1,0, ,3759810,280798
1217,1218,3064,2017-06-27,0,Leyland Cypress, ,X Cupressocyparis leylandii, ,7,11,31,46,0,0, ,3759830,280411
1218,1219,3065,,0,Sugar Maple, ,Acer saccharum, ,4,0,20,0,1,0, ,3759820,280734
1219,1220,3066,,0,Sugar Maple, ,Acer saccharum, ,6,0,28,0,1,0, ,3759820,280711
1220,1221,3069,2017-09-15,0,Swamp Laurel Oak, ,Quercus laurifolia, ,11,19,42,53,1,0, ,3759830,280460
1221,1222,3071,2017-07-16,0,Water Oak, ,Quercus nigra, ,41,46,75,91,1,0, ,3759820,280572
1222,1223,3072,2017-07-14,0,Flowering Dogwood, ,Cornus florida, ,5,7,28,31,0,0, ,3759820,280616
1223,1224,3073,,0,Crape Myrtle, ,Lagerstroemia x, ,1,0,13,0,1,0, ,3759820,280691
1224,1225,3074,,0,Sugar Maple, ,Acer saccharum, ,4,0,18,0,1,0, ,3759820,280726
1225,1226,3075,2017-07-16,-99,Water Oak, ,Quercus nigra, ,35,0,54,0,1,0, ,3759830,280511
1226,1227,3076,,0,Darlington Oak, ,Quercus hemisphaerica, ,11,0,35,0,1,0, ,3759820,280794
1227,1228,3077,2017-07-14,0,Crape Myrtle, ,Lagerstroemia x, ,2,6,27,39,1,0, ,3759820,280645
1228,1229,3079,,0,Crape Myrtle, ,Lagerstroemia x, ,3,0,16,0,1,0, ,3759820,280722
1229,1230,3081,,0,Crape Myrtle, ,Lagerstroemia x, ,2,0,16,0,1,0, ,3759820,280689
1230,1231,3082,2017-06-27,0,Flowering Dogwood, ,Cornus florida, ,1,2,9,20,0,0, ,3759830,280442
1231,1232,3083,,0,Crape Myrtle, ,Lagerstroemia x, ,3,0,17,0,1,0, ,3759820,280719
1232,1233,3084,2017-06-27,0,Leyland Cypress, ,X Cupressocyparis leylandii, ,6,8,30,30,0,0, ,3759830,280411
1233,1234,3085,,0,Crape Myrtle, ,Lagerstroemia x, ,3,0,16,0,1,0, ,3759820,280716
1234,1235,3086,2017-06-27,0,Water Oak, ,Quercus nigra, ,31,33,72,86,0,0, ,3759830,280415
1235,1236,3087,2017-07-16,-99,Liberty Elm, ,Ulmus americana, ,6,0,38,0,1,0, ,3759830,280588
1236,1237,3088,2017-06-27,0,Flowering Dogwood, ,Cornus florida, ,1,3,8,22,0,0, ,3759830,280442
1237,1238,3089,2017-07-14,0,Crape Myrtle, ,Lagerstroemia x, ,4,6,27,38,1,0, ,3759830,280645
1238,1239,3090,,0,Tulip Poplar, ,Liriodendron tulipifera, ,8,0,40,0,1,0, ,3759820,280796
1239,1240,3091,2017-06-27,0,Crape Myrtle, ,Lagerstroemia x, ,4,4,15,25,1,0, ,3759830,280419
1240,1241,3092,2017-06-27,0,Flowering Dogwood, ,Cornus florida, ,1,3,9,22,0,0, ,3759830,280440
1241,1242,3093,2017-07-14,0,Crape Myrtle, ,Lagerstroemia x, ,5,6,27,35,1,0, ,3759830,280645
1242,1243,3094,,0,Crape Myrtle, ,Lagerstroemia x, ,2,0,15,0,1,0, ,3759830,280710
1243,1244,3095,2017-07-14,0,Vitex, ,Vitex agnus-castus, ,3,4,17,28,0,0, ,3759830,280650
1244,1245,3096,,0,Sugar Maple, ,Acer saccharum, ,4,0,24,0,1,0, ,3759830,280687
1245,1246,3098,,0,Crape Myrtle, ,Lagerstroemia x, ,2,0,15,0,1,0, ,3759830,280707
1246,1247,3099,,0,Crape Myrtle, ,Lagerstroemia x, ,2,0,15,0,1,0, ,3759830,280705
1247,1248,3100,2017-07-14,0,Willow Oak, ,Quercus phellos, ,6,15,35,47,0,0, ,3759830,280662
1248,1249,3101,2017-09-13,0,Chinese Elm, ,Ulmus parviflora, ,5,10,31,33,1,0, ,3759830,280528
1249,1250,3102,,0,Sugar Maple, ,Acer saccharum, ,4,0,19,0,1,0, ,3759830,280693
1250,1251,3103,2017-07-16,-99,Southern Red Oak, ,Quercus falcata, ,35,0,65,0,1,0, ,3759830,280605
1251,1252,3104,2017-06-27,0,Leyland Cypress, ,X Cupressocyparis leylandii, ,12,14,37,57,0,0, ,3759840,280410
1252,1253,3105,,0,Darlington Oak, ,Quercus hemisphaerica, ,6,0,39,0,1,0, ,3759830,280795
1253,1254,3106,2017-07-16,0,Water Oak, ,Quercus nigra, ,19,23,48,56,1,0, ,3759840,280495
1254,1255,3107,,0,Crape Myrtle, ,Lagerstroemia x, ,3,0,19,0,1,0, ,3759830,280702
1255,1256,3108,2017-07-14,0,Vitex, ,Vitex agnus-castus, ,4,4,17,26,0,0, ,3759830,280649
1256,1257,3109,,0,Crape Myrtle, ,Lagerstroemia x, ,3,0,19,0,1,0, ,3759830,280698
1257,1258,3110,2017-07-14,0,Japanese Maple, ,Acer palmatum, ,1,3,16,18,1,0, ,3759830,280634
1258,1259,3111,2017-07-14,0,Japanese Maple, ,Acer palmatum, ,4,4,18,26,1,0, ,3759840,280638
1259,1260,3113,,0,Tulip Poplar, ,Liriodendron tulipifera, ,7,0,41,0,1,0, ,3759830,280736
1260,1261,3114,,0,Southern Magnolia, ,Magnolia grandiflora, ,5,0,26,0,1,0, ,3759830,280789
1261,1262,3115,2017-09-08,-99,Red Maple, ,Acer rubrum, ,10,0,43,0,1,0, ,3759840,280576
1262,1263,3116,2017-06-17,0,Forest Pansy Redbud, ,Cercis canadensis, ,4,6,16,24,1,0, ,3759840,280451
1263,1264,3117,2017-06-27,0,Leyland Cypress, ,X Cupressocyparis leylandii, ,9,14,40,58,0,0, ,3759840,280410
1264,1265,3118,,0,River Birch, ,Betula nigra, ,6,0,33,0,1,0, ,3759830,280729
1265,1266,3119,2017-09-08,0,Ginkgo, ,Ginkgo biloba, ,18,23,53,80,1,0, ,3759840,280563
1266,1267,3120,2017-07-14,0,Yaupon Holly, ,Ilex vomitoria, ,5,6,22,32,0,0, ,3759840,280656
1267,1268,3121,2017-06-27,0,Red Maple, ,Acer rubrum, ,2,6,17,32,1,0, ,3759840,280440
1268,1269,3122,,0,Blackgum, ,Nyssa sylvatica, ,5,0,25,0,1,0, ,3759840,280793
1269,1270,3123,2017-06-17,0,Forest Pansy Redbud, ,Cercis canadensis, ,4,6,19,23,1,0, ,3759850,280454
1270,1271,3124,,0,Southern Magnolia, ,Magnolia grandiflora, ,4,0,16,0,1,0, ,3759840,280788
1271,1272,3125,2017-07-14,0,Southern Magnolia, ,Magnolia grandiflora, ,2,4,12,27,0,0, ,3759840,280648
1272,1273,3126,2017-06-17,0,Forest Pansy Redbud, ,Cercis canadensis, ,4,5,13,27,1,0, ,3759850,280449
1273,1274,3127,,0,River Birch, ,Betula nigra, ,4,0,33,0,1,0, ,3759840,280725
1274,1275,3128,2017-06-27,0,Leyland Cypress, ,X Cupressocyparis leylandii, ,12,16,39,58,0,0, ,3759850,280410
1275,1276,3129,2017-07-14,0,Southern Magnolia, ,Magnolia grandiflora, ,2,3,11,22,0,0, ,3759840,280648
1276,1277,3130,2017-07-14,0,Foster's Holly, ,Ilex x attenuata, ,2,3,11,15,0,0, ,3759840,280651
1277,1278,3131,2017-09-08,-99,Pecan, ,Carya illinionensis, ,34,0,85,0,1,0, ,3759840,280590
1278,1279,3132,2017-06-27,0,Eastern Red Cedar, ,Juniperus virginiana, ,2,6,10,28,0,0, ,3759850,280435
1279,1280,3133,2017-06-17,0,Southern Magnolia, ,Magnolia grandiflora, ,5,7,21,32,0,0, ,3759850,280458
1280,1281,3134,2017-07-14,0,Southern Magnolia, ,Magnolia grandiflora, ,2,3,12,22,0,0, ,3759840,280647
1281,1282,3135,,0,Autumn Blaze Maple, ,Acer x freemanii, ,5,0,21,0,1,0, ,3759840,280708
1282,1283,3136,,0,Autumn Blaze Maple, ,Acer x freemanii, ,5,0,22,0,1,0, ,3759840,280693
1283,1284,3137,2017-06-17,0,Forest Pansy Redbud, ,Cercis canadensis, ,3,6,12,25,1,0, ,3759850,280452
1284,1285,3138,2017-07-06,-99,Foster's Holly, ,Ilex x attenuata, ,2,0,6,0,1,0, ,3759850,280650
1285,1286,3139,2017-07-14,0,Southern Magnolia, ,Magnolia grandiflora, ,1,3,10,21,0,0, ,3759850,280647
1286,1287,3140,2017-09-13,-99,Southern Magnolia, ,Magnolia grandiflora, ,27,0,64,0,1,0, ,3759850,280525
1287,1288,3141,,0,Blackgum, ,Nyssa sylvatica, ,5,0,24,0,1,0, ,3759840,280788
1288,1289,3142,2017-07-14,0,Willow Oak, ,Quercus phellos, ,6,13,31,53,0,0, ,3759850,280657
1289,1290,3143,,0,Autumn Blaze Maple, ,Acer x freemanii, ,5,0,20,0,1,0, ,3759840,280701
1290,1291,3144,2017-06-23,-99,Water Oak, ,Quercus nigra, ,31,0,70,0,1,0, ,3759850,280504
1291,1292,3145,2017-06-17,0,Forest Pansy Redbud, ,Cercis canadensis, ,5,10,17,27,1,0, ,3759850,280448
1292,1293,3146,,0,River Birch, ,Betula nigra, ,5,0,39,0,1,0, ,3759840,280734
1293,1294,3147,2017-07-14,0,Southern Magnolia, ,Magnolia grandiflora, ,2,3,14,25,0,0, ,3759850,280646
1294,1295,3148,,0,Tulip Poplar, ,Liriodendron tulipifera, ,8,0,36,0,1,0, ,3759840,280783
1295,1296,3149,,0,Crape Myrtle, ,Lagerstroemia x, ,5,0,24,0,1,0, ,3759850,280683
1296,1297,3150,2017-07-14,0,Foster's Holly, ,Ilex x attenuata, ,2,3,11,15,0,0, ,3759850,280650
1297,1298,3151,2017-06-27,0,Leyland Cypress, ,X Cupressocyparis leylandii, ,17,19,39,63,0,0, ,3759860,280411
1298,1299,3152,2017-09-08,0,Water Oak, ,Quercus nigra, ,20,28,59,81,1,0, ,3759850,280558
1299,1300,3153,,0,Crape Myrtle, ,Lagerstroemia x, ,4,0,24,0,1,0, ,3759850,280684
1300,1301,3154,2017-06-27,0,Brodie Cedar, ,Juniperus virginiana, ,4,9,18,41,0,0, ,3759860,280431
1301,1302,3155,2017-07-14,0,Foster's Holly, ,Ilex x attenuata, ,2,2,10,16,0,0, ,3759850,280649
1302,1303,3156,2017-06-27,0,Brodie Cedar, ,Juniperus virginiana, ,2,5,12,41,0,0, ,3759860,280426
1303,1304,3157,2017-06-27,0,Brodie Cedar, ,Juniperus virginiana, ,4,8,18,41,0,0, ,3759860,280429
1304,1305,3158,,0,Blackgum, ,Nyssa sylvatica, ,5,0,23,0,1,0, ,3759850,280790
1305,1306,3159,,0,Southern Magnolia, ,Magnolia grandiflora, ,4,0,21,0,1,0, ,3759850,280784
1306,1307,3160,,0,Crape Myrtle, ,Lagerstroemia x, ,2,0,24,0,1,0, ,3759850,280683
1307,1308,3161,,0,Bald Cypress, ,Taxodium distichum, ,3,0,24,0,1,0, ,3759850,280781
1308,1309,3162,2017-07-14,0,Foster's Holly, ,Ilex x attenuata, ,2,2,10,15,0,0, ,3759850,280649
1309,1310,3163,2017-06-17,-99,Saucer Magnolia, ,Magnolia x soulangiana, ,2,0,8,0,1,0, ,3759860,280437
1310,1311,3164,2017-06-27,0,Brodie Cedar, ,Juniperus virginiana, ,4,7,21,41,0,0, ,3759860,280427
1311,1312,3165,2017-06-19,-99,Southern Magnolia, ,Magnolia grandiflora, ,2,0,11,0,1,0, ,3759860,280432
1312,1313,3166,,0,Bald Cypress, ,Taxodium distichum, ,2,0,11,0,1,0, ,3759860,280776
1313,1314,3167,2017-06-17,0,Redbud, ,Cercis canadensis, ,4,5,20,23,1,1, ,3759870,280427
1314,1315,3168,2017-06-17,0,Crape Myrtle, ,Lagerstroemia x, ,2,2,15,21,1,0, ,3759870,280472
1315,1316,3169,2017-06-17,0,Redbud, ,Cercis canadendsis, ,4,6,18,23,1,0, ,3759870,280430
1316,1317,3170,,0,Zelkova, ,Zelkova serrata, ,10,0,35,0,1,0, ,3759860,280819
1317,1318,3171,2017-09-08,0,Pecan, ,Carya illinionensis, ,22,19,52,54,1,0, ,3759860,280585
1318,1319,3172,2017-06-19,0,Eastern Red Cedar, ,Juniperus virginiana, ,6,7,18,29,1,0, ,3759870,280424
1319,1320,3173,2017-06-19,0,Water Oak, ,Quercus nigra, ,37,39,78,81,1,0, ,3759870,280411
1320,1321,3174,,0,Southern Magnolia, ,Magnolia grandiflora, ,4,0,19,0,1,0, ,3759860,280782
1321,1322,3175,,0,Zelkova, ,Zelkova serrata, ,12,0,34,0,1,0, ,3759860,280813
1322,1323,3176,2017-09-08,0,Winged Elm, ,Ulmus alata, ,6,9,26,34,1,1, ,3759870,280552
1323,1324,3177,2017-07-16,0,Bradford Pear, ,Pyrus calleryana, ,4,13,18,47,1,0, ,3759870,280543
1324,1325,3178,,0,Bald Cypress, ,Taxodium distichum, ,3,0,11,0,1,0, ,3759860,280723
1325,1326,3179,,0,Zelkova, ,Zelkova serrata, ,5,0,23,0,1,0, ,3759860,280832
1326,1327,3180,2017-07-06,0,Flowering Dogwood, ,Cornus florida, ,1,2,11,15,0,0, ,3759870,280606
1327,1328,3181,2017-06-19,0,Leyland Cypress, ,X Cupressocyparis leylandii, ,15,19,35,48,0,0, ,3759870,280406
1328,1329,3182,2017-06-19,0,Eastern Red Cedar, ,Juniperus virginiana, ,5,7,18,28,1,0, ,3759870,280419
1329,1330,3183,,0,Amur Maple, ,Acer ginnala, ,1,0,11,0,1,0, ,3759860,280679
1330,1331,3184,2017-07-06,0,Willow Oak, ,Quercus phellos, ,7,13,33,49,0,0, ,3759870,280650
1331,1332,3185,2017-07-06,0,Southern Magnolia, ,Magnolia grandiflora, ,0,23,32,71,0,0, ,3759870,280611
1332,1333,3186,,0,London Planetree, ,Platanus x acerifolia, ,6,0,31,0,1,0, ,3759860,280775
1333,1334,3187,2017-07-06,0,Red Maple, ,Acer rubrum, ,8,13,43,67,1,0, ,3759870,280621
1334,1335,3188,2017-09-08,0,Yoshino Cherry, ,Prunus yedoensis, ,11,15,30,32,1,1, ,3759870,280508
1335,1336,3189,2017-06-17,-99,Chinese Elm, ,Ulmus parviflora, ,12,0,37,0,1,0, ,3759870,280436
1336,1337,3190,,0,Amur Maple, ,Acer ginnala, ,1,0,9,0,1,0, ,3759870,280681
1337,1338,3191,2017-07-06,0,Flowering Dogwood, ,Cornus florida, ,1,3,12,18,0,0, ,3759870,280607
1338,1339,3192,2017-06-17,0,Sweetbay Magnolia, ,Magnolia virginiana, ,1,3,12,26,1,0, ,3759870,280428
1339,1340,3193,,0,Zelkova, ,Zelkova serrata, ,7,0,32,0,1,0, ,3759860,280832
1340,1341,3194,2017-06-23,-99,Water Oak, ,Quercus nigra, ,36,0,69,0,1,0, ,3759870,280498
1341,1342,3195,,0,Southern Magnolia, ,Magnolia grandiflora, ,3,0,20,0,1,0, ,3759860,280779
1342,1343,3196,2017-06-17,0,Sweetbay Magnolia, ,Magnolia virginiana, ,3,6,14,35,1,0, ,3759880,280430
1343,1344,3197,,0,Zelkova, ,Zelkova serrata, ,10,0,33,0,1,0, ,3759860,280812
1344,1345,3198,2017-06-19,0,Leyland Cypress, ,X Cupressocyparis leylandii, ,12,14,36,46,0,0, ,3759880,280405
1345,1346,3199,2017-06-17,-99,Serviceberry, ,Amelanchier arborea, ,1,0,7,0,1,0, ,3759880,280444
1346,1347,3200,,0,Leyland Cypress, ,X Cupressocyparis leylandii, ,3,0,28,0,1,0, ,3759860,280809
1347,1348,3201,,0,Autumn Blaze Maple, ,Acer x freemanii, ,4,0,41,0,1,0, ,3759860,280785
1348,1349,3202,2017-07-06,0,Okame Cherry, ,Prunus x incamp, ,4,6,10,17,0,0, ,3759870,280633
1349,1350,3203,,0,Bald Cypress, ,Taxodium distichum, ,3,0,17,0,1,0, ,3759870,280770
1350,1351,3204,2017-09-08,0,Liberty Elm, ,Ulmus americanus, ,4,15,23,51,1,0, ,3759870,280553
1351,1352,3205,,0,Bald Cypress, ,Taxodium distichum, ,4,0,19,0,1,0, ,3759870,280719
1352,1353,3206,2017-09-08,0,Water Oak, ,Quercus nigra, ,7,18,34,61,1,0, ,3759870,280595
1353,1354,3207,2017-07-16,-99,Legacy Sugar Maple, ,Acer saccharum, ,9,0,28,0,1,0, ,3759880,280541
1354,1355,3208,,0,Leyland Cypress, ,X Cupressocyparis leylandii, ,9,0,31,0,1,0, ,3759870,280808
1355,1356,3209,,0,Southern Magnolia, ,Magnolia grandiflora, ,3,0,13,0,1,0, ,3759870,280775
1356,1357,3210,2017-06-23,0,Yoshino Cherry, ,Prunus yedoensis, ,7,10,25,28,1,0, ,3759880,280505
1357,1358,3211,,0,Chinese Pistache, ,Pistacia chinensis, ,22,0,52,0,1,0, ,3759870,280679
1358,1359,3213,2017-06-19,-99,Yoshino Cherry, ,Prunus yedoensis, ,11,0,23,0,1,0, ,3759880,280513
1359,1360,3214,,0,Leyland Cypress, ,X Cupressocyparis leylandii, ,8,0,30,0,1,0, ,3759870,280805
1360,1361,3215,2017-07-06,0,Okame Cherry, ,Prunus x incamp, ,6,6,18,24,0,0, ,3759870,280635
1361,1362,3216,2017-09-08,0,Northern Red Oak, ,Quercus rubra, ,11,13,38,50,1,1, ,3759880,280560
1362,1363,3217,2017-06-17,-99,Serviceberry, ,Amelanchier arborea, ,3,0,17,0,1,0, ,3759880,280443
1363,1364,3218,,0,Cherry Laurel, ,Prunus caroliniana, ,8,0,33,0,1,0, ,3759870,280688
1364,1365,3219,2017-07-06,0,Leyland Cypress, ,X Cupressocyparis leylandii, ,5,10,17,37,0,0, ,3759880,280628
1365,1366,3220,2017-07-06,0,Willow Oak, ,Quercus phellos, ,6,13,33,48,0,0, ,3759880,280646
1366,1367,3221,,0,Bald Cypress, ,Taxodium distichum, ,3,0,14,0,1,0, ,3759870,280771
1367,1368,3222,2017-07-06,0,Southern Magnolia, ,Magnolia grandiflora, ,24,24,57,66,1,0, ,3759880,280606
1368,1369,3223,,0,Bald Cypress, ,Taxodium distichum, ,5,0,21,0,1,0, ,3759870,280766
1369,1370,3224,,0,Leyland Cypress, ,X Cupressocyparis leylandii, ,3,0,27,0,1,0, ,3759870,280809
1370,1371,3225,,0,Cherry Laurel, ,Prunus caroliniana, ,6,0,29,0,1,0, ,3759880,280691
1371,1372,3226,,0,River Birch, ,Betula nigra, ,4,0,28,0,1,0, ,3759880,280702
1372,1373,3227,,0,Leyland Cypress, ,X Cupressocyparis leylandii, ,6,0,32,0,1,0, ,3759870,280806
1373,1374,3228,2017-06-17,0,Japanese Maple, ,Acer palmatum, ,1,3,6,16,0,0, ,3759880,280451
1374,1375,3229,2017-07-06,0,Leyland Cypress, ,X Cupressocyparis leylandii, ,5,10,17,40,1,0, ,3759880,280627
1375,1376,3230,2017-06-23,0,Water Oak, ,Quercus nigra, ,12,18,45,58,1,0, ,3759880,280496
1376,1377,3231,2017-06-23,0,Saucer Magnolia, ,Magnolia x soulangiana, ,8,9,29,40,0,0, ,3759880,280529
1377,1378,3232,,0,River Birch, ,Betula nigra, ,4,0,30,0,1,0, ,3759880,280706
1378,1379,3233,,0,Tulip Poplar, ,Liriodendron tulipifera, ,7,0,37,0,1,0, ,3759880,280778
1379,1380,3234,2017-07-06,0,Leyland Cypress, ,X Cupressocyparis leylandii, ,4,7,17,38,0,0, ,3759880,280630
1380,1381,3235,,0,Flowering Dogwood, ,Cornus florida, ,2,0,10,0,1,0, ,3759890,280440
1381,1382,3236,2017-07-06,0,Leyland Cypress, ,X Cupressocyparis leylandii, ,5,8,17,31,0,0, ,3759880,280635
1382,1383,3237,,0,Southern Magnolia, ,Magnolia grandiflora, ,3,0,15,0,1,0, ,3759880,280771
1383,1384,3238,2017-07-06,0,Leyland Cypress, ,X Cupressocyparis leylandii, ,5,8,17,33,1,0, ,3759880,280638
1384,1385,3239,,0,River Birch, ,Betula nigra, ,4,0,32,0,1,0, ,3759880,280712
1385,1386,3240,,0,Leyland Cypress, ,X Cupressocyparis leylandii, ,7,0,39,0,1,0, ,3759880,280804
1386,1387,3241,,0,Bradford Pear, ,Pyrus calleryana, ,24,0,41,0,1,0, ,3759880,280667
1387,1388,3242,2017-06-23,0,Kousa Dogwood, ,Cornus kousa, ,4,5,18,22,1,0, ,3759880,280536
1388,1389,3243,2017-07-06,0,Leyland Cypress, ,X Cupressocyparis leylandii, ,5,11,16,45,1,0, ,3759880,280630
1389,1390,3244,,0,Southern Magnolia, ,Magnolia grandiflora, ,3,0,18,0,1,0, ,3759880,280767
1390,1391,3245,2017-06-17,-99,Flowering Dogwood, ,Cornus florida, ,3,0,10,0,1,0, ,3759890,280443
1391,1392,3246,2017-07-06,0,Leyland Cypress, ,X Cupressocyparis leylandii, ,5,9,17,34,1,0, ,3759880,280638
1392,1393,3247,2017-06-17,0,Japanese Maple, ,Acer palmatum, ,1,2,6,14,0,0, ,3759890,280447
1393,1394,3248,2017-07-06,0,Leyland Cypress, ,X Cupressocyparis leylandii, ,6,12,16,45,1,0, ,3759880,280632
1394,1395,3249,,0,River Birch, ,Betula nigra, ,5,0,33,0,1,0, ,3759880,280702
1395,1396,3250,2017-06-17,0,Japanese Maple, ,Acer palmatum, ,1,2,6,14,0,0, ,3759890,280452
1396,1397,3251,,0,Bradford Pear, ,Pyrus calleryana, ,4,0,44,0,1,0, ,3759880,280665
1397,1398,3252,2017-06-17,0,Japanese Maple, ,Acer palmatum, ,1,2,7,17,0,0, ,3759890,280472
1398,1399,3253,,0,Zelkova, ,Zelkova serrata, ,10,0,32,0,1,0, ,3759880,280827
1399,1400,3254,2017-07-06,0,Willow Oak, ,Quercus phellos, ,8,15,31,52,1,0, ,3759890,280642
1400,1401,3255,2017-09-08,0,Pin Oak, ,Quercus palustris, ,8,17,44,68,1,0, ,3759890,280576
1401,1402,3256,2017-09-08,-99,Winged Elm, ,Ulmus alata, ,11,0,67,0,1,0, ,3759890,280565
1402,1403,3257,,0,Zelkova, ,Zelkova serrata, ,9,0,35,0,1,0, ,3759880,280823
1403,1404,3258,2017-09-08,0,Southern Magnolia, ,Magnolia grandiflora, ,32,36,48,82,1,0, ,3759890,280558
1404,1405,3259,,0,Tulip Poplar, ,Liriodendron tulipifera, ,3,0,16,0,1,0, ,3759880,280708
1405,1406,3260,,0,River Birch, ,Betula nigra, ,5,0,29,0,1,0, ,3759890,280706
1406,1407,3261,2017-06-17,-99,Northern Red Oak, ,Quercus rubra, ,18,0,37,0,1,0, ,3759890,280481
1407,1408,3262,,0,Southern Magnolia, ,Magnolia grandiflora, ,0,0,19,0,1,0, ,3759880,280768
1408,1409,3263,2017-06-17,0,Northern Red Oak, ,Quercus rubra, ,7,11,26,50,1,0, ,3759890,280451
1409,1410,3264,2017-06-17,0,Japanese Maple, ,Acer palmatum, ,1,2,6,14,0,0, ,3759890,280468
1410,1411,3265,,0,Flowering Dogwood, ,Cornus florida, ,1,0,12,0,1,0, ,3759890,280710
1411,1412,3266,,0,Zelkova, ,Zelkova serrata, ,7,0,19,0,1,0, ,3759880,280826
1412,1413,3267,2017-06-23,0,Water Oak, ,Quercus nigra, ,11,16,44,58,1,0, ,3759890,280492
1413,1414,3268,,0,Pecan, ,Carya illinionensis, ,27,0,62,0,1,0, ,3759890,280695
1414,1415,3269,,0,Flowering Dogwood, ,Cornus florida, ,1,0,8,0,1,0, ,3759890,280708
1415,1416,3270,2017-09-08,0,Willow Oak, ,Quercus phellos, ,15,24,69,77,1,0, ,3759890,280585
1416,1417,3271,2017-06-16,0,American Holly, ,Ilex opaca, ,12,15,50,61,1,0, ,3759900,280410
1417,1418,3272,,0,European Hornbeam, ,Carpinus betulus, ,3,0,21,0,1,0, ,3759890,280811
1418,1419,3273,,0,Crape Myrtle, ,Lagerstroemia x, ,1,0,20,0,1,0, ,3759890,280662
1419,1420,3274,2017-06-17,0,Flowering Dogwood, ,Cornus florida, ,3,3,18,18,1,0, ,3759900,280439
1420,1421,3275,2017-06-17,0,Flowering Dogwood, ,Cornus florida, ,3,3,17,18,1,0, ,3759900,280436
1421,1422,3276,2017-06-17,0,Scarlet Oak, ,Quercus coccinea, ,35,36,86,90,0,0, ,3759900,280444
1422,1423,3277,2017-06-23,0,Yoshino Cherry, ,Prunus yedoensis, ,11,9,15,19,1,1,exposed heartwood >50%,3759900,280499
1423,1424,3278,,0,Darlington Oak, ,Quercus hemisphaerica, ,6,0,29,0,1,0, ,3759890,280760
1424,1425,3279,,0,Brodie Cedar, ,Juniperus virginiana, ,5,0,15,0,1,0, ,3759890,280816
1425,1426,3280,2017-08-23,-99,American Beech, ,Fagus grandifolia, ,13,0,40,0,1,0, ,3759900,280548
1426,1427,3281,,0,Darlington Oak, ,Quercus hemisphaerica, ,4,0,24,0,1,0, ,3759890,280765
1427,1428,3282,,0,Crape Myrtle, ,Lagerstroemia x, ,2,0,20,0,1,0, ,3759890,280663
1428,1429,3283,,0,European Hornbeam, ,Carpinus betulus, ,3,0,21,0,1,0, ,3759890,280810
1429,1430,3284,,0,Tulip Poplar, ,Liriodendron tulipifera, ,5,0,34,0,1,0, ,3759890,280756
1430,1431,3285,,0,Flowering Dogwood, ,Cornus florida, ,2,0,14,0,1,0, ,3759890,280717
1431,1432,3286,2017-06-16,0,Saucer Magnolia, ,Magnolia x soulangiana, ,5,0,26,34,0,0, ,3759900,280409
1432,1433,3287,2017-07-06,0,Willow Oak, ,Quercus phellos, ,9,14,28,55,1,0, ,3759900,280638
1433,1434,3288,2017-06-16,0,Water Oak, ,Quercus nigra, ,52,45,93,97,0,0,sagging tape on original dbh?,3759900,280426
1434,1435,3289,2017-06-16,0,Southern Magnolia, ,Magnolia grandiflora, ,12,14,62,62,0,0, ,3759900,280424
1435,1436,3290,2017-06-17,0,Flowering Dogwood, ,Cornus florida, ,4,5,18,23,1,0, ,3759900,280445
1436,1437,3292,,0,European Hornbeam, ,Carpinus betulus, ,4,0,27,0,1,0, ,3759900,280720
1437,1438,3293,2017-06-17,0,Swamp Chestnut Oak, ,Quercus michauxii, ,21,25,57,78,1,0, ,3759900,280455
1438,1439,3294,2017-06-23,0,Shumard Oak, ,Quercus shumardii, ,5,8,22,35,0,0, ,3759900,280500
1439,1440,3295,2017-06-17,0,Flowering Dogwood, ,Cornus florida, ,5,5,17,22,1,0, ,3759900,280449
1440,1441,3296,,0,European Hornbeam, ,Carpinus betulus, ,3,0,27,0,1,0, ,3759900,280726
1441,1442,3297,2017-06-23,0,Willow Oak, ,Quercus phellos, ,56,58,93,93,1,1,dying crown with dead branches,3759900,280490
1442,1443,3298,,0,Darlington Oak, ,Quercus hemisphaerica, ,7,0,33,0,1,0, ,3759900,280754
1443,1444,3299,2017-06-16,-99,Fringetree, ,Chionanthus virginicus, ,2,0,8,0,1,0, ,3759910,280429
1444,1445,3300,2017-09-08,0,Willow Oak, ,Quercus phellos, ,25,27,64,67,1,0, ,3759900,280583
1445,1446,3301,2017-06-16,-99,Canadian Hemlock, ,Tsuga canadensis, ,11,0,27,0,1,0, ,3759910,280410
1446,1447,3302,2017-06-16,0,Serviceberry, ,Amelanchier arborea, ,3,3,17,17,1,0, ,3759910,280438
1447,1448,3303,2017-06-23,0,Japanese Maple, ,Acer palmatum, ,6,8,26,32,0,0, ,3759910,280525
1448,1449,3304,2017-06-16,-99,Fringetree, ,Chionanthus virginicus, ,2,0,8,0,1,0, ,3759910,280429
1449,1450,3305,2017-06-23,-99,Japanese Maple, ,Acer palmatum, ,8,0,22,0,1,0, ,3759910,280519
1450,1451,3306,,0,American Elm, ,Ulmus americana, ,22,0,58,0,1,0, ,3759900,280693
1451,1452,3307,2017-06-16,0,Weeping Crabapple, ,Malus spp., ,6,9,16,16,0,0, ,3759910,280403
1452,1453,3308,,0,Crape Myrtle, ,Lagerstroemia x, ,2,0,20,0,1,0, ,3759900,280659
1453,1454,3309,2017-06-16,0,SugarMaple, ,Acer saccharum, ,9,11,34,35,0,0, ,3759910,280442
1454,1455,3310,2018-02-02,0,Tulip Poplar, ,Liriodendron tulipifera, ,3,6,17,28,1,0, ,3759290,280391
1455,1456,3311,2018-02-02,-99,Water Oak, ,Quercus nigra, ,44,0,85,0,1,0, ,3759290,280388
1456,1457,3312,2018-02-02,1,Willow Oak, ,Quercus phellos, ,6,0,25,0,1,0, ,3759280,280407
1457,1458,3313,2018-02-02,-99,Tulip Poplar, ,Liriodendron tulipifera, ,3,0,16,0,1,0, ,3759290,280381
1458,1459,3314,2018-02-02,-99,Eastern Red Cedar, ,Juniperus virginiana, ,1,0,8,0,1,0, ,3759280,280384
1459,1460,3315,2018-02-02,-99,Eastern Red Cedar, ,Juniperus virginiana, ,1,0,8,0,1,0, ,3759280,280381
1460,1461,3316,2018-02-02,-99,Eastern Red Cedar, ,Juniperus virginiana, ,1,0,8,0,1,0, ,3759280,280380
1461,1462,3317,2018-02-02,-99,Eastern Red Cedar, ,Juniperus virginiana, ,1,0,8,0,1,0, ,3759280,280378
1462,1463,3318,2018-02-02,-99,Eastern Red Cedar, ,Juniperus virginiana, ,1,0,8,0,1,0, ,3759280,280376
1463,1464,3319,2018-02-02,-99,Eastern Red Cedar, ,Juniperus virginiana, ,1,0,8,0,1,0, ,3759290,280375
1464,1465,3320,2018-02-02,-99,Eastern Red Cedar, ,Juniperus virginiana, ,1,0,8,0,1,0, ,3759280,280372
1465,1466,3321,2018-02-02,-99,Eastern Red Cedar, ,Juniperus virginiana, ,1,0,8,0,1,0, ,3759280,280370
1466,1467,3322,2018-02-02,-99,Eastern Red Cedar, ,Juniperus virginiana, ,1,0,9,0,1,0, ,3759280,280370
1467,1468,3323,2018-02-02,0,Eastern Red Cedar, ,Juniperus virginiana, ,1,5,9,23,1,0, ,3759280,280372
1468,1469,3324,2018-02-02,0,Eastern Red Cedar, ,Juniperus virginiana, ,1,6,8,25,1,0, ,3759280,280370
1469,1470,3325,2018-02-02,0,Eastern Red Cedar, ,Juniperus virginiana, ,1,6,8,27,1,0, ,3759280,280370
1470,1471,3326,2018-02-02,0,Sweetbay Magnolia, ,Magnolia virginiana, ,1,1,10,11,1,0, ,3759270,280367
1471,1472,3327,2018-02-02,0,Sweetbay Magnolia, ,Magnolia virginiana, ,1,1,9,9,1,0, ,3759270,280365
1472,1473,3328,2018-02-02,0,Sweetbay Magnolia, ,Magnolia virginiana, ,1,2,10,12,1,0, ,3759260,280366
1473,1474,3329,2018-02-02,-99,Sweetbay Magnolia, ,Magnolia virginiana, ,1,2,11,14,1,0, ,3759260,280364
1474,1475,3330,2018-02-02,-99,Pin Oak, ,Quercus palustris, ,33,0,84,0,1,0, ,3759290,280366
1475,1476,3331,2018-02-02,0,Willow Oak, ,Quercus phellos, ,3,7,17,29,1,0, ,3759280,280363
1476,1477,3332,2018-02-02,0,Willow Oak, ,Quercus phellos, ,3,7,17,30,1,0, ,3759280,280361
1477,1478,3333,2018-02-02,0,River Birch, ,Betula nigra, ,1,4,14,23,1,0, ,3759270,280358
1478,1479,3334,2018-02-02,0,Red Maple, ,Acer rubrum, ,3,4,15,19,1,0, ,3759260,280355
1479,1480,3335,2018-02-02,0,Water Oak, ,Quercus nigra, ,11,16,32,40,1,0, ,3759280,280349
1480,1481,3336,2018-02-02,0,Water Oak, ,Quercus nigra, ,12,17,36,40,1,0, ,3759260,280346
1481,1482,3337,2018-02-02,0,Overcup Oak, ,Quercus lyrata, ,3,6,14,23,1,0, ,3759250,280353
1482,1483,3338,2018-02-02,0,Sweetbay Magnolia, ,Magnolia virginiana, ,1,2,12,16,1,0, ,3759250,280360
1483,1484,3339,2018-02-02,0,Sweetbay Magnolia, ,Magnolia virginiana, ,1,2,12,13,1,0, ,3759240,280360
1484,1485,3340,2018-02-02,0,Sweetbay Magnolia, ,Magnolia virginiana, ,1,1,11,11,1,0, ,3759240,280355
1485,1487,3342,2018-02-02,-99,Eastern Red Cedar, ,Juniperus virginiana, ,1,0,8,0,1,0, ,3759240,280351
1486,1488,3343,2018-02-02,0,Eastern Red Cedar, ,Juniperus virginiana, ,1,3,8,12,1,0, ,3759240,280355
1487,1489,3344,2018-02-02,-99,Eastern Red Cedar, ,Juniperus virginiana, ,2,0,8,0,1,0, ,3759240,280352
1488,1490,3345,2018-02-02,0,Eastern Red Cedar, ,Juniperus virginiana, ,2,3,8,10,1,0, ,3759240,280356
1489,1491,3346,,0,Dawn Redwood, ,Metasequoia glyptostroboides, ,3,0,15,0,1,0, ,3759240,280356
1490,1492,3347,2018-02-02,-99,Red Maple, ,Acer rubrum, ,3,0,16,0,1,0, ,3759230,280351
1491,1493,3348,,0,Dawn Redwood, ,Metasequoia glyptostroboides, ,3,0,14,0,1,0, ,3759230,280353
1492,1494,3349,2018-02-02,-99,Red Maple, ,Acer rubrum, ,3,0,15,0,1,0, ,3759240,280340
1493,1495,3350,2018-02-02,0,Pin Oak, ,Quercus palustris, ,3,9,15,27,1,0, ,3759220,280333
1494,1496,3351,2018-02-02,0,River Birch, ,Betula nigra, ,1,4,12,25,1,0, ,3759220,280340
1495,1497,3352,2018-02-02,0,Willow Oak, ,Quercus phellos, ,3,10,17,29,1,0, ,3759220,280346
1496,1499,3354,2018-02-02,0,Willow Oak, ,Quercus phellos, ,3,6,17,32,1,0, ,3759210,280336
1497,1500,3355,2018-02-02,0,River Birch, ,Betula nigra, ,1,4,13,25,1,0, ,3759210,280343
1498,1502,3357,2018-02-02,0,River Birch, ,Betula nigra, ,1,3,12,23,1,0, ,3759200,280333
1499,1503,3358,2018-02-02,-99,Sweetbay Magnolia, ,Magnolia virginiana, ,1,0,9,0,1,0, ,3759200,280344
1500,1504,3359,2018-02-02,-99,Sweetbay Magnolia, ,Magnolia virginiana, ,1,0,9,0,1,0, ,3759200,280347
1501,1505,3360,2018-02-02,-99,Sweetbay Magnolia, ,Magnolia virginiana, ,1,0,9,0,1,0, ,3759200,280344
1502,1506,3361,2018-02-02,-99,Sweetbay Magnolia, ,Magnolia virginiana, ,1,0,9,0,1,0, ,3759190,280347
1503,1507,3362,2017-09-08,0,White Oak, ,Quercus alba, ,14,22,42,56,1,0,wow!,3759910,280543
1504,1508,3363,,0,European Hornbeam, ,Carpinus betulus, ,4,0,29,0,1,0, ,3759900,280731
1505,1509,3364,2017-06-23,0,Vitex, ,Vitex agnus-castus, ,4,4,20,24,0,0, ,3759910,280506
1506,1510,3365,2017-06-23,0,Chinese Pistache, ,Pistacia chinensis, ,9,15,34,51,0,0, ,3759910,280512
1507,1511,3366,,0,Crape Myrtle, ,Lagerstroemia x, ,3,0,21,0,1,0, ,3759910,280656
1508,1512,3367,2017-06-17,0,Water Oak, ,Quercus nigra, ,26,29,62,88,1,0, ,3759910,280470
1509,1513,3368,,0,Darlington Oak, ,Quercus hemisphaerica, ,8,0,34,0,1,0, ,3759900,280749
1510,1514,3369,,0,Southern Magnolia, ,Magnolia grandiflora, ,5,0,15,0,1,0, ,3759910,280694
1511,1515,3370,2017-07-06,-99,Willow Oak, ,Quercus phellos, ,7,0,26,0,1,0, ,3759910,280633
1512,1516,3371,2017-06-16,0,Sugar Maple, ,Acer saccharum, ,10,10,32,33,0,0, ,3759910,280431
1513,1517,3372,2017-09-08,0,Laurel Oak, ,Quercus hemisphaerica, ,12,19,33,48,1,0, ,3759910,280568
1514,1518,3373,,0,European Hornbeam, ,Carpinus betulus, ,5,0,27,0,1,0, ,3759900,280807
1515,1519,3374,2017-06-25,0,Okame Cherry, ,Prunus x incamp, ,3,9,17,33,0,0, ,3759910,280597
1516,1520,3375,2017-06-23,-99,Smoke Tree, ,Cotinus coggygria, ,4,0,17,0,1,0, ,3759910,280504
1517,1521,3376,,0,Eastern Red Cedar, ,Juniperus virginiana, ,3,0,16,0,1,0, ,3759910,280703
1518,1522,3377,,0,Sweetbay Magnolia, ,Magnolia virginiana, ,2,0,12,0,1,0, ,3759910,280700
1519,1523,3378,,0,Tulip Poplar, ,Liriodendron tulipifera, ,10,0,35,0,1,0, ,3759910,280745
1520,1524,3379,2017-06-23,0,Crape Myrtle, ,Lagerstroemia x, ,9,9,26,37,0,0, ,3759910,280529
1521,1525,3380,2017-06-15,-99,Sugar Maple, ,Acer saccharum, ,15,0,43,0,1,0, ,3759920,280402
1522,1526,3381,2017-06-25,0,Water oak, ,Quercus nigra, ,7,14,34,55,1,0, ,3759910,280539
1523,1527,3382,,0,Brodie Cedar, ,Juniperus virginiana, ,3,0,16,0,1,0, ,3759910,280706
1524,1528,3383,,0,European Hornbeam, ,Carpinus betulus, ,4,0,26,0,1,0, ,3759910,280806
1525,1529,3384,2017-06-23,0,Styrax, ,Styrax japonicus, ,3,3,13,10,0,0,top damage,3759920,280508
1526,1530,3385,,0,Brodie Cedar, ,Juniperus virginiana, ,3,0,16,0,1,0, ,3759910,280706
1527,1531,3386,2017-06-25,0,Flowering Dogwood, ,Cornus florida, ,4,9,24,25,1,0, ,3759910,280593
1528,1532,3387,2017-09-08,0,Ginkgo, ,Ginkgo biloba, ,5,12,31,41,1,0,female,3759920,280584
1529,1533,3388,2017-06-16,-99,Red Maple, ,Acer rubrum, ,12,0,41,0,1,0, ,3759920,280453
1530,1534,3389,2017-07-06,0,Pecan, ,Carya illinoinensis, ,28,25,69,87,0,0,dbh shrank?,3759910,280632
1531,1535,3390,,0,Sweetbay Magnolia, ,Magnolia virginiana, ,2,0,16,0,1,0, ,3759910,280699
1532,1536,3391,,0,Holly, ,Ilex, ,5,0,23,0,1,0, ,3759910,280667
1533,1537,3392,,0,Holly, ,Ilex, ,4,0,21,0,1,0, ,3759910,280666
1534,1538,3393,2017-06-23,-99,Leyland Cypress, ,X Cupressocyparis leylandii, ,3,0,10,0,1,0, ,3759920,280512
1535,1539,3394,,0,Swamp Laurel Oak, ,Quercus laurifolia, ,8,0,35,0,1,0, ,3759910,280740
1536,1540,3395,,0,Sweetbay Magnolia, ,Magnolia virginiana, ,1,0,13,0,1,0, ,3759920,280695
1537,1541,3396,,0,River Birch, ,Betula nigra, ,4,0,33,0,1,0, ,3759920,280691
1538,1542,3397,2017-06-25,0,Water oak, ,Quercus nigra, ,6,15,29,59,1,0, ,3759920,280546
1539,1543,3398,2017-06-23,-99,Leyland Cypress, ,X Cupressocyparis leylandii, ,3,0,10,0,1,0, ,3759920,280513
1540,1544,3399,,0,European Hornbeam, ,Carpinus betulus, ,5,0,27,0,1,0, ,3759910,280805
1541,1545,3400,2017-06-25,0,Nellie R. Stevens Holly, ,Ilex x 'Nellie R. Stevens', ,8,8,22,24,0,0, ,3759920,280595
1542,1546,3401,,0,English Oak, ,Quercus robur, ,21,0,55,0,1,0, ,3759920,280679
1543,1547,3402,2017-06-16,0,Water Oak, ,Quercus nigra, ,40,45,100,104,1,0, ,3759930,280434
1544,1548,3403,,0,Water Oak, ,Quercus nigra, ,11,0,31,0,1,0, ,3759920,280356
1545,1549,3404,,0,River Birch, ,Betula nigra, ,5,0,36,0,1,0, ,3759920,280689
1546,1550,3405,2017-06-23,0,Japanese Maple, ,Acer palmatum, ,5,6,21,25,0,0, ,3759920,280517
1547,1551,3406,2017-06-25,0,Nellie R. Stevens Holly, ,Ilex x 'Nellie R. Stevens', ,2,4,10,18,0,0, ,3759920,280592
1548,1552,3407,2017-06-25,-99,Water oak, ,Quercus nigra, ,56,0,86,0,1,0, ,3759920,280536
1549,1553,3408,,0,River Birch, ,Betula nigra, ,6,0,36,0,1,0, ,3759920,280694
1550,1554,3409,2017-06-16,-99,Liberty Elm, ,Ulmus americana, ,10,0,33,0,1,0, ,3759930,280463
1551,1555,3410,2017-06-23,0,Foster's Holly, ,Ilex x attenuata 'Fosteri', ,1,5,15,24,1,0, ,3759930,280525
1552,1556,3411,2017-06-25,0,Nellie R. Stevens Holly, ,Ilex x 'Nellie R. Stevens', ,2,4,10,17,0,0, ,3759920,280595
1553,1557,3412,2017-06-19,0,Water Oak, ,Quercus nigra, ,22,24,63,78,1,0, ,3759930,280483
1554,1558,3413,2017-06-19,0,Oriental arborvitae, ,Thuja occidentalis, ,2,2,7,13,0,0, ,3759930,280496
1555,1559,3414,,0,Green Ash, ,Fraxinus pernnsylvanica, ,20,0,54,0,1,0, ,3759930,280603
1556,1560,3415,2017-06-19,-99,Oriental arborvitae, ,Thuja occidentalis, ,2,0,7,0,1,0, ,3759930,280501
1557,1561,3417,2017-06-23,0,Foster's Holly, ,Ilex x attenuata 'Fosteri', ,4,4,11,16,0,0, ,3759930,280527
1558,1562,3418,2017-06-23,0,Foster's Holly, ,Ilex x attenuata 'Fosteri', ,7,9,24,38,1,0, ,3759930,280524
1559,1563,3419,2017-06-19,0,Japanese Maple, ,Acer palmatum, ,5,4,16,26,0,0, ,3759930,280488
1560,1564,3420,2017-06-25,0,Southern Magnolia, ,Magnolia grandiflora, ,23,24,50,72,1,0, ,3759930,280540
1561,1565,3421,2017-06-25,0,Willow Oak, ,Quercus phellos, ,5,13,24,54,1,0, ,3759930,280558
1562,1566,3424,2017-06-19,0,Oriental arborvitae, ,Thuja occidentalis, ,2,2,7,9,0,0, ,3759930,280506
1563,1567,3425,,0,Crape Myrtle, ,Lagerstroemia x, ,2,0,15,0,1,0, ,3759920,280707
1564,1568,3426,,0,Crape Myrtle, ,Lagerstroemia x, ,2,0,18,0,1,0, ,3759920,280731
1565,1569,3428,2017-06-25,0,Nuttall Oak, ,Quercus nutallii, ,2,9,15,42,1,0, ,3759930,280570
1566,1570,3429,2017-06-23,0,Crape Myrtle, ,Lagerstroemia x, ,10,10,28,39,1,0, ,3759930,280525
1567,1571,3430,2017-08-23,0,Cherokee Princess Dogwood, ,Cornus florida, ,1,2,10,16,0,0, ,3759930,280592
1568,1572,3431,,0,Crape Myrtle, ,Lagerstroemia x, ,5,0,20,0,1,0, ,3759930,280644
1569,1573,3432,2017-06-16,-99,Water Oak, ,Quercus nigra, ,27,0,85,0,1,0, ,3759930,280457
1570,1574,3433,2017-06-25,-99,Japanese Maple, ,Acer palmatum, ,3,0,20,0,1,0, ,3759930,280614
1571,1575,3434,,0,Crape Myrtle, ,Lagerstroemia x, ,2,0,17,0,1,0, ,3759930,280728
1572,1576,3435,2017-08-23,0,Water Oak, ,Quercus nigra, ,33,33,101,104,1,0, ,3759930,280602
1573,1577,3437,,0,Crape Myrtle, ,Lagerstroemia x, ,2,0,17,0,1,0, ,3759930,280725
1574,1578,3438,2017-06-15,0,Pin Oak, ,Quercus palustris, ,19,22,79,85,1,1,Dying crown,3759940,280404
1575,1579,3439,2017-06-25,0,Ginkgo, ,Ginkgo biloba, ,37,41,88,108,1,0, ,3759940,280543
1576,1580,3440,,0,Zelkova, ,Zelkova serrata, ,7,0,28,0,1,0, ,3759930,280673
1577,1581,3441,2017-06-25,0,American Beech, ,Fagus grandifolia, ,6,12,31,57,1,0, ,3759940,280552
1578,1582,3443,2017-06-15,-99,Chinese Elm, ,Ulmus parviflora, ,11,0,40,0,1,0, ,3759940,280449
1579,1583,3444,,0,Zelkova, ,Zelkova serrata, ,6,0,30,0,1,0, ,3759930,280678
1580,1584,3445,2017-06-25,-99,Crape Myrtle, ,Lagerstroemia x, ,4,0,13,0,1,0, ,3759940,280541
1581,1585,3446,2017-06-15,0,Willow Oak, ,Quercus phellos, ,70,74,99,99,1,0, ,3759940,280393
1582,1586,3447,2017-06-19,0,Water Oak, ,Quercus nigra, ,18,19,60,67,1,0, ,3759940,280478
1583,1587,3448,,0,Amur Maple, ,Acer ginnala, ,8,0,36,0,1,0, ,3759940,280649
1584,1588,3449,2017-06-25,0,Crape Myrtle, ,Lagerstroemia x, ,4,7,21,38,1,0, ,3759940,280536
1585,1589,3450,,0,Zelkova, ,Zelkova serrata, ,8,0,22,0,1,0, ,3759940,280697
1586,1590,3451,2017-06-15,0,Willow Oak, ,Quercus phellos, ,8,10,30,52,1,0, ,3759950,280404
1587,1591,3452,,0,Amur Maple, ,Acer ginnala, ,5,0,23,0,1,0, ,3759940,280655
1588,1592,3453,2017-06-15,0,Pin Oak, ,Quercus palustris, ,26,31,81,97,1,0, ,3759950,280438
1589,1593,3454,2017-06-15,0,Willow Oak, ,Quercus phellos, ,19,0,48,95,1,0,Incorrect previous height?,3759950,280413
1590,1594,3455,,0,Zelkova, ,Zelkova serrata, ,6,0,30,0,1,0, ,3759940,280665
1591,1595,3456,2017-08-23,-99,Cherokee Princess Dogwood, ,Cornus florida, ,2,0,13,0,1,0, ,3759940,280588
1592,1596,3458,2017-06-25,0,Chestnut Oak, ,Quercus prinus, ,3,10,17,48,1,0, ,3759950,280548
1593,1597,3459,2017-06-15,0,Southern Magnolia, ,Magnolia grandiflora, ,16,17,49,51,1,0, ,3759950,280396
1594,1598,3460,2017-06-25,0,Scarlet Oak, ,Quercus coccinea, ,4,10,22,33,1,0, ,3759950,280577
1595,1599,3461,2017-06-15,0,Water Oak, ,Quercus nigra, ,25,27,35,49,1,0, ,3759950,280404
1596,1600,3462,2017-08-23,0,Red Maple, ,Acer rubrum, ,10,14,52,58,1,0, ,3759950,280595
1597,1601,3463,2017-06-15,0,Saucer Magnolia, ,Magnolia x soulangiana, ,2,2,13,20,0,0, ,3759960,280399
1598,1602,3464,2017-06-15,0,Water Oak, ,Quercus nigra, ,26,29,63,76,1,0, ,3759950,280455
1599,1603,3465,2017-06-15,0,Saucer Magnolia, ,Magnolia x soulangiana, ,5,5,24,24,1,0, ,3759950,280434
1600,1604,3466,2017-08-23,0,Southern Magnolia, ,Magnolia grandiflora, ,18,23,67,72,1,0, ,3759950,280608
1601,1605,3467,2017-06-15,0,Southern Magnolia, ,Magnolia grandiflora, ,48,48,83,83,0,0, ,3759960,280413
1602,1606,3468,2017-06-19,0,Willow Oak, ,Quercus phellos, ,29,30,99,100,1,0, ,3759950,280475
1603,1607,3469,,0,River Birch, ,Betula nigra, ,3,0,18,0,1,0, ,3759950,280739
1604,1608,3470,2017-09-08,-99,Cherry Laurel, ,Prunus caroliniana, ,1,0,4,0,1,0, ,3759950,280615
1605,1609,3471,2017-09-08,-99,Cherry Laurel, ,Prunus caroliniana, ,1,0,3,0,1,0, ,3759950,280618
1606,1610,3472,2017-09-08,-99,Cherry Laurel, ,Prunus caroliniana, ,1,0,4,0,1,0, ,3759950,280615
1607,1611,3473,,0,River Birch, ,Betula nigra, ,3,0,20,0,1,0, ,3759950,280733
1608,1612,3474,2017-09-08,0,Cherry Laurel, ,Prunus caroliniana, ,1,5,4,17,0,0, ,3759950,280617
1609,1613,3475,2017-09-08,0,Cherry Laurel, ,Prunus caroliniana, ,1,4,4,31,0,0, ,3759950,280614
1610,1614,3476,2017-09-08,0,Cherry Laurel, ,Prunus caroliniana, ,1,3,4,30,0,0, ,3759950,280614
1611,1615,3477,2017-06-25,-99,American Elm, ,Ulmus americanus, ,4,0,28,0,1,0, ,3759960,280534
1612,1616,3478,2017-06-15,0,Red Maple, ,Acer rubrum, ,10,16,40,48,1,0, ,3759960,280428
1613,1617,3479,2017-09-08,0,Cherry Laurel, ,Prunus caroliniana, ,1,3,4,9,0,0, ,3759950,280618
1614,1618,3480,2017-09-08,0,Cherry Laurel, ,Prunus caroliniana, ,1,4,4,32,0,0, ,3759950,280615
1615,1619,3481,2017-09-08,0,Cherry Laurel, ,Prunus caroliniana, ,1,2,3,24,0,0, ,3759950,280616
1616,1620,3482,2017-09-08,-99,Cherry Laurel, ,Prunus caroliniana, ,1,0,5,0,1,0, ,3759950,280616
1617,1621,3483,2017-08-23,0,Vitex, ,Vitex agnus-castus, ,4,1,7,7,0,0,stump sprouting,3759950,280608
1618,1622,3484,2017-06-15,0,White Oak, ,Quercus alba, ,6,12,25,59,1,0, ,3759960,280423
1619,1623,3485,2017-06-25,0,nuttal oak, ,Quercus nuttallii, ,10,12,45,54,1,0, ,3759960,280548
1620,1624,3486,2017-09-08,0,Cherry Laurel, ,Prunus caroliniana, ,1,3,4,13,0,0, ,3759950,280617
1621,1625,3487,2017-09-08,-99,Cherry Laurel, ,Prunus caroliniana, ,1,0,3,0,1,0, ,3759950,280616
1622,1626,3488,2017-09-08,-99,Cherry Laurel, ,Prunus caroliniana, ,1,0,5,0,1,0, ,3759950,280615
1623,1627,3489,2017-09-08,0,Cherry Laurel, ,Prunus caroliniana, ,1,2,5,16,0,0, ,3759950,280618
1624,1628,3490,2017-09-08,0,Cherry Laurel, ,Prunus caroliniana, ,1,3,5,15,0,0, ,3759950,280616
1625,1629,3491,2017-06-15,0,Oglethorpe Oak, ,Quercus oglethorpensis, ,17,20,44,55,1,0, ,3759960,280440
1626,1630,3492,2017-09-08,0,Cherry Laurel, ,Prunus caroliniana, ,1,4,3,22,0,0, ,3759950,280616
1627,1631,3493,2017-09-08,0,Cherry Laurel, ,Prunus caroliniana, ,1,4,5,14,0,0, ,3759950,280617
1628,1632,3494,2017-06-15,0,Flowering Dogwood, ,Cornus florida, ,5,5,15,15,1,0, ,3759960,280407
1629,1633,3495,2017-09-08,0,Cherry Laurel, ,Prunus caroliniana, ,1,3,6,36,0,0, ,3759960,280609
1630,1634,3496,,0,River Birch, ,Betula nigra, ,3,0,23,0,1,0, ,3759950,280755
1631,1635,3497,,0,River Birch, ,Betula nigra, ,2,0,23,0,1,0, ,3759950,280760
1632,1636,3498,2017-09-08,0,Cherry Laurel, ,Prunus caroliniana, ,1,5,5,34,0,0, ,3759960,280614
1633,1637,3499,2017-08-23,0,Southern Magnolia, ,Magnolia grandiflora, ,23,26,69,72,1,0, ,3759960,280589
1634,1638,3500,,0,River Birch, ,Betula nigra, ,2,0,17,0,1,0, ,3759950,280729
1635,1639,3501,2017-06-15,0,Saucer Magnolia, ,Magnolia x soulangiana, ,5,5,17,23,0,0, ,3759960,280417
1636,1640,3502,,0,Amur Maple, ,Acer ginnala, ,8,0,35,0,1,0, ,3759960,280644
1637,1641,3503,2017-06-15,0,Kousa Dogwood, ,Cornus kousa, ,4,4,16,20,1,0, ,3759960,280432
1638,1642,3504,,0,Amur Maple, ,Acer ginnala, ,4,0,25,0,1,0, ,3759960,280650
1639,1643,3505,,0,River Birch, ,Betula nigra, ,3,0,24,0,1,0, ,3759960,280762
1640,1644,3506,2017-06-15,0,Pin Oak, ,Quercus palustris, ,31,34,86,100,0,0, ,3759970,280461
1641,1645,3507,2017-06-15,-99,Kousa Dogwood, ,Cornus kousa, ,3,0,13,0,1,0, ,3759970,280452
1642,1646,3508,2017-06-15,0,Saucer Magnolia, ,Magnolia x soulangiana, ,5,8,28,31,0,0, ,3759970,280435
1643,1647,3509,2017-06-15,0,Flowering Dogwood, ,Cornus florida, ,3,3,16,18,1,0, ,3759970,280440
1644,1648,3510,2017-08-23,0,Vitex, ,Vitex agnus-castus, ,3,3,12,16,0,0, ,3759960,280610
1645,1649,3511,2017-08-23,0,Cherry Laurel, ,Prunus caroliniana, ,1,3,6,28,1,0, ,3759960,280605
1646,1650,3512,2017-08-23,0,Cherry Laurel, ,Prunus caroliniana, ,20,22,36,49,0,1, ,3759960,280612
1647,1651,3513,2017-06-25,0,American Elm, ,Ulmus americanus, ,39,40,107,107,1,1, ,3759960,280566
1648,1652,3514,2017-06-15,0,Willow Oak, ,Quercus phellos, ,12,20,48,68,1,0, ,3759970,280439
1649,1653,3515,2017-06-19,0,Willow Oak, ,Quercus phellos, ,43,45,88,96,1,0, ,3759970,280472
1650,1654,3517,2017-06-15,-99,Flowering Dogwood, ,Cornus florida, ,10,0,21,0,1,0, ,3759970,280448
1651,1655,3518,2017-06-25,0,American Holly, ,Ilex opaca, ,16,17,39,45,1,0, ,3759970,280527
1652,1656,3519,2017-06-25,0,American Elm, ,Ulmus americana, ,44,46,97,120,1,0, ,3759970,280576
1653,1657,3522,2017-08-23,0,Southern Magnolia, ,Magnolia grandiflora, ,22,24,65,66,1,0, ,3759970,280610
1654,1658,3523,2017-08-23,0,Cherry Laurel, ,Prunus caroliniana, ,22,22,25,29,0,1, ,3759970,280613
1655,1659,3526,2017-06-15,0,Yoshino Cherry, ,Prunus yedoensis, ,4,5,12,17,0,0, ,3759970,280455
1656,1660,3528,2017-08-23,-99,Water Oak, ,Quercus nigra, ,58,0,93,0,1,0, ,3759970,280592
1657,1661,3529,2017-06-25,0,Red Maple, ,Acer rubrum, ,3,11,17,46,0,0, ,3759980,280524
1658,1662,3530,2017-06-19,0,Willow Oak, ,Quercus phellos, ,2,7,15,38,1,0, ,3759980,280481
1659,1663,3532,2017-08-23,-99,Vitex, ,Vitex agnus-castus, ,1,0,6,0,1,0, ,3759970,280606
1660,1664,3533,2017-06-19,0,English Yew, ,Taxus baccata, ,6,4,10,10,0,0, ,3759980,280496
1661,1665,3534,2017-06-25,0,Flowering Dogwood, ,Cornus florida, ,2,5,8,24,0,0, ,3759980,280526
1662,1666,3536,,0,River Birch, ,Betula nigra, ,2,0,15,0,1,0, ,3759970,280717
1663,1667,3537,2017-06-19,-99,Fragrant Tea Olive, ,Osmanthus fragrans, ,5,0,23,0,1,0, ,3759980,280510
1664,1668,3538,2017-08-23,0,Southern Magnolia, ,Magnolia grandiflora, ,24,24,44,60,1,0, ,3759980,280607
1665,1669,3539,,0,Vitex, ,Vitex agnus-castus, ,1,2,8,14,0,0, ,3759980,280612
1666,1670,3540,2017-08-28,0,Vitex, ,Vitex agnus-castus, ,1,2,3,10,0,0, ,3759980,280603
1667,1671,3541,2017-06-25,0,Flowering Dogwood, ,Cornus florida, ,3,3,9,19,1,0, ,3759980,280524
1668,1672,3542,2017-06-25,-99,Red Maple, ,Acer rubrum, ,6,0,27,0,1,0, ,3759980,280546
1669,1673,3544,2017-06-19,0,Water Oak, ,Quercus nigra, ,36,36,68,81,1,0, ,3759980,280494
1670,1674,3545,2017-08-28,0,Vitex, ,Vitex agnus-castus, ,1,1,3,11,1,0, ,3759980,280604
1671,1675,3547,2017-08-23,0,Siberian Elm, ,Ulmus pumila, ,23,25,86,76,1,0,measured 3x  original h typo?,3759980,280611
1672,1676,3548,2017-06-19,0,Fortune's Osmanthus, ,Osmanthus x fortunei, ,8,9,27,31,1,0, ,3759990,280511
1673,1677,3550,2017-06-25,0,Flowering Dogwood, ,Cornus florida, ,2,2,9,20,0,0, ,3759990,280527
1674,1678,3551,2017-06-19,0,Red Bay, ,Persea borbonia, ,15,16,29,46,1,0, ,3759990,280510
1675,1679,3552,2017-08-23,0,Cherry Laurel, ,Prunus caroliniana, ,7,8,27,38,0,0, ,3759980,280606
1676,1680,3553,,0,River Birch, ,Betula nigra, ,2,0,15,0,1,0, ,3759980,280715
1677,1681,3554,2017-06-25,-99,Flowering Dogwood, ,Cornus florida, ,2,0,9,0,1,0, ,3759990,280529
1678,1682,3555,2017-06-25,0,Willow Oak, ,Quercus phellos, ,33,38,93,98,1,0, ,3759990,280569
1679,1683,3556,2017-06-25,0,Fortune's Osmanthus, ,Osmanthus x fortunei, ,5,6,23,33,0,0, ,3759990,280521
1680,1684,3557,2017-06-25,0,Flowering Dogwood, ,Cornus florida, ,2,2,8,20,0,0, ,3759990,280526
1681,1685,3559,,0,River Birch, ,Betula nigra, ,3,0,18,0,1,0, ,3759980,280710
1682,1686,3560,2017-08-23,0,Vitex, ,Vitex agnus-castus, ,1,2,5,9,0,0, ,3759990,280610
1683,1687,3561,2017-06-25,0,Red Bay, ,Persea borbonia, ,8,16,27,36,1,0,stems grew together,3759990,280520
1684,1688,3562,2017-08-23,0,Cherry Laurel, ,Prunus caroliniana, ,4,5,17,21,0,0, ,3759990,280607
1685,1689,3565,2017-06-25,-99,Autumn Flame Red Maple, ,Acer rubrum, ,9,0,51,0,1,0, ,3759990,280555
1686,1690,3566,2017-08-23,0,Southern Magnolia, ,Magnolia grandiflora, ,21,22,53,68,1,0, ,3759990,280603
1687,1691,3568,2017-08-23,0,Water Oak, ,Quercus nigra, ,23,28,88,82,1,0,measured 3x,3759990,280605
1688,1692,3569,2017-08-23,0,Cryptomeria, ,Cryptomeria japonica, ,10,12,60,70,0,0, ,3759990,280588
1689,1693,3572,2017-08-23,0,Water Oak, ,Quercus nigra, ,36,37,84,80,1,0,measured 3x,3759990,280605
1690,1694,3577,2017-08-23,0,Southern Magnolia, ,Magnolia grandiflora, ,22,24,45,64,0,0, ,3760000,280600
1691,1695,3579,2017-08-23,0,Fragrant Tea Olive, ,Osmanthus fragrans, ,6,8,23,26,1,0, ,3760000,280573
1692,1696,3580,2017-08-23,0,Vitex, ,Vitex agnus-castus, ,12,10,19,25,0,0, ,3760000,280577
1693,1697,3581,2017-08-23,-99,Red Maple, ,Acer rubrum, ,14,0,31,0,1,0, ,3760000,280592
1694,1702,3604,2018-01-29,-99,Japanese Black Pine, ,Pinus thunbergiana, ,6,0,21,0,1,0, ,3759330,280573
1695,1703,3605,,0,Serviceberry, ,Amelanchier x grandiflora, ,1,0,8,0,1,0, ,3759360,280517
1696,1704,3606,,0,Serviceberry, ,Amelanchier x grandiflora, ,1,0,7,0,1,0, ,3759360,280515
1697,1705,3607,2018-01-29,0,Serviceberry, ,Amelanchier x grandiflora, ,1,2,7,16,1,0, ,3759350,280515
1698,1706,3608,2018-01-29,0,River Birch, ,Betula nigra, ,15,19,33,37,1,0, ,3759330,280523
1699,1707,3609,2018-01-29,0,Foster's Holly, ,Ilex x attenuata 'Fosteri', ,1,3,7,19,1,0, ,3759330,280508
1700,1708,3610,2018-01-29,0,Serviceberry, ,Amelanchier x grandiflora, ,1,2,8,19,1,0, ,3759330,280509
1701,1711,3613,2018-01-29,0,River Birch, ,Betula nigra, ,5,9,26,36,1,0, ,3759310,280518
1702,1712,3614,2018-01-29,0,Foster's Holly, ,Ilex x attenuata 'Fosteri', ,3,5,8,23,1,0, ,3759320,280505
1703,1713,3615,2018-01-29,-99,Southern Magnolia, ,Magnolia grandiflora, ,2,0,10,0,1,0, ,3759290,280489
1704,1714,3616,2018-01-29,0,Southern Magnolia, ,Magnolia grandiflora, ,2,4,10,22,1,0, ,3759290,280485
1705,1715,3617,2018-01-29,0,Southern Magnolia, ,Magnolia grandiflora, ,2,3,10,20,1,0, ,3759300,280482
1706,1717,3619,2018-01-29,0,Overcup Oak, ,Quercus lyrata, ,2,8,17,30,1,0, ,3759290,280487
1707,1718,3620,2018-01-29,0,Willow Oak, ,Quercus phellos, ,2,9,17,41,1,0, ,3759280,280483
1708,1719,3621,2018-01-29,0,River Birch, ,Betula nigra, ,1,4,13,26,1,0, ,3759280,280477
1709,1720,3622,2018-01-29,0,Dawn Redwood, ,Metasequoia glyptostroboides, ,7,10,21,32,1,0, ,3759310,280461
1710,1721,3623,2018-01-29,0,Dawn Redwood, ,Metasequoia glyptostroboides, ,7,12,21,32,1,0, ,3759310,280455
1711,1722,3624,2018-01-29,0,Dawn Redwood, ,Metasequoia glyptostroboides, ,7,12,21,32,1,0, ,3759310,280450
1712,1723,3625,2018-01-29,0,Dawn Redwood, ,Metasequoia glyptostroboides, ,7,10,21,32,1,0, ,3759320,280428
1713,1724,3626,2018-01-29,0,Dawn Redwood, ,Metasequoia glyptostroboides, ,7,10,18,32,1,0, ,3759320,280422
1714,1725,3627,2018-01-29,0,Dawn Redwood, ,Metasequoia glyptostroboides, ,7,10,21,32,1,0, ,3759320,280416
1715,1726,3628,2018-01-29,0,Crepe Myrtle, ,Lagerstroemia x, ,2,4,12,20,1,0, ,3759300,280462
1716,1727,3629,2018-01-29,0,Red Maple, ,Acer rubrum, ,3,6,15,21,1,0, ,3759300,280444
1717,1728,3630,2018-01-29,0,Red Maple, ,Acer rubrum, ,3,6,15,21,1,0, ,3759300,280426
1718,1729,3631,2018-01-29,0,Crepe Myrtle, ,Lagerstroemia x, ,2,3,13,17,1,0, ,3759310,280413
1719,1730,3632,2018-01-29,-99,Brodie Cedar, ,Juniperus virginiana var silicicola 'Bro, ,2,0,13,0,1,0, ,3759310,280462
1720,1731,3633,2018-01-29,-99,Brodie Cedar, ,Juniperus virginiana var silicicola 'Bro, ,3,0,15,0,1,0, ,3759320,280458
1721,1732,3634,2018-01-29,-99,Brodie Cedar, ,Juniperus virginiana var silicicola 'Bro, ,2,0,15,0,1,0, ,3759330,280419
1722,1733,3635,2018-01-29,-99,Brodie Cedar, ,Juniperus virginiana var silicicola 'Bro, ,2,0,16,0,1,0, ,3759330,280422
1723,1734,3636,2018-01-29,-99,Brodie Cedar, ,Juniperus virginiana var silicicola 'Bro, ,2,0,15,0,1,0, ,3759350,280494
1724,1735,3637,2018-01-29,-99,Pin Oak, ,Quercus palustris, ,2,0,15,0,1,0, ,3759310,280403
1725,1736,3638,2018-01-29,0,Crepe Myrtle, ,Lagerstroemia x, ,2,3,16,20,1,0, ,3759320,280398
1726,1737,3639,2018-01-29,0,Foster's Holly, ,Ilex x attenuata 'Fosteri', ,2,3,8,16,1,0, ,3759320,280382
1727,1738,3640,2018-01-29,0,Southern Magnolia, ,Magnolia grandiflora, ,1,5,9,18,1,0, ,3759320,280386
1728,1739,3641,2018-01-29,0,Southern Magnolia, ,Magnolia grandiflora, ,1,4,9,16,1,0, ,3759320,280389
1729,1740,3642,2018-01-29,0,Southern Magnolia, ,Magnolia grandiflora, ,1,4,9,18,1,0, ,3759320,280392
1730,1741,3643,2018-01-29,0,Tulip Poplar, ,Liriodendron tulipifera, ,2,6,16,26,1,0, ,3759310,280394
1731,1742,3644,2018-01-29,0,Tulip Poplar, ,Liriodendron tulipifera, ,3,7,18,32,1,0, ,3759310,280388
1732,1743,3645,2018-01-29,0,Tulip Poplar, ,Liriodendron tulipifera, ,3,6,17,27,1,0, ,3759320,280382
1733,1744,3646,2018-02-02,-99,Willow Oak, ,Quercus phellos, ,3,0,17,0,1,0, ,3759310,280384
1734,1745,3647,2018-01-29,0,Willow Oak, ,Quercus phellos, ,3,7,17,31,1,0, ,3759310,280377
1735,1746,3648,2018-01-29,-99,Tulip Poplar, ,Liriodendron tulipifera, ,2,0,17,0,1,0, ,3759320,280378
1736,1747,3649,2018-01-29,0,Willow Oak, ,Quercus phellos, ,2,7,16,31,1,0, ,3759310,280368
1737,1748,3650,2018-01-29,-99,Willow Oak, ,Quercus phellos, ,3,0,17,0,1,0, ,3759320,280366
1738,1749,3651,2018-01-29,0,Tulip Poplar, ,Liriodendron tulipifera, ,2,7,17,31,1,0, ,3759320,280372
1739,1750,3652,2018-01-29,0,Willow Oak, ,Quercus phellos, ,2,7,17,32,1,0, ,3759330,280369
1740,1751,3653,2018-01-29,0,Willow Oak, ,Quercus phellos, ,3,11,16,36,1,0, ,3759320,280367
1741,1752,3654,2018-01-29,0,Foster's Holly, ,Ilex x attenuata 'Fosteri', ,1,2,9,14,1,0, ,3759330,280380
1742,1753,3655,2018-01-29,0,Foster's Holly, ,Ilex x attenuata 'Fosteri', ,2,3,9,17,1,0, ,3759330,280382
1743,1754,3656,2018-01-29,0,Foster's Holly, ,Ilex x attenuata 'Fosteri', ,1,3,9,16,1,0, ,3759330,280382
1744,1755,3657,2018-01-29,0,Foster's Holly, ,Ilex x attenuata 'Fosteri', ,3,4,10,18,1,0, ,3759330,280383
1745,1756,3658,2018-01-29,0,Willow Oak, ,Quercus phellos, ,3,7,18,31,1,0, ,3759340,280377
1746,1757,3659,2018-01-29,0,Willow Oak, ,Quercus phellos, ,3,9,19,34,1,0, ,3759320,280362
1747,1758,3660,2018-02-02,-99,Willow Oak, ,Quercus phellos, ,3,0,19,0,1,0, ,3759300,280358
1748,1759,3661,2018-02-02,-99,Willow Oak, ,Quercus phellos, ,3,0,17,0,1,0, ,3759300,280356
1749,1760,3662,2018-02-02,0,Tulip Poplar, ,Liriodendron tulipifera, ,3,8,17,37,1,0, ,3759280,280414
1750,1761,3663,2018-02-02,0,Tulip Poplar, ,Liriodendron tulipifera, ,3,8,15,37,1,0, ,3759280,280411
1751,1762,3664,2018-02-02,0,Tulip Poplar, ,Liriodendron tulipifera, ,3,8,16,37,1,0, ,3759270,280404
1752,1763,3665,2018-02-02,0,Tulip Poplar, ,Liriodendron tulipifera, ,3,8,16,36,1,0, ,3759280,280410
1753,1764,3666,2018-02-02,-99,Water Oak, ,Quercus nigra, ,33,0,61,0,1,0, ,3759290,280401
1754,1765,3667,2018-02-02,0,Pin Oak, ,Quercus palustris, ,25,27,57,59,1,0, ,3759200,280337
1755,1766,3668,2018-02-02,0,Zelkova, ,Zelkova serrata, ,2,6,14,20,1,0, ,3759190,280336
1756,1767,3669,2018-02-02,0,Zelkova, ,Zelkova serrata, ,2,6,14,20,1,0, ,3759190,280344
1757,1768,3670,2018-02-02,0,Zelkova, ,Zelkova serrata, ,2,6,14,20,1,0, ,3759180,280361
1758,1769,3671,2018-02-02,0,Zelkova, ,Zelkova serrata, ,2,6,14,20,1,0, ,3759180,280367
1759,1770,3672,2018-02-02,0,Zelkova, ,Zelkova serrata, ,2,6,14,20,1,0, ,3759180,280373
1760,1771,3673,2018-02-02,0,Zelkova, ,Zelkova serrata, ,0,6,14,20,1,0, ,3759180,280379
1761,1772,3674,2018-02-02,0,Water Oak, ,Quercus nigra, ,7,12,27,35,1,0, ,3759280,280351
1762,1773,3675,,0,Japanese Black Pine, ,Pinus thunbergiana, ,6,0,21,0,1,0, ,3759330,280573
1763,1780,3682,2018-01-29,0,Serviceberry, ,Amelanchier x grandiflora, ,1,1,6,12,1,0, ,3759330,280509
1764,1787,3689,2018-01-29,0,Southern Magnolia, ,Magnolia grandiflora, ,2,3,14,21,1,0, ,3759300,280476
1765,1791,3693,2018-01-29,-99,Dawn Redwood, ,Metasequoia glyptostroboides, ,7,0,21,0,1,0, ,3759310,280461
1766,1792,3694,2018-01-29,-99,Dawn Redwood, ,Metasequoia glyptostroboides, ,7,0,21,0,1,0, ,3759310,280455
1767,1793,3695,2018-01-29,-99,Dawn Redwood, ,Metasequoia glyptostroboides, ,7,0,21,0,1,0, ,3759310,280450
1768,1794,3696,2018-01-29,-99,Dawn Redwood, ,Metasequoia glyptostroboides, ,7,0,21,0,1,0, ,3759320,280428
1769,1795,3697,2018-01-29,-99,Dawn Redwood, ,Metasequoia glyptostroboides, ,7,0,18,0,1,0, ,3759320,280422
1770,1796,3698,2018-01-29,-99,Dawn Redwood, ,Metasequoia glyptostroboides, ,7,0,21,0,1,0, ,3759320,280416
1771,1797,3699,2018-01-29,-99,Crepe Myrtle, ,Lagerstroemia x, ,2,0,12,0,1,0, ,3759300,280462
1772,1798,3700,2018-01-29,-99,Red Maple, ,Acer rubrum, ,3,0,15,0,1,0, ,3759300,280444
1773,1799,3701,2018-01-29,-99,Red Maple, ,Acer rubrum, ,3,0,15,0,1,0, ,3759300,280426
1774,1800,3702,2018-01-29,-99,Crepe Myrtle, ,Lagerstroemia x, ,2,0,13,0,1,0, ,3759310,280413
1775,1801,3703,2018-01-29,-99,Brodie Cedar, ,Juniperus virginiana var silicicola 'Bro, ,2,0,13,0,1,0, ,3759310,280462
1776,1802,3704,2018-01-29,-99,Brodie Cedar, ,Juniperus virginiana var silicicola 'Bro, ,3,0,15,0,1,0, ,3759320,280458
1777,1803,3705,2018-01-29,-99,Brodie Cedar, ,Juniperus virginiana var silicicola 'Bro, ,2,0,15,0,1,0, ,3759330,280419
1778,1805,3707,2018-01-29,-99,Brodie Cedar, ,Juniperus virginiana var silicicola 'Bro, ,2,0,15,0,1,0, ,3759330,280424
1779,1806,3708,2018-01-29,-99,Pin Oak, ,Quercus palustris, ,2,0,15,0,1,0, ,3759310,280403
1780,1807,3709,2018-01-29,-99,Crepe Myrtle, ,Lagerstroemia x, ,2,0,16,0,1,0, ,3759320,280398
1781,1808,3710,2018-01-29,-99,Foster's Holly, ,Ilex x attenuata 'Fosteri', ,2,0,8,0,1,0, ,3759320,280382
1782,1809,3711,2018-01-29,-99,Southern Magnolia, ,Magnolia grandiflora, ,1,0,9,0,1,0, ,3759320,280386
1783,1810,3712,2018-01-29,-99,Southern Magnolia, ,Magnolia grandiflora, ,1,0,9,0,1,0, ,3759320,280389
1784,1811,3713,2018-01-29,-99,Southern Magnolia, ,Magnolia grandiflora, ,1,0,9,0,1,0, ,3759320,280392
1785,1812,3714,,0,Tulip Poplar, ,Liriodendron tulipifera, ,2,0,16,0,1,0, ,3759310,280394
1786,1813,3715,2018-01-29,-99,Tulip Poplar, ,Liriodendron tulipifera, ,3,0,18,0,1,0, ,3759310,280388
1787,1814,3716,2018-01-29,-99,Tulip Poplar, ,Liriodendron tulipifera, ,3,0,17,0,1,0, ,3759320,280382
1788,1815,3717,2018-02-02,-99,Willow Oak, ,Quercus phellos, ,3,0,17,0,1,0, ,3759310,280384
1789,1816,3718,2018-02-02,-99,Willow Oak, ,Quercus phellos, ,3,0,17,0,1,0, ,3759310,280376
1790,1817,3719,2018-01-29,-99,Tulip Poplar, ,Liriodendron tulipifera, ,2,0,17,0,1,0, ,3759320,280378
1791,1818,3720,2018-02-02,-99,Willow Oak, ,Quercus phellos, ,2,0,16,0,1,0, ,3759310,280367
1792,1819,3721,2018-01-29,-99,Willow Oak, ,Quercus phellos, ,3,0,17,0,1,0, ,3759320,280366
1793,1820,3722,2018-01-29,-99,Tulip Poplar, ,Liriodendron tulipifera, ,2,0,17,0,1,0, ,3759320,280372
1794,1821,3723,2018-01-29,-99,Willow Oak, ,Quercus phellos, ,2,0,17,0,1,0, ,3759330,280369
1795,1822,3724,2018-01-29,0,Willow Oak, ,Quercus phellos, ,3,7,16,31,1,0, ,3759330,280377
1796,1823,3725,2018-01-29,-99,Foster's Holly, ,Ilex x attenuata 'Fosteri', ,1,0,9,0,1,0, ,3759330,280380
1797,1824,3726,2018-01-29,-99,Foster's Holly, ,Ilex x attenuata 'Fosteri', ,2,0,9,0,1,0, ,3759330,280382
1798,1825,3727,2018-01-29,-99,Foster's Holly, ,Ilex x attenuata 'Fosteri', ,1,0,9,0,1,0, ,3759330,280382
1799,1826,3728,2018-01-29,-99,Foster's Holly, ,Ilex x attenuata 'Fosteri', ,3,0,10,0,1,0, ,3759330,280383
1800,1827,3729,2018-01-29,-99,Willow Oak, ,Quercus phellos, ,3,0,18,0,1,0, ,3759340,280377
1801,1828,3730,2018-02-02,-99,Willow Oak, ,Quercus phellos, ,3,0,19,0,1,0, ,3759310,280360
1802,1829,3731,2018-02-02,-99,Willow Oak, ,Quercus phellos, ,3,0,19,0,1,0, ,3759300,280358
1803,1830,3732,2018-02-02,-99,Willow Oak, ,Quercus phellos, ,3,0,17,0,1,0, ,3759300,280356
1804,1831,3733,,0,Tulip Poplar, ,Liriodendron tulipifera, ,3,0,17,0,1,0, ,3759280,280414
1805,1832,3734,,0,Tulip Poplar, ,Liriodendron tulipifera, ,3,0,15,0,1,0, ,3759280,280411
1806,1833,3735,,0,Tulip Poplar, ,Liriodendron tulipifera, ,3,0,16,0,1,0, ,3759270,280404
1807,1834,3736,,0,Tulip Poplar, ,Liriodendron tulipifera, ,3,0,16,0,1,0, ,3759280,280410
1808,1835,3737,2018-02-02,-99,Water Oak, ,Quercus nigra, ,33,0,61,0,1,0, ,3759290,280396
1809,1836,3738,2018-02-02,0,Tulip Poplar, ,Liriodendron tulipifera, ,3,5,17,26,1,0, ,3759290,280385
1810,1837,3739,2018-02-02,-99,Water Oak, ,Quercus nigra, ,44,0,85,0,1,0, ,3759290,280388
1811,1838,3740,,0,Willow Oak, ,Quercus phellos, ,3,0,17,0,1,0, ,3759300,280383
1812,1839,3741,2018-02-02,-99,Tulip Poplar, ,Liriodendron tulipifera, ,3,0,16,0,1,0, ,3759290,280381
1813,1856,3758,2018-02-02,-99,Pin Oak, ,Quercus palustris, ,33,0,84,0,1,0, ,3759290,280366
1814,1866,3768,2018-02-02,0,Sweetbay Magnolia, ,Magnolia virginiana, ,1,1,12,12,1,0, ,3759250,280361
1815,1867,3769,2018-02-02,0,Sweetbay Magnolia, ,Magnolia virginiana, ,1,1,11,11,1,0, ,3759240,280357
1816,1868,3770,2018-02-02,0,Eastern Red Cedar, ,Juniperus virginiana, ,1,3,8,13,1,0, ,3759240,280354
1817,1880,3782,2018-02-02,-99,Dawn Redwood, ,Metasequoia glyptostroboides, ,2,0,14,0,1,0, ,3759210,280349
1818,1883,3785,2018-02-02,-99,Sweetbay Magnolia, ,Magnolia virginiana, ,1,0,10,0,1,0, ,3759200,280346
1819,1890,3792,2017-11-14,0,Shumard Oak, ,Quercus shumardii, ,14,21,42,54,1,0, ,3759560,280584
1820,1891,3793,2017-11-17,0,Alta Magnolia, ,Magnolia grandiflora, ,2,7,23,29,0,0, ,3759550,280551
1821,1892,3794,2017-11-17,0,October Glory Red Maple, ,Acer rubrum, ,5,7,28,37,0,0, ,3759550,280552
1822,1893,3795,2017-11-17,0,Forest Pansy Redbud, ,Cercis canadensis, ,1,6,18,29,1,0, ,3759550,280556
1823,1894,3796,2017-11-17,0,Forest Pansy Redbud, ,Cercis canadensis, ,4,7,22,26,1,0, ,3759550,280558
1824,1895,3797,2017-11-17,0,Forest Pansy Redbud, ,Cercis canadensis, ,4,8,26,31,1,0, ,3759550,280559
1825,1896,3798,2017-11-17,0,Alta Magnolia, ,Magnolia grandiflora, ,4,6,15,30,0,0, ,3759550,280556
1826,1897,3799,2017-11-17,0,Forest Pansy Redbud, ,Cercis canadensis, ,3,6,20,29,1,0, ,3759550,280559
1827,1898,3800,2017-11-17,0,Okame Cherry, ,Prunus x incamp, ,5,6,25,26,0,0, ,3759560,280560
1828,1899,3801,2017-11-17,0,Okame Cherry, ,Prunus x incamp, ,2,5,18,25,0,0, ,3759560,280562
1829,1900,3802,2017-11-17,0,Okame Cherry, ,Prunus x incamp, ,3,4,17,25,0,0, ,3759560,280560
1830,1901,3803,2017-11-17,0,European Hornbeam, ,Carpinus betulus, ,4,7,27,48,0,0, ,3759560,280557
1831,1902,3804,2017-11-17,0,European Hornbeam, ,Carpinus betulus, ,4,6,25,46,0,0, ,3759560,280554
1832,1903,3805,2017-11-17,0,European Hornbeam, ,Carpinus betulus, ,4,4,25,40,0,0, ,3759560,280554
1833,1904,3806,###############################################################################################################################################################################################################################################################,0,Southern Magnolia, ,Magnolia grandiflora, ,19,0,48,0,1,0, ,3759670,280739
1834,1905,3807,###############################################################################################################################################################################################################################################################,0,Water Oak, ,Quercus nigra, ,36,0,67,0,1,0, ,3759640,280732
1835,1906,3808,###############################################################################################################################################################################################################################################################,0,Northern Red Oak, ,Quercus rubra, ,19,0,59,0,1,0, ,3759650,280743
1836,1907,3809,###############################################################################################################################################################################################################################################################,0,Eastern Red Cedar, ,Juniperus virginiana, ,25,0,52,0,1,0, ,3759660,280751
1837,1908,3810,###############################################################################################################################################################################################################################################################,0,Red Oak Hybrid, ,Quercus, ,22,0,67,0,1,0, ,3759640,280754
1838,1909,3811,###############################################################################################################################################################################################################################################################,0,Eastern Red Cedar, ,Juniperus virginiana, ,20,0,27,0,1,0, ,3759630,280744
1839,1910,3812,###############################################################################################################################################################################################################################################################,0,Southern Red Oak, ,Quercus falcata, ,29,0,82,0,1,0, ,3759610,280742
1840,1911,3813,###############################################################################################################################################################################################################################################################,0,Southern Red Oak, ,Quercus falcata, ,45,0,90,0,1,0, ,3759610,280749
1841,1912,3814,###############################################################################################################################################################################################################################################################,0,Water Oak, ,Quercus nigra, ,9,0,39,0,1,0, ,3759650,280745
1842,1913,3815,###############################################################################################################################################################################################################################################################,0,Water Oak, ,Quercus nigra, ,32,0,89,0,1,0, ,3759610,280782
1843,1914,3816,###############################################################################################################################################################################################################################################################,0,Water Oak, ,Quercus nigra, ,29,0,88,0,1,0, ,3759610,280781
1844,1915,3817,###############################################################################################################################################################################################################################################################,0,Water Oak, ,Quercus nigra, ,15,0,46,0,1,0, ,3759600,280745
1845,1916,3818,###############################################################################################################################################################################################################################################################,0,Southern Red Oak, ,Quercus falcata, ,16,0,52,0,1,0, ,3759640,280763
1846,1917,3819,###############################################################################################################################################################################################################################################################,0,Eastern Red Cedar, ,Juniperus virginiana, ,11,0,40,0,1,0, ,3759650,280761
1847,1918,3820,###############################################################################################################################################################################################################################################################,0,Eastern Red Cedar, ,Juniperus virginiana, ,26,0,62,0,1,0, ,3759670,280766
1848,1919,3821,###############################################################################################################################################################################################################################################################,0,Chinese Elm, ,Ulmus parvifolia, ,5,0,43,0,1,0, ,3759680,280745
1849,1920,3822,###############################################################################################################################################################################################################################################################,0,Chinese Elm, ,Ulmus parvifolia, ,10,0,39,0,1,0, ,3759680,280758
1850,1921,3823,###############################################################################################################################################################################################################################################################,0,Water Oak, ,Quercus nigra, ,30,0,69,0,1,0, ,3759690,280795
1851,1922,3824,###############################################################################################################################################################################################################################################################,0,Water Oak, ,Quercus nigra, ,6,0,21,0,1,0, ,3759670,280793
1852,1923,3825,###############################################################################################################################################################################################################################################################,0,Water Oak, ,Quercus nigra, ,8,0,39,0,1,0, ,3759670,280782
1853,1924,3826,###############################################################################################################################################################################################################################################################,0,Eastern Red Cedar, ,Juniperus virginiana, ,6,0,18,0,1,0, ,3759660,280781
1854,1925,3827,###############################################################################################################################################################################################################################################################,0,White Oak, ,Quercus alba, ,6,0,32,0,1,0, ,3759640,280780
1855,1926,3829,###############################################################################################################################################################################################################################################################,0,Water Oak, ,Quercus nigra, ,37,0,88,0,1,0, ,3759620,280782
1856,1927,3830,###############################################################################################################################################################################################################################################################,0,Water Oak, ,Quercus nigra, ,10,0,43,0,1,0, ,3759610,280795
1857,1928,3831,###############################################################################################################################################################################################################################################################,0,White Oak, ,Quercus alba, ,17,0,63,0,1,0, ,3759610,280795
1858,1929,3832,###############################################################################################################################################################################################################################################################,0,Water Oak, ,Quercus nigra, ,45,0,89,0,1,0, ,3759590,280805
1859,1930,3833,###############################################################################################################################################################################################################################################################,0,Shortleaf Pine, ,Pinus echinata, ,19,0,63,0,1,0, ,3759600,280812
1860,1931,3834,###############################################################################################################################################################################################################################################################,0,Southern Red Oak, ,Quercus falcata, ,38,0,83,0,1,0, ,3759590,280818
1861,1932,3837,###############################################################################################################################################################################################################################################################,0,Water Oak, ,Quercus nigra, ,48,0,85,0,1,0, ,3759630,280833
1862,1933,3838,###############################################################################################################################################################################################################################################################,0,Southern Red Oak, ,Quercus falcata, ,3,0,19,0,1,0, ,3759640,280824
1863,1934,3840,###############################################################################################################################################################################################################################################################,0,White Oak, ,Quercus alba, ,8,0,36,0,1,0, ,3759630,280807
1864,1935,3841,###############################################################################################################################################################################################################################################################,0,Eastern Red Cedar, ,Juniperus virginiana, ,4,0,24,0,1,0, ,3759620,280809
1865,1936,3842,###############################################################################################################################################################################################################################################################,0,Water Oak, ,Quercus nigra, ,8,0,40,0,1,0, ,3759620,280805
1866,1937,3843,###############################################################################################################################################################################################################################################################,0,Southern Red Oak, ,Quercus falcata, ,8,0,33,0,1,0, ,3759610,280811
1867,1938,3844,###############################################################################################################################################################################################################################################################,0,White Oak, ,Quercus alba, ,4,0,19,0,1,0, ,3759610,280823
1868,1939,3845,###############################################################################################################################################################################################################################################################,0,Winged Elm, ,Ulmus alata, ,8,0,35,0,1,0, ,3759590,280837
1869,1940,3846,###############################################################################################################################################################################################################################################################,0,Water Oak, ,Quercus nigra, ,14,0,51,0,1,0, ,3759600,280786
1870,1941,3847,###############################################################################################################################################################################################################################################################,0,Water Oak, ,Quercus nigra, ,7,0,42,0,1,0, ,3759600,280783
1871,1942,3848,###############################################################################################################################################################################################################################################################,0,Water Oak, ,Quercus nigra, ,7,0,34,0,1,0, ,3759600,280773
1872,1943,3849,###############################################################################################################################################################################################################################################################,0,Eastern Red Cedar, ,Juniperus virginiana, ,8,0,34,0,1,0, ,3759610,280767
1873,1944,3850,###############################################################################################################################################################################################################################################################,0,Water Oak, ,Quercus nigra, ,7,0,36,0,1,0, ,3759600,280778
1874,1945,3851,2017-10-01,0,Water Oak, ,Quercus nigra, ,28,31,76,86,1,0, ,3759710,280529
1875,1946,3852,2017-10-01,0,Southern Magnolia, ,Magnolia grandiflora, ,23,18,43,47,1,0,Split- dbh difference,3759680,280525
1876,1947,3853,2017-10-01,0,Southern Magnolia, ,Magnolia grandiflora, ,22,23,51,52,1,0, ,3759680,280526
1877,1948,3854,2017-10-01,0,Water Oak, ,Quercus nigra, ,32,34,70,71,1,0, ,3759680,280537
1878,1949,3855,2017-10-01,0,Flowering Dogwood, ,Cornus florida, ,1,2,10,11,1,0, ,3759670,280534
1879,1950,3856,2017-10-01,0,Flowering Dogwood, ,Cornus florida, ,4,5,14,22,1,0, ,3759670,280534
1880,1951,3857,2017-10-01,0,Water Oak, ,Quercus nigra, ,34,38,67,82,1,0, ,3759670,280541
1881,1952,3858,2017-10-01,0,Stellar Pink Kousa Dogwood, ,Cornus kousa, ,2,5,19,27,1,0, ,3759660,280551
1882,1953,3859,2017-10-01,0,Stellar Pink Kousa Dogwood, ,Cornus kousa, ,2,6,18,27,1,0, ,3759660,280550
1883,1954,3860,2017-10-01,0,Stellar Pink Kousa Dogwood, ,Cornus kousa, ,4,7,23,25,1,0, ,3759660,280552
1884,1955,3861,2017-10-01,0,Stellar Pink Kousa Dogwood, ,Cornus kousa, ,5,8,22,28,1,0, ,3759650,280551
1885,1956,3862,2017-10-01,0,Stellar Pink Kousa Dogwood, ,Cornus kousa, ,2,5,14,19,1,0, ,3759650,280553
1886,1957,3863,2017-10-01,-99,Stellar Pink Kousa Dogwood, ,Cornus kousa, ,4,0,17,0,1,0, ,3759650,280556
1887,1958,3864,2017-10-01,0,Water Oak, ,Quercus nigra, ,5,9,26,42,1,0, ,3759660,280544
1888,1959,3865,2017-10-21,0,Cherry Laurel, ,Prunus caroliniana, ,7,11,27,37,1,0, ,3759700,280648
1889,1960,3866,2017-10-21,-99,Cherry Laurel, ,Prunus caroliniana, ,7,0,36,0,1,0, ,3759700,280646
1890,1961,3867,2017-10-21,0,White Oak, ,Quercus alba, ,11,21,48,70,1,0,2009 last update,3759700,280644
1891,1962,3868,2017-10-21,0,Sugar Maple, ,Acer saccharum, ,8,12,41,58,1,0, ,3759690,280654
1892,1963,3869,2017-09-09,0,American Elm, ,Ulmus americana, ,31,33,55,64,1,0, ,3759670,280651
1893,1964,3870,2017-09-09,0,Autumn Blaze Red Maple, ,Acer x freemanii, ,4,8,24,38,1,0, ,3759660,280642
1894,1965,3871,2017-10-21,0,Southern Magnolia, ,Magnolia grandiflora, ,21,22,47,64,0,0, ,3759670,280663
1895,1966,3872,2017-10-21,0,Nellie R. Stevens Holly, ,Ilex x 'Nellie R. Stevens', ,3,4,10,17,1,0, ,3759650,280656
1896,1967,3873,2017-10-21,0,Chinese Elm, ,Ulmus parvifolia, ,36,40,76,88,1,0, ,3759650,280668
1897,1968,3874,2017-09-09,0,Water Oak, ,Quercus nigra, ,43,46,73,78,1,0, ,3759660,280649
1898,1969,3875,2017-10-15,0,Yaupon Holly, ,Ilex vomitoria, ,2,3,9,16,0,0, ,3759710,280475
1899,1970,3876,2017-10-15,0,Redbud, ,Cercis canadensis, ,6,7,24,31,1,0, ,3759710,280478
1900,1971,3877,2017-10-15,0,Yaupon Holly, ,Ilex vomitoria, ,1,3,8,15,0,0, ,3759710,280475
1901,1972,3878,2017-10-15,0,Yaupon Holly, ,Ilex vomitoria, ,2,3,11,17,0,0, ,3759710,280472
1902,1973,3879,2017-10-15,0,Katsura Tree, ,Cercidiphylum japonicum, ,14,14,40,42,1,0, ,3759710,280462
1903,1974,3880,2017-10-11,-99,White Pine, ,Pinus strobus, ,18,0,72,0,1,0, ,3759700,280460
1904,1975,3881,2017-10-11,-99,White Pine, ,Pinus strobus, ,8,0,35,0,1,0, ,3759700,280459
1905,1976,3882,2017-10-11,-99,White Pine, ,Pinus strobus, ,20,0,72,0,1,0, ,3759700,280460
1906,1977,3884,2017-10-15,0,Yellowwood, ,Cladrastis kentukea, ,5,8,34,39,1,1, ,3759700,280473
1907,1978,3885,2017-10-15,0,Yellowwood, ,Cladrastis kentukea, ,5,9,28,35,1,0, ,3759700,280476
1908,1979,3886,2017-10-15,0,Southern Red Oak, ,Quercus falcata, ,29,31,82,94,1,0, ,3759710,280483
1909,1980,3887,2017-10-15,0,Southern Magnolia, ,Magnolia grandiflora, ,2,3,11,15,0,0, ,3759700,280483
1910,1981,3888,2017-10-15,0,Southern Magnolia, ,Magnolia grandiflora, ,1,1,1,6,0,0, ,3759700,280484
1911,1982,3889,2017-10-15,-99,Saucer Magnolia, ,Magnolia x soulangiana, ,1,0,11,0,1,0, ,3759700,280485
1912,1983,3890,###############################################################################################################################################################################################################################################################,0,Flowering Dogwood, ,Cornus florida, ,5,0,20,0,1,0, ,3759690,280462
1913,1984,3891,2017-10-20,0,Flowering Dogwood, ,Cornus florida, ,1,1,14,17,0,0, ,3759690,280485
1914,1985,3892,2017-10-15,0,Yellowwood, ,Cladrastis kentukea, ,5,9,24,48,1,0, ,3759700,280480
1915,1986,3893,2017-10-01,0,Southern Magnolia, ,Magnolia grandiflora, ,50,51,72,98,0,0, ,3759700,280582
1916,1987,3894,2017-10-01,-99,Willow Oak, ,Quercus phellos, ,28,0,86,0,1,0, ,3759690,280592
1917,1988,3895,###############################################################################################################################################################################################################################################################,0,Water Oak, ,Quercus nigra, ,61,0,96,0,1,0, ,3759700,280600
1918,1989,3896,2017-09-09,0,Pin Oak, ,Quercus palustris, ,21,21,58,61,1,0, ,3759690,280634
1919,1990,3897,2017-09-09,0,Ginkgo, ,Ginkgo biloba, ,14,19,54,59,1,0,female,3759700,280624
1920,1991,3899,2017-09-09,0,Water Oak, ,Quercus nigra, ,45,48,100,92,1,0,measured 3x,3759680,280607
1921,1992,3900,2017-09-09,0,Water Oak, ,Quercus nigra, ,31,36,66,61,1,0,measured 3x,3759670,280630
1922,1993,3901,2017-09-09,0,Willow Oak, ,Quercus phellos, ,41,43,69,90,1,1, ,3759670,280617
1923,1994,3902,2017-09-09,0,Water Oak, ,Quercus nigra, ,8,17,44,62,1,0, ,3759660,280625
1924,1995,3903,2017-10-01,0,Willow Oak, ,Quercus phellos, ,0,34,79,79,1,0, ,3759670,280598
1925,1996,3904,2017-09-09,0,Crape Myrtle, ,Lagerstroemia x, ,1,3,5,18,0,0, ,3759660,280608
1926,1997,3905,2017-10-01,0,Stellar Pink Kousa Dogwood, ,Cornus kousa, ,4,3,23,26,1,0,Typo or fork,3759650,280600
1927,1998,3906,2017-10-01,0,Kousa Dogwood, ,Cornus kousa, ,2,4,20,28,1,0, ,3759650,280602
1928,1999,3907,2017-10-01,-99,Chinese Elm, ,Ulmus parvifolia, ,12,0,47,0,1,0, ,3759650,280586
1929,2000,3908,2017-10-01,0,Chinese Elm, ,Ulmus parvifolia, ,9,13,39,58,1,0, ,3759640,280568
1930,2001,3909,2017-10-01,0,Southern Magnolia, ,Magnolia grandiflora, ,3,6,14,24,0,0, ,3759640,280566
1931,2002,3910,2017-10-01,0,Southern Magnolia, ,Magnolia grandiflora, ,3,5,15,26,0,0, ,3759640,280561
1932,2003,3911,2017-10-01,0,Southern Magnolia, ,Magnolia grandiflora, ,1,3,13,24,0,0, ,3759640,280564
1933,2004,3912,2017-10-01,0,Forest Pansy Redbud, ,Cercis canadensis, ,4,6,17,32,1,0, ,3759640,280557
1934,2005,3913,2017-10-01,-99,Burford Holly, ,Ilex cornuta, ,6,6,18,20,1,0,Cut as of 11/14,3759660,280594
1935,2006,3914,2017-09-09,0,Sugar Maple, ,Acer saccharum, ,8,15,36,57,1,0, ,3759650,280611
1936,2007,3915,2017-10-01,0,Chinese Elm, ,Ulmus parvifolia, ,12,14,46,49,1,0, ,3759640,280577
1937,2008,3917,2017-10-01,0,Water Oak, ,Quercus nigra, ,18,20,41,41,1,0, ,3759640,280549
1938,2009,3918,2017-10-01,0,Water Oak, ,Quercus nigra, ,17,19,33,38,1,0, ,3759630,280552
1939,2010,3919,2017-11-14,0,Water Oak, ,Quercus nigra, ,28,30,61,64,1,0, ,3759630,280564
1940,2011,3920,2017-11-14,-99,Forest Pansy Redbud, ,Cercis canadensis, ,4,0,12,0,1,0, ,3759630,280575
1941,2012,3921,2017-11-14,-99,Forest Pansy Redbud, ,Cercis canadensis, ,3,0,10,10,1,0, ,3759630,280568
1942,2013,3922,2017-11-14,0,Forest Pansy Redbud, ,Cercis canadensis, ,2,4,8,10,1,0, ,3759620,280568
1943,2014,3923,2017-10-15,0,Yaupon Holly, ,Ilex vomitoria, ,3,5,19,25,1,0, ,3759700,280487
1944,2015,3924,2017-10-20,0,Shumard Oak, ,Quercus shumardii, ,33,34,77,77,1,0, ,3759690,280488
1945,2016,3925,2017-10-15,-99,Flowering Dogwood, ,Cornus florida, ,4,0,15,0,1,0, ,3759690,280459
1946,2017,3926,2017-11-14,0,Chinese Elm, ,Ulmus parvifolia, ,9,11,32,42,0,0, ,3759630,280589
1947,2018,3927,2017-11-14,0,Chinese Elm, ,Ulmus parvifolia, ,10,17,43,58,1,0, ,3759640,280598
1948,2019,3928,2017-11-05,0,Nellie R. Stevens Holly, ,Ilex x 'Nellie R. Stevens', ,11,11,29,35,1,0, ,3759640,280609
1949,2020,3929,2017-11-05,0,Sugar Maple, ,Acer saccharum, ,6,9,31,34,1,0, ,3759620,280605
1950,2021,3930,2017-11-05,0,Sugar Maple, ,Acer saccharum, ,6,8,30,41,1,0, ,3759610,280604
1951,2022,3931,2017-11-05,0,Sugar Maple, ,Acer saccharum, ,7,11,32,37,1,0, ,3759610,280610
1952,2023,3932,2017-11-05,0,Cryptomeria, ,Cryptomeria japonica, ,5,7,28,38,1,0, ,3759600,280606
1953,2024,3933,###############################################################################################################################################################################################################################################################,0,Cryptomeria, ,Cryptomeria japonica, ,5,6,28,39,1,0, ,3759590,280606
1954,2025,3934,2017-11-05,0,Cryptomeria, ,Cryptomeria japonica, ,2,6,21,36,1,0, ,3759590,280607
1955,2026,3935,2017-11-05,0,River Birch, ,Betula nigra, ,5,7,22,47,1,0, ,3759580,280616
1956,2027,3936,2017-11-14,0,River Birch, ,Betula nigra, ,7,10,42,52,0,0, ,3759580,280608
1957,2028,3937,2017-11-14,0,River Birch, ,Betula nigra, ,5,9,45,53,0,0, ,3759580,280602
1958,2029,3938,###############################################################################################################################################################################################################################################################,0,Shortleaf Pine, ,Pinus echinata, ,25,0,92,0,1,0, ,3759690,280815
1959,2030,3939,###############################################################################################################################################################################################################################################################,0,Post Oak, ,Quercus stellata, ,29,0,87,0,1,0, ,3759680,280815
1960,2031,3940,###############################################################################################################################################################################################################################################################,0,Southern Red Oak, ,Quercus falcata, ,44,0,98,0,1,0, ,3759660,280808
1961,2032,3941,###############################################################################################################################################################################################################################################################,0,Southern Red Oak, ,Quercus falcata, ,37,0,98,0,1,0, ,3759660,280802
1962,2033,3942,###############################################################################################################################################################################################################################################################,0,Water Oak, ,Quercus nigra, ,44,0,85,0,1,0, ,3759650,280800
1963,2034,3943,###############################################################################################################################################################################################################################################################,0,Water Oak, ,Quercus nigra, ,42,0,97,0,1,0, ,3759650,280801
1964,2035,3944,###############################################################################################################################################################################################################################################################,0,Burford Holly, ,Ilex cornuta, ,5,0,18,0,1,0, ,3759670,280724
1965,2036,3945,###############################################################################################################################################################################################################################################################,0,Burford Holly, ,Ilex cornuta, ,6,0,18,0,1,0, ,3759670,280726
1966,2037,3946,###############################################################################################################################################################################################################################################################,0,Eastern Red Cedar, ,Juniperus virginiana, ,11,0,35,0,1,0, ,3759630,280735
1967,2038,3947,###############################################################################################################################################################################################################################################################,0,Eastern Red Cedar, ,Juniperus virginiana, ,1,0,9,0,1,0, ,3759640,280738
1968,2039,3948,###############################################################################################################################################################################################################################################################,0,White Oak, ,Quercus alba, ,19,0,48,0,1,0, ,3759620,280760
1969,2040,3949,###############################################################################################################################################################################################################################################################,0,Eastern Red Cedar, ,Juniperus virginiana, ,5,0,20,0,1,0, ,3759620,280737
1970,2041,3950,2017-10-01,0,Flowering Dogwood, ,Cornus florida, ,1,1,9,14,0,0, ,3759650,280538
1971,2042,3951,2017-10-01,-99,Sugar Maple, ,Acer saccharum, ,8,0,34,0,1,0, ,3759640,280528
1972,2043,3952,###############################################################################################################################################################################################################################################################,0,Water Oak, ,Quercus nigra, ,23,0,47,0,1,0,???????!??????!!!,3759620,280554
1973,2044,3953,2017-11-14,0,River Birch, ,Betula nigra, ,3,5,25,25,1,0, ,3759620,280564
1974,2045,3954,2017-11-14,0,River Birch, ,Betula nigra, ,4,5,15,29,1,0, ,3759620,280567
1975,2046,3955,2017-11-14,0,River Birch, ,Betula nigra, ,5,6,28,32,0,0, ,3759610,280566
1976,2047,3956,2017-10-01,0,Flowering Dogwood, ,Cornus florida, ,8,8,20,34,0,0, ,3759610,280545
1977,2048,3957,2017-11-14,0,River Birch, ,Betula nigra, ,6,8,41,43,0,0, ,3759620,280576
1978,2049,3958,2017-11-14,0,River Birch, ,Betula nigra, ,6,8,34,44,0,0, ,3759620,280573
1979,2050,3959,2017-11-14,0,River Birch, ,Betula nigra, ,7,7,41,43,0,0, ,3759610,280573
1980,2051,3960,2017-10-20,-99,Okame Cherry, ,Prunus x incamp, ,2,0,15,0,1,0, ,3759590,280549
1981,2052,3961,2017-10-20,-99,Okame Cherry, ,Prunus x incamp, ,6,0,20,0,1,0, ,3759590,280555
1982,2053,3962,2017-10-20,-99,Okame Cherry, ,Prunus x incamp, ,6,0,15,0,1,0, ,3759580,280549
1983,2054,3963,###############################################################################################################################################################################################################################################################,0,Water Oak, ,Quercus nigra, ,28,0,58,0,1,0, ,3759610,280557
1984,2055,3964,2017-11-15,0,Water Oak, ,Quercus nigra, ,5,15,25,46,1,0, ,3759580,280564
1985,2056,3965,2017-11-14,0,Foster's Holly, ,Ilex x attenuata, ,6,7,21,34,1,0, ,3759590,280572
1986,2057,3966,2017-11-14,0,Foster's Holly, ,Ilex x attenuata, ,6,6,15,33,1,0, ,3759580,280573
1987,2058,3967,2017-11-14,0,Foster's Holly, ,Ilex x attenuata, ,5,7,18,30,1,0, ,3759580,280575
1988,2059,3968,2017-11-14,0,Foster's Holly, ,Ilex x attenuata, ,5,5,13,24,1,0, ,3759570,280576
1989,2060,3969,2017-10-01,0,Flowering Dogwood, ,Cornus florida, ,1,2,14,17,1,0, ,3759670,280532
1990,2061,3970,2017-10-01,0,Burford Holly, ,Ilex cornuta, ,5,8,27,31,0,0, ,3759660,280529
1991,2062,3971,2017-10-01,-99,Sweetbay Magnolia, ,Magnolia virginiana, ,5,0,35,0,1,0, ,3759660,280528
1992,2063,3972,2017-10-01,-99,Flowering Dogwood, ,Cornus florida, ,4,0,19,0,1,0, ,3759660,280533
1993,2064,3973,2017-11-14,0,Japanese Maple, ,Acer palmatum, ,5,6,15,26,0,0, ,3759600,280579
1994,2065,3974,2017-11-14,0,Japanese Maple, ,Acer palmatum, ,3,4,17,25,0,0, ,3759600,280580
1995,2066,3975,2017-09-09,0,Willow Oak, ,Quercus phellos, ,7,13,39,50,0,0, ,3759710,280690
1996,2067,3976,2017-10-21,0,Japanese Maple, ,Acer palmatum, ,3,5,11,21,0,0, ,3759690,280685
1997,2068,3977,2017-10-21,0,Japanese Maple, ,Acer palmatum, ,3,4,11,21,0,0, ,3759690,280689
1998,2069,3978,2017-10-21,0,Japanese Maple, ,Acer palmatum, ,3,4,11,17,0,0, ,3759690,280686
1999,2070,3979,2017-09-09,0,Willow Oak, ,Quercus phellos, ,6,13,30,53,0,0, ,3759700,280693
2000,2071,3980,2017-10-21,0,Okame Cherry, ,Prunus x incamp, ,5,8,13,21,0,0, ,3759680,280696
2001,2072,3981,2017-10-21,0,Water Oak, ,Quercus nigra, ,22,24,68,70,1,0, ,3759670,280672
2002,2073,3982,2017-10-21,0,Water Oak, ,Quercus nigra, ,21,21,58,64,1,0, ,3759670,280682
2003,2074,3983,2017-10-21,0,Water Oak, ,Quercus nigra, ,23,27,66,70,1,0, ,3759660,280669
2004,2075,3984,2017-10-21,0,Flowering Dogwood, ,Cornus florida, ,2,4,12,23,0,0, ,3759660,280699
2005,2076,3985,2017-10-21,0,Chinese Elm, ,Ulmus parvifolia, ,13,14,37,37,0,0, ,3759660,280678
2006,2077,3986,2017-10-21,0,Crape Myrtle, ,Lagerstroemia x, ,4,5,21,37,1,0, ,3759660,280711
2007,2078,3987,2017-10-21,0,Willow Oak, ,Quercus phellos, ,6,11,28,49,0,0, ,3759660,280704
2008,2079,3988,2017-10-21,0,Chinese Elm, ,Ulmus parvifolia, ,15,16,39,46,0,0, ,3759660,280693
2009,2080,3989,###############################################################################################################################################################################################################################################################,0,Sugar Maple, ,Acer saccharum, ,6,0,27,0,1,0, ,3759680,280722
2010,2081,3990,###############################################################################################################################################################################################################################################################,0,Flowering Crabapple, ,Malus spp., ,5,0,25,0,1,0, ,3759680,280726
2011,2082,3991,###############################################################################################################################################################################################################################################################,0,Apple, ,Malus domestica, ,3,0,16,0,1,0, ,3759680,280727
2012,2083,3992,###############################################################################################################################################################################################################################################################,0,Flowering Crabapple, ,Malus spp., ,6,0,21,0,1,0, ,3759680,280730
2013,2084,3993,2017-11-01,0,Southern Magnolia, ,Magnolia grandiflora, ,11,12,34,35,0,0, ,3759650,280702
2014,2085,3994,2017-11-01,0,Crape Myrtle, ,Lagerstroemia x, ,4,5,19,28,1,0, ,3759650,280715
2015,2086,3995,2017-11-01,0,Crape Myrtle, ,Lagerstroemia x, ,5,5,22,27,1,0, ,3759640,280700
2016,2087,3996,2017-11-01,0,Willow Oak, ,Quercus phellos, ,7,14,38,54,1,0, ,3759640,280708
2017,2088,3997,2017-11-01,0,Crape Myrtle, ,Lagerstroemia x, ,4,5,22,30,1,0, ,3759640,280716
2018,2089,3998,2017-11-01,0,Willow Oak, ,Quercus phellos, ,6,13,33,41,1,0, ,3759630,280703
2019,2090,3999,2017-11-01,0,Willow Oak, ,Quercus phellos, ,6,13,38,53,1,0, ,3759630,280709
2020,2091,4000,2017-11-01,0,Crape Myrtle, ,Lagerstroemia x, ,4,5,22,30,1,0, ,3759630,280719
2021,2092,4001,2017-11-01,0,Pecan, ,Carya illinionensis, ,35,36,84,70,1,0, ,3759620,280709
2022,2093,4002,2017-11-01,0,Crape Myrtle, ,Lagerstroemia x, ,4,4,26,29,1,0, ,3759620,280720
2023,2094,4003,2017-11-01,0,Willow Oak, ,Quercus phellos, ,6,10,32,51,1,0, ,3759620,280714
2024,2095,4004,2017-11-01,0,Crape Myrtle, ,Lagerstroemia x, ,5,5,20,33,1,0, ,3759610,280716
2025,2096,4005,2017-11-01,0,Willow Oak, ,Quercus phellos, ,5,11,29,52,1,0, ,3759610,280711
2026,2097,4006,2017-10-21,0,Pin Oak, ,Quercus palustris, ,16,19,50,59,1,0, ,3759610,280718
2027,2098,4007,2017-10-21,0,Pin Oak, ,Quercus palustris, ,19,21,56,66,1,0, ,3759600,280717
2028,2099,4008,2017-10-21,-99,Japanese Black Pine, ,Pinus thunbergiana, ,5,0,17,0,1,0, ,3759580,280712
2029,2100,4009,2017-10-21,0,Sugar Maple, ,Acer saccharum, ,16,12,43,61,1,0,Forked and on slope,3759580,280718
2030,2101,4010,2017-10-21,0,Water Oak, ,Quercus nigra, ,22,23,69,70,1,0, ,3759680,280678
2031,2102,4011,2017-10-21,0,Burford Holly, ,Ilex cornuta, ,4,8,22,25,1,0, ,3759630,280669
2032,2103,4012,2017-10-21,0,Crape Myrtle, ,Lagerstroemia x, ,2,3,10,15,0,0, ,3759610,280681
2033,2104,4013,2017-10-21,0,Foster's Holly, ,Ilex x attenuata, ,5,7,26,34,1,0, ,3759600,280681
2034,2105,4014,2017-10-21,0,Foster's Holly, ,Ilex x attenuata, ,5,6,13,26,1,0, ,3759590,280681
2035,2106,4015,2017-10-21,0,Foster's Holly, ,Ilex x attenuata, ,4,5,22,32,1,0, ,3759590,280682
2036,2107,4016,2017-10-21,0,Foster's Holly, ,Ilex x attenuata, ,6,6,20,25,1,0, ,3759590,280683
2037,2108,4017,2017-10-21,0,Sugar Maple, ,Acer saccharum, ,13,14,47,54,1,0, ,3759590,280691
2038,2109,4018,2017-10-21,0,Chinese Elm, ,Ulmus parvifolia, ,9,12,43,49,1,0, ,3759570,280694
2039,2110,4019,2017-10-21,0,Chinese Elm, ,Ulmus parvifolia, ,8,13,33,42,1,0, ,3759570,280698
2040,2111,4020,2017-10-21,0,Japanese Black Pine, ,Pinus thunbergiana, ,6,9,19,31,0,0, ,3759580,280709
2041,2112,4021,2017-10-21,-99,Virginia Pine, ,Pinus virginiana, ,10,0,32,0,1,0, ,3759580,280710
2042,2113,4022,2017-10-21,0,Chinese Elm, ,Ulmus parvifolia, ,14,16,50,60,1,0, ,3759570,280720
2043,2114,4023,2017-10-21,0,Virginia Pine, ,Pinus virginiana, ,6,7,15,25,1,0, ,3759570,280711
2044,2115,4024,2017-10-21,-99,Virginia Pine, ,Pinus virginiana, ,7,0,34,0,1,0, ,3759570,280715
2045,2116,4025,2017-10-21,0,Virginia Pine, ,Pinus virginiana, ,5,7,26,32,1,0, ,3759570,280709
2046,2117,4026,2017-10-21,0,Virginia Pine, ,Pinus virginiana, ,5,6,27,32,1,0, ,3759570,280712
2047,2118,4027,2017-10-21,0,Virginia Pine, ,Pinus virginiana, ,5,7,19,30,1,0, ,3759570,280708
2048,2119,4028,2017-10-21,-99,Virginia Pine, ,Pinus virginiana, ,5,0,25,0,1,0, ,3759570,280710
2049,2120,4029,2017-10-21,0,Sweetgum, ,Liquidambar styraciflua, ,7,10,34,47,1,0, ,3759560,280708
2050,2121,4030,2017-10-21,0,Sweetgum, ,Liquidambar styraciflua, ,12,16,46,63,1,0, ,3759560,280714
2051,2122,4031,2017-11-05,0,Northern Red Oak, ,Quercus rubra, ,27,29,48,48,1,0, ,3759520,280719
2052,2123,4032,2017-11-05,0,Burford Holly, ,Ilex cornuta, ,7,7,26,29,0,0, ,3759530,280703
2053,2124,4033,2017-11-05,-99,Red Maple, ,Acer rubrum, ,11,0,43,0,1,0, ,3759530,280715
2054,2125,4034,2017-11-05,0,Southern Magnolia, ,Magnolia grandiflora, ,14,20,55,74,1,0, ,3759540,280711
2055,2126,4035,2017-11-05,0,Winged Elm, ,Ulmus alata, ,19,20,55,70,1,0, ,3759540,280717
2056,2127,4036,###############################################################################################################################################################################################################################################################,0,Pin Oak, ,Quercus palustris, ,23,0,71,0,1,0, ,3759560,280744
2057,2128,4037,###############################################################################################################################################################################################################################################################,0,Pin Oak, ,Quercus palustris, ,18,0,45,0,1,0, ,3759590,280743
2058,2129,4038,###############################################################################################################################################################################################################################################################,0,Cherry Laurel, ,Prunus caroliniana, ,14,0,46,0,1,0, ,3759590,280751
2059,2130,4039,###############################################################################################################################################################################################################################################################,0,Cherry Laurel, ,Prunus caroliniana, ,11,0,32,0,1,0, ,3759580,280752
2060,2131,4040,###############################################################################################################################################################################################################################################################,0,Cherry Laurel, ,Prunus caroliniana, ,10,0,39,0,1,0, ,3759570,280753
2061,2132,4041,###############################################################################################################################################################################################################################################################,0,Cherry Laurel, ,Prunus caroliniana, ,9,0,34,0,1,0, ,3759570,280754
2062,2133,4042,###############################################################################################################################################################################################################################################################,0,Chinese Elm, ,Ulmus parvifolia, ,41,0,72,0,1,0, ,3759540,280743
2063,2134,4043,###############################################################################################################################################################################################################################################################,0,Red Maple, ,Acer rubrum, ,19,0,50,0,1,0, ,3759520,280749
2064,2135,4044,###############################################################################################################################################################################################################################################################,0,Unknown, , , ,4,0,42,0,1,0, ,3759590,280752
2065,2136,4045,###############################################################################################################################################################################################################################################################,0,Sugar Maple, ,Acer saccharum, ,9,0,34,0,1,0, ,3759580,280739
2066,2137,4046,###############################################################################################################################################################################################################################################################,0,Serviceberry, ,Amelanchier arborea, ,1,0,5,0,1,0, ,3759550,280739
2067,2138,4047,###############################################################################################################################################################################################################################################################,0,Serviceberry, ,Amelanchier arborea, ,1,0,6,0,1,0, ,3759540,280738
2068,2139,4048,###############################################################################################################################################################################################################################################################,0,Serviceberry, ,Amelanchier arborea, ,1,0,6,0,1,0, ,3759540,280738
2069,2140,4049,###############################################################################################################################################################################################################################################################,0,Flowering Dogwood, ,Cornus florida, ,1,0,11,0,1,0, ,3759530,280737
2070,2141,4050,###############################################################################################################################################################################################################################################################,0,Sugar Maple, ,Acer saccharum, ,5,0,23,0,1,0, ,3759530,280748
2071,2142,4051,2017-10-21,0,Pin Oak, ,Quercus palustris, ,26,28,47,58,1,0, ,3759560,280706
2072,2143,4052,2017-11-14,0,Japanese Maple, ,Acer palmatum, ,2,3,14,16,0,0, ,3759530,280627
2073,2144,4053,2017-11-14,0,Cherry Laurel, ,Prunus caroliniana, ,9,10,29,45,1,0, ,3759520,280664
2074,2145,4054,2017-11-14,0,Burford Holly, ,Ilex cornuta, ,4,6,21,24,0,0, ,3759530,280647
2075,2146,4055,2017-11-14,0,Burford Holly, ,Ilex cornuta, ,4,5,12,14,0,0, ,3759520,280647
2076,2147,4056,2017-10-20,0,Crape Myrtle, ,Lagerstroemia x, ,2,4,23,34,1,0, ,3759580,280539
2077,2148,4057,2017-10-20,0,Crape Myrtle, ,Lagerstroemia x, ,2,4,21,34,1,0, ,3759590,280535
2078,2149,4058,2017-10-20,0,Crape Myrtle, ,Lagerstroemia x, ,3,4,23,34,1,0, ,3759590,280537
2079,2150,4059,2017-10-20,0,Crape Myrtle, ,Lagerstroemia x, ,2,4,20,34,1,0, ,3759580,280528
2080,2151,4060,2017-10-20,0,Crape Myrtle, ,Lagerstroemia x, ,4,4,20,34,1,0, ,3759580,280526
2081,2152,4061,2017-10-20,0,Foster's Holly, ,Ilex x attenuata, ,1,3,16,33,1,0, ,3759580,280526
2082,2153,4062,2017-10-20,0,Foster's Holly, ,Ilex x attenuata, ,1,3,16,31,1,0, ,3759580,280524
2083,2154,4063,2017-10-20,0,Foster's Holly, ,Ilex x attenuata, ,1,2,10,30,1,0, ,3759580,280525
2084,2155,4064,2017-10-20,0,Japanese Maple, ,Acer palmatum, ,3,4,17,24,0,0, ,3759580,280525
2085,2156,4065,2018-01-07,-99,Cryptomeria, ,Cryptomeria japonica, ,7,0,35,0,1,0, ,3759570,280401
2086,2157,4066,2018-01-07,0,Fortune's Osmanthus, ,Osmanthus x fortunei, ,7,7,25,33,0,0, ,3759570,280403
2087,2158,4067,2018-01-07,0,Fortune's Osmanthus, ,Osmanthus x fortunei, ,4,4,28,30,0,0, ,3759570,280401
2088,2159,4068,2018-01-07,0,Cryptomeria, ,Cryptomeria japonica, ,10,14,36,48,0,0, ,3759570,280406
2089,2160,4069,2018-01-07,-99,Cryptomeria, ,Cryptomeria japonica, ,10,0,37,0,1,0, ,3759560,280402
2090,2161,4071,2018-01-07,0,Southern Magnolia, ,Magnolia grandiflora, ,11,16,36,49,0,0, ,3759570,280433
2091,2162,4072,2018-01-07,0,Southern Magnolia, ,Magnolia grandiflora, ,11,17,38,55,0,0, ,3759560,280439
2092,2163,4073,2018-01-07,0,Southern Magnolia, ,Magnolia grandiflora, ,11,18,36,49,0,0, ,3759560,280447
2093,2164,4074,2018-01-07,0,Southern Magnolia, ,Magnolia grandiflora, ,11,18,37,60,0,0, ,3759570,280452
2094,2165,4075,2017-10-20,-99,Flowering Dogwood, ,Cornus florida, ,6,0,21,0,1,0, ,3759560,280460
2095,2166,4076,2018-01-07,0,Southern Magnolia, ,Magnolia grandiflora, ,15,15,37,47,0,0, ,3759570,280454
2096,2167,4077,2018-01-07,0,Southern Magnolia, ,Magnolia grandiflora, ,9,15,36,44,0,0, ,3759580,280454
2097,2168,4078,2018-01-07,0,Southern Magnolia, ,Magnolia grandiflora, ,12,17,35,54,0,0, ,3759590,280454
2098,2169,4079,2018-01-07,0,Pecan, ,Carya illinionensis, ,27,27,71,71,1,0, ,3759600,280451
2099,2170,4080,2018-01-07,0,Crape Myrtle, ,Lagerstroemia x, ,1,3,20,29,0,0, ,3759600,280447
2100,2171,4081,2018-01-07,0,Crape Myrtle, ,Lagerstroemia x, ,1,3,15,27,1,0, ,3759600,280450
2101,2172,4082,2018-01-07,0,Crape Myrtle, ,Lagerstroemia x, ,4,4,19,29,1,0, ,3759600,280442
2102,2173,4083,2018-01-07,0,Crape Myrtle, ,Lagerstroemia x, ,1,3,16,28,1,0, ,3759600,280439
2103,2174,4084,2018-01-07,0,Crape Myrtle, ,Lagerstroemia x, ,5,7,36,49,0,0, ,3759610,280457
2104,2175,4085,2018-01-07,0,Crape Myrtle, ,Lagerstroemia x, ,5,8,35,52,0,0, ,3759610,280457
2105,2176,4086,2018-01-07,0,Crape Myrtle, ,Lagerstroemia x, ,4,7,37,50,0,0, ,3759610,280458
2106,2177,4087,2018-01-07,0,Crape Myrtle, ,Lagerstroemia x, ,4,6,35,50,0,0, ,3759620,280458
2107,2178,4088,2018-01-07,0,Southern Magnolia, ,Magnolia grandiflora, ,25,27,60,71,0,0, ,3759620,280453
2108,2179,4089,2018-01-07,0,Pin Oak, ,Quercus palustris, ,13,17,60,70,0,0, ,3759620,280447
2109,2180,4090,2018-01-07,0,Willow Oak, ,Quercus phellos, ,24,30,68,74,0,0, ,3759630,280440
2110,2181,4091,2018-01-07,-99,Post Oak, ,Quercus stellata, ,39,0,68,0,1,0, ,3759590,280432
2111,2182,4092,2018-01-07,-99,Devilwood, ,Osmanthus americanus, ,7,0,21,0,1,0, ,3759580,280435
2112,2183,4093,2018-01-07,-99,Smoke Tree, ,Cotinus coggygria, ,2,0,13,0,1,0, ,3759570,280429
2113,2184,4094,2018-01-07,-99,Yoshino Cherry, ,Prunus x yedoensis, ,6,0,20,0,1,0, ,3759580,280428
2114,2185,4095,2018-01-07,0,Southern Magnolia, ,Magnolia grandiflora, ,11,18,37,49,0,0, ,3759580,280432
2115,2186,4096,2017-10-11,-99,Southern Red Oak, ,Quercus falcata, ,25,0,69,0,1,0, ,3759650,280465
2116,2187,4097,2018-01-07,0,Flowering Dogwood, ,Cornus florida, ,6,7,17,23,0,0, ,3759630,280410
2117,2188,4098,2018-01-07,0,Southern Red Oak, ,Quercus falcata, ,41,44,88,108,0,0, ,3759630,280409
2118,2189,4099,2018-01-07,0,Flowering Dogwood, ,Cornus florida, ,4,4,13,18,0,0, ,3759640,280415
2119,2190,4100,2018-01-07,0,Yellowwood, ,Cladrastis kentukea, ,2,11,12,31,0,0, ,3759640,280421
2120,2191,4101,2018-01-07,0,Flowering Dogwood, ,Cornus florida, ,2,4,12,19,0,0, ,3759640,280413
2121,2192,4102,2018-01-07,0,Japanese Maple, ,Acer palmatum, ,1,2,6,11,0,0, ,3759640,280404
2122,2193,4103,2018-01-07,0,Carolina Silverbell, ,Halesia tetraptera, ,1,1,8,15,0,0, ,3759640,280408
2123,2194,4104,2018-01-07,0,Flowering Dogwood, ,Cornus florida, ,5,5,14,19,0,0, ,3759640,280409
2124,2195,4105,2018-01-07,0,Flowering Dogwood, ,Cornus florida, ,1,5,7,23,0,0, ,3759640,280411
2125,2196,4106,2018-01-07,0,Southern Magnolia, ,Magnolia grandiflora, ,8,11,20,34,0,0, ,3759650,280405
2126,2197,4107,2018-01-07,-99,Flowering Dogwood, ,Cornus florida, ,5,0,23,0,1,0, ,3759640,280411
2127,2198,4108,2018-01-07,0,Northern Red Oak, ,Quercus rubra, ,5,10,21,37,0,0, ,3759640,280414
2128,2199,4109,2018-01-06,0,Post Oak, ,Quercus stellata, ,32,34,95,104,1,0, ,3759660,280417
2129,2200,4110,2018-01-07,0,Umbrella Magnolia, ,Magnolia tripetala, ,1,2,9,16,0,0, ,3759650,280411
2130,2201,4111,2018-01-07,0,Crape Myrtle, ,Lagerstroemia x, ,1,3,13,23,0,0, ,3759650,280405
2131,2202,4112,2018-01-07,0,Crape Myrtle, ,Lagerstroemia x, ,2,5,13,21,0,0, ,3759650,280404
2132,2203,4113,2018-01-07,-99,Post Oak, ,Quercus stellata, ,25,0,73,0,1,0, ,3759660,280408
2133,2204,4114,2018-01-06,0,Dawn Redwood, ,Metasequoia glypostroboides, ,26,26,67,67,0,0, ,3759660,280413
2134,2205,4115,2018-01-06,0,Japanese Maple, ,Acer palmatum, ,5,7,24,31,0,0, ,3759670,280420
2135,2206,4116,2018-01-06,0,Chinese Elm, ,Ulmus parvifolia, ,11,19,56,62,0,0, ,3759660,280422
2136,2207,4117,2018-01-06,-99,Chinese Elm, ,Ulmus parvifolia, ,3,0,17,0,1,0, ,3759670,280443
2137,2208,4118,2018-01-06,0,Japanese Maple, ,Acer palmatum, ,6,8,25,35,1,0, ,3759660,280436
2138,2209,4119,2018-01-06,0,Redbud, ,Cercis canadensis, ,1,2,7,14,0,0, ,3759650,280438
2139,2210,4120,2018-01-06,0,Water Oak, ,Quercus nigra, ,25,28,79,94,0,0, ,3759650,280438
2140,2211,4121,2018-01-06,-99,Post Oak, ,Quercus stellata, ,30,0,67,0,1,0, ,3759660,280448
2141,2212,4122,2018-01-06,0,White Oak, ,Quercus alba, ,5,9,26,40,1,0, ,3759670,280438
2142,2213,4123,2017-10-20,-99,Redbud, ,Cercis canadensis, ,14,0,32,0,1,0, ,3759670,280460
2143,2214,4124,2018-01-06,0,Crape Myrtle, ,Lagerstroemia x, ,3,4,37,45,0,0, ,3759670,280431
2144,2215,4125,2018-01-06,0,Crape Myrtle, ,Lagerstroemia x, ,3,5,30,33,0,0, ,3759680,280432
2145,2216,4126,2018-01-06,0,Crape Myrtle, ,Lagerstroemia x, ,2,5,32,41,0,0, ,3759680,280431
2146,2217,4127,2018-01-06,0,Painted Maple, ,Acer mono, ,9,10,50,50,0,0, ,3759680,280438
2147,2218,4128,2018-01-06,0,Osage Orange, ,Maclura pomifera, ,5,6,17,37,0,0, ,3759680,280440
2148,2219,4129,2018-01-06,0,Southern Red Oak, ,Quercus falcata, ,32,35,91,92,0,0, ,3759680,280442
2149,2220,4130,2018-01-06,0,Redbud, ,Cercis canadensis, ,2,5,15,27,0,0, ,3759690,280440
2150,2221,4131,2018-01-06,0,Field Maple, ,Acer campestre, ,10,11,34,44,0,0, ,3759680,280437
2151,2222,4132,2017-10-21,0,Sugar Maple, ,Acer saccharum, ,11,14,53,62,1,0, ,3759580,280718
2152,2223,4133,2018-01-06,0,Japanese Oak, ,Quercus glauca, ,7,9,43,43,0,0, ,3759670,280407
2153,2224,4134,2018-01-06,0,Osage Orange, ,Maclura pomifera, ,7,9,35,39,0,0, ,3759670,280411
2154,2225,4135,2018-01-06,0,Kousa Dogwood, ,Cornus kousa, ,4,6,19,26,0,0, ,3759670,280414
2155,2226,4136,2018-01-06,0,Flowering Dogwood, ,Cornus florida, ,2,3,10,21,1,0, ,3759670,280410
2156,2227,4137,2018-01-06,0,Loblolly Pine, ,Pinus taeda, ,24,25,80,100,1,0, ,3759670,280409
2157,2228,4138,2018-01-06,0,Persian Parrotia, ,Parrotia persica, ,5,8,34,35,0,0, ,3759680,280408
2158,2229,4140,2018-01-06,-99,Red Maple, ,Acer rubrum, ,17,0,50,0,1,0, ,3759680,280407
2159,2230,4141,2018-01-06,0,Taiwan Flowering Cherry, ,Prunus campanulata, ,3,5,24,29,0,0, ,3759680,280411
2160,2231,4142,2018-01-06,0,Burford Holly, ,Ilex cornuta, ,3,10,33,33,0,0, ,3759680,280408
2161,2232,4143,2018-01-06,0,Swamp White Oak, ,Quercus bicolor, ,7,11,35,41,1,0, ,3759690,280408
2162,2233,4144,2018-01-06,0,Loblolly Pine, ,Pinus taeda, ,16,20,86,86,1,0, ,3759690,280416
2163,2234,4145,2018-01-06,0,Black Locust, ,Robinia pseudoacacia, ,10,4,35,25,1,0,Stump sprouts,3759690,280413
2164,2235,4146,2018-01-06,0,Loblolly Pine, ,Pinus taeda, ,25,28,93,108,1,0, ,3759700,280414
2165,2236,4147,2018-01-06,-99,Golden Rain Tree, ,Koelreuteria paniculata, ,3,0,19,0,1,0, ,3759690,280414
2166,2237,4148,2018-01-06,0,False Olive, ,Phillyrea angustifolia, ,6,10,28,36,0,0, ,3759700,280416
2167,2238,4149,2018-01-06,0,Loblolly Pine, ,Pinus taeda, ,20,21,77,86,0,0, ,3759700,280416
2168,2239,4150,2018-01-06,0,Hackberry, ,Celtis laevigata, ,22,24,86,100,1,0, ,3759710,280425
2169,2240,4151,2018-01-06,0,Paperbark Maple, ,Acer griseum, ,2,3,15,23,0,0, ,3759710,280418
2170,2241,4152,2018-01-06,0,Mary Nell Holly, ,Ilex latifolia, ,5,9,17,25,0,0, ,3759710,280421
2171,2242,4153,2018-01-06,0,Cherry Laurel, ,Prunus caroliniana, ,2,4,26,26,0,0, ,3759710,280423
2172,2243,4154,2018-01-06,0,Cherry Laurel, ,Prunus caroliniana, ,4,5,21,27,0,0, ,3759710,280425
2173,2244,4155,2018-01-06,0,Roughleaf Dogwood, ,Cornus alternifolia, ,1,2,10,16,0,0, ,3759700,280428
2174,2245,4156,2018-01-06,0,Water Oak, ,Quercus nigra, ,32,33,75,104,0,0, ,3759710,280429
2175,2246,4157,2018-01-06,-99,Lebanon Cedar, ,Cedrus lebani, ,13,0,66,0,1,0, ,3759700,280430
2176,2247,4158,2018-01-06,0,Hackberry, ,Celtis laevigata, ,32,28,55,55,0,0, ,3759710,280432
2177,2248,4159,2018-01-06,0,Saucer Magnolia, ,Magnolia x soulangiana, ,3,6,19,48,0,0, ,3759700,280435
2178,2249,4160,2018-01-06,0,Fringetree, ,Chionanthus virginicus, ,1,3,13,19,0,0, ,3759700,280431
2179,2250,4161,2018-01-06,0,Trident Maple, ,Acer buergerianum, ,14,16,40,40,0,0, ,3759690,280433
2180,2251,4162,2018-01-06,0,East Palatka Holly, ,Ilex x attenuata, ,13,16,56,60,0,0, ,3759690,280439
2181,2252,4163,2018-01-06,0,Dahoon Holly, ,Ilex cassine, ,4,5,25,26,0,0, ,3759700,280426
2182,2253,4164,2018-01-06,0,Dahoon Holly, ,Ilex cassine, ,3,4,25,28,1,0, ,3759690,280428
2183,2254,4165,2018-01-06,0,Evodia, ,Tetradium daniellii, ,13,17,40,27,0,0,Pruned,3759710,280415
2184,2255,4166,2018-01-06,0,Loblolly Pine, ,Pinus taeda, ,28,30,103,108,0,0, ,3759710,280413
2185,2256,4167,2018-01-06,0,Sugar Maple, ,Acer saccharum, ,5,9,38,40,1,0, ,3759700,280410
2186,2257,4168,2018-01-06,0,Sourwood, ,Oxydendrum arboreum, ,5,6,27,42,0,0, ,3759670,280415
2187,2258,4169,2018-01-07,-99,Japanese Maple, ,Acer palmatum, ,1,0,8,0,1,0, ,3759610,280403
2188,2259,4170,2018-01-07,0,Devilwood, ,Osmanthus americanus, ,1,3,10,16,0,0, ,3759620,280411
2189,2260,4171,2018-01-07,0,Yellowwood, ,Cladrastis kentukea, ,11,12,41,51,0,0, ,3759610,280419
2190,2261,4172,2018-01-07,-99,Water Oak, ,Quercus nigra, ,26,0,81,0,1,0, ,3759610,280408
2191,2262,4173,2018-01-07,0,Southern Magnolia, ,Magnolia grandiflora, ,12,13,28,39,0,0, ,3759610,280404
2192,2263,4174,2018-01-07,0,Swamp Bay, ,Persea palustris, ,2,2,12,13,0,0, ,3759610,280414
2193,2264,4175,2018-01-07,0,Water Oak, ,Quercus nigra, ,39,41,95,95,0,0, ,3759610,280405
2194,2265,4176,2018-01-07,-99,Northern Red Oak, ,Quercus rubra, ,7,0,45,0,1,0, ,3759610,280414
2195,2266,4177,2018-01-07,0,Glossy Privet, ,Ligustrum lucidum, ,2,3,21,29,0,0, ,3759600,280404
2196,2267,4178,2018-01-07,0,Post Oak, ,Quercus stellata, ,22,23,64,71,0,0, ,3759600,280413
2197,2268,4179,###############################################################################################################################################################################################################################################################,0,Glossy Privet, ,Ligustrum lucidum, ,4,0,22,0,1,0, ,3759600,280402
2198,2269,4180,2018-01-07,0,Witch Hazel, ,Hamamelis virginiana, ,4,3,18,21,0,0,Stump sprouts,3759600,280422
2199,2270,4181,2018-01-07,0,Fortune's Osmanthus, ,Osmanthus x fortunei, ,12,9,14,24,0,0, ,3759590,280426
2200,2271,4182,2018-01-07,0,Flowering Dogwood, ,Cornus florida, ,5,7,27,36,0,0, ,3759600,280435
2201,2272,4183,2018-01-07,0,Post Oak, ,Quercus stellata, ,35,37,94,106,0,0, ,3759590,280425
2202,2273,4184,2018-01-07,0,Crape Myrtle, ,Lagerstroemia x, ,1,2,9,22,0,0, ,3759590,280430
2203,2274,4185,2018-01-07,0,Arizona Cypress, ,Cupressus arizonica, ,4,8,17,36,0,0, ,3759590,280431
2204,2275,4186,2018-01-07,-99,Arizona Cypress, ,Cupressus arizonica, ,3,0,20,0,1,0, ,3759580,280433
2205,2276,4187,2018-01-07,0,Glossy Privet, ,Ligustrum lucidum, ,5,4,25,30,0,0,Shrank,3759590,280402
2206,2277,4188,2018-01-07,0,Canadian Hemlock, ,Tsuga canadensis, ,11,14,41,68,0,0, ,3759590,280409
2207,2278,4189,2018-01-07,0,Post Oak, ,Quercus stellata, ,26,28,85,85,0,0, ,3759590,280416
2208,2279,4190,2018-01-07,0,Cherry Laurel, ,Prunus caroliniana, ,5,6,19,39,0,0, ,3759590,280401
2209,2280,4191,2018-01-07,0,Canadian Hemlock, ,Tsuga canadensis, ,9,12,46,66,0,0, ,3759590,280408
2210,2281,4192,2018-01-07,0,Hackberry, ,Celtis occidentalis, ,31,31,89,90,0,0, ,3759590,280401
2211,2282,4193,2018-01-07,0,Ginkgo, ,Ginkgo biloba, ,1,2,10,17,0,0, ,3759580,280403
2212,2283,4194,2018-01-07,0,Shumard Oak, ,Quercus shumardii, ,11,19,60,68,0,0, ,3759580,280408
2213,2284,4195,2018-01-07,-99,English Oak, ,Quercus robur, ,4,0,24,0,1,0, ,3759570,280410
2214,2285,4196,2018-01-07,0,White Oak, ,Quercus alba, ,8,15,41,67,0,0, ,3759580,280414
2215,2286,4197,2018-01-07,-99,Cryptomeria, ,Cryptomeria japonica, ,7,0,20,0,1,0, ,3759570,280404
2216,2287,4198,2018-01-07,0,Redbud, ,Cercis canadensis, ,4,8,37,27,0,0,Broken top,3759570,280415
2217,2288,4200,2018-01-07,0,Post Oak, ,Quercus stellata, ,36,37,98,102,0,0, ,3759570,280422
2218,2289,4201,2018-01-07,0,Winged Elm, ,Ulmus alata, ,6,9,26,37,0,0, ,3759560,280420
2219,2290,4202,2018-01-07,-99,Cherry Laurel, ,Prunus caroliniana, ,5,0,22,0,1,0, ,3759560,280419
2220,2291,4203,2018-01-07,-99,Cherry Laurel, ,Prunus caroliniana, ,11,0,28,0,1,0, ,3759560,280423
2221,2292,4204,2018-01-07,0,Devilwood, ,Osmanthus americanus, ,1,4,21,27,0,0, ,3759610,280426
2222,2293,4205,2018-01-07,0,Cryptomeria, ,Cryptomeria japonica, ,10,13,44,63,0,0, ,3759580,280404
2223,2294,4206,2018-01-07,0,Winged Elm, ,Ulmus alata, ,16,17,71,72,0,0, ,3759620,280409
2224,2295,4207,2018-01-07,0,Hackberry, ,Celtis occidentalis, ,24,27,69,72,0,0, ,3759560,280415
2225,2296,4208,2018-01-07,0,Loquat, ,Eriobotrya japonica, ,5,7,17,26,0,0, ,3759610,280440
2226,2297,4209,2018-01-07,-99,Washington Hawthorn, ,Crataegus phaenopyrum, ,11,0,30,0,1,0, ,3759620,280442
2227,2298,4210,2017-10-20,0,Katsura Tree, ,Cercidiphylum japonicum, ,6,9,36,52,0,0, ,3759690,280455
2228,2299,4211,2017-10-20,0,Southern Red Oak, ,Quercus falcata, ,20,21,62,66,1,0, ,3759650,280472
2229,2300,4212,2017-10-20,0,Southern Red Oak, ,Quercus falcata, ,22,24,62,64,1,0, ,3759660,280478
2230,2301,4213,2017-10-11,-99,Southern Red Oak, ,Quercus falcata, ,28,0,78,0,1,0, ,3759660,280484
2231,2302,4214,2017-10-20,0,Red Sunset Maple, ,Acer rubrum, ,5,6,23,29,0,1,Could be pruned and not cut,3759630,280478
2232,2303,4215,2017-10-20,0,Trident Maple, ,Acer buergerianum, ,5,7,23,25,1,0, ,3759660,280493
2233,2304,4216,2017-10-20,0,Yellowwood, ,Cladrastis kentukea, ,4,9,24,36,1,1, ,3759670,280500
2234,2305,4217,2017-10-20,0,Redbud, ,Cercis canadensis, ,1,4,9,28,1,0, ,3759670,280497
2235,2306,4218,2017-10-20,0,Serviceberry, ,Amelanchier arborea, ,3,4,12,22,1,0, ,3759670,280496
2236,2307,4219,###############################################################################################################################################################################################################################################################,0,Serviceberry, ,Amelanchier arborea, ,1,0,6,0,1,0, ,3759670,280495
2237,2308,4220,###############################################################################################################################################################################################################################################################,0,Serviceberry, ,Amelanchier arborea, ,1,0,12,0,1,0, ,3759670,280498
2238,2309,4221,###############################################################################################################################################################################################################################################################,0,Serviceberry, ,Amelanchier arborea, ,2,0,14,0,1,0, ,3759670,280497
2239,2310,4222,2017-10-20,0,Smoke Tree, ,Cotinus coggygria, ,1,2,7,9,0,0, ,3759660,280503
2240,2311,4223,2017-10-20,-99,Yellowwood, ,Cladrastis kentukea, ,5,0,35,0,1,0, ,3759670,280505
2241,2312,4224,2017-11-05,-99,Cherry Laurel, ,Prunus caroliniana, ,9,0,29,0,1,0, ,3759520,280689
2242,2313,4225,2017-11-14,0,Burford Holly, ,Ilex cornuta, ,6,8,17,23,1,0, ,3759520,280682
2243,2314,4226,2017-10-20,0,Redbud, ,Cercis canadensis, ,3,6,9,14,0,0, ,3759660,280515
2244,2315,4227,2017-11-14,0,Crape Myrtle, ,Lagerstroemia x, ,3,5,20,34,0,0, ,3759590,280473
2245,2316,4228,2017-11-14,0,Crape Myrtle, ,Lagerstroemia x, ,3,5,21,34,0,0, ,3759590,280475
2246,2317,4229,2017-11-14,0,Crape Myrtle, ,Lagerstroemia x, ,4,6,20,34,0,0, ,3759600,280473
2247,2318,4230,2017-11-14,0,Italian Cypress, ,Cupressus sempervirens, ,9,11,46,63,0,0, ,3759600,280498
2248,2319,4231,2017-11-14,0,Crape Myrtle, ,Lagerstroemia x, ,8,11,28,45,1,0, ,3759590,280488
2249,2320,4232,2017-11-14,0,Crape Myrtle, ,Lagerstroemia x, ,2,5,28,48,0,0, ,3759600,280492
2250,2321,4233,2017-11-14,0,Crape Myrtle, ,Lagerstroemia x, ,2,5,22,41,0,0, ,3759600,280494
2251,2322,4234,2017-11-14,0,Crape Myrtle, ,Lagerstroemia x, ,2,2,11,36,1,0, ,3759590,280489
2252,2323,4235,2017-11-14,0,Crape Myrtle, ,Lagerstroemia x, ,3,5,24,48,0,0, ,3759590,280492
2253,2324,4236,2017-11-14,0,Crape Myrtle, ,Lagerstroemia x, ,3,3,22,49,0,0, ,3759590,280495
2254,2325,4237,2017-11-16,0,Overcup Oak, ,Quercus lyrata, ,21,22,62,62,0,0, ,3759580,280498
2255,2326,4238,2017-11-16,0,Bur Oak, ,Quercus macrocarpa, ,2,4,11,33,0,0, ,3759580,280492
2256,2327,4239,2017-11-16,0,Oak, ,Quercus, ,23,24,62,64,0,0, ,3759570,280490
2257,2328,4240,2017-11-16,0,River Birch, ,Betula nigra, ,2,7,38,43,0,0, ,3759570,280495
2258,2329,4241,2017-11-16,0,River Birch, ,Betula nigra, ,3,7,39,46,0,0, ,3759570,280489
2259,2330,4242,2017-11-16,0,River Birch, ,Betula nigra, ,3,7,37,44,0,0, ,3759570,280494
2260,2331,4243,2017-11-16,0,Southern Magnolia, ,Magnolia grandiflora, ,5,8,27,30,1,0, ,3759570,280501
2261,2332,4244,2017-11-16,0,Southern Magnolia, ,Magnolia grandiflora, ,5,5,15,30,1,0, ,3759570,280504
2262,2333,4245,2017-11-16,0,Southern Magnolia, ,Magnolia grandiflora, ,5,7,29,32,1,0, ,3759570,280503
2263,2334,4246,2017-11-16,0,Red Maple, ,Acer rubrum, ,6,10,38,46,1,0, ,3759570,280500
2264,2335,4247,2017-11-16,0,Flowering Dogwood, ,Cornus florida, ,2,7,26,30,1,0, ,3759570,280507
2265,2336,4248,2017-10-20,0,Flowering Dogwood, ,Cornus florida, ,5,7,28,32,1,0, ,3759570,280518
2266,2337,4249,2017-10-20,0,Red Maple, ,Acer rubrum, ,10,13,43,45,1,0, ,3759570,280514
2267,2338,4250,2017-10-20,0,Flowering Dogwood, ,Cornus florida, ,3,3,20,17,1,0, ,3759570,280511
2268,2339,4251,2017-10-20,0,Red Maple, ,Acer rubrum, ,6,9,32,47,1,0, ,3759580,280505
2269,2340,4252,2017-10-20,0,Saucer Magnolia, ,Magnolia x soulangiana, ,1,3,16,30,1,0, ,3759580,280510
2270,2341,4253,2017-10-20,0,Sweetbay Magnolia, ,Magnolia virginiana, ,8,13,48,57,0,0, ,3759580,280513
2271,2342,4254,2017-10-20,0,Lacey Oak, ,Quercus laceyi, ,5,10,24,39,1,0, ,3759580,280520
2272,2343,4255,2017-10-20,0,Japanese Maple, ,Acer palmatum, ,4,5,17,24,0,0, ,3759610,280512
2273,2344,4256,2017-10-20,0,Crape Myrtle, ,Lagerstroemia x, ,4,6,19,32,1,0, ,3759610,280517
2274,2345,4257,2017-10-20,0,Crape Myrtle, ,Lagerstroemia x, ,3,5,20,35,1,0, ,3759600,280514
2275,2346,4258,2017-10-20,0,Crape Myrtle, ,Lagerstroemia x, ,4,6,26,35,1,0, ,3759600,280511
2276,2347,4259,2017-10-20,0,Crape Myrtle, ,Lagerstroemia x, ,6,8,39,43,1,0, ,3759630,280510
2277,2348,4260,2017-10-20,0,Crape Myrtle, ,Lagerstroemia x, ,4,4,15,24,1,0, ,3759630,280510
2278,2349,4261,2017-10-20,0,Crape Myrtle, ,Lagerstroemia x, ,9,10,36,36,1,0, ,3759630,280505
2279,2350,4262,2017-10-20,0,Crape Myrtle, ,Lagerstroemia x, ,2,4,20,29,1,0, ,3759630,280505
2280,2351,4263,2017-10-20,0,Japanese Maple, ,Acer palmatum, ,1,4,22,26,1,0, ,3759630,280507
2281,2352,4264,2017-11-17,0,Alta Magnolia, ,Magnolia grandiflora, ,3,5,19,30,0,0, ,3759560,280556
2282,2353,4265,2017-11-17,0,Golden Rain Tree, ,Koelreuteria paniculata, ,9,15,39,53,1,0, ,3759540,280547
2283,2354,4266,2017-11-17,0,October Glory Red Maple, ,Acer rubrum, ,5,10,40,55,1,0, ,3759540,280543
2284,2355,4267,2017-11-17,0,Cryptomeria, ,Cryptomeria japonica, ,2,8,32,52,0,0, ,3759550,280538
2285,2356,4268,2017-11-17,0,Cryptomeria, ,Cryptomeria japonica, ,8,11,34,54,0,0, ,3759540,280534
2286,2357,4269,2017-11-17,0,Cryptomeria, ,Cryptomeria japonica, ,9,12,32,54,0,0, ,3759540,280530
2287,2358,4270,2017-11-17,0,Arwold Tulip Poplar, ,Liriodendron tulipifera, ,2,3,24,26,0,0, ,3759550,280526
2288,2359,4271,2017-11-17,-99,Blackgum, ,Nyssa sylvatica, ,2,0,25,0,1,0, ,3759550,280527
2289,2360,4272,2017-11-17,0,Serviceberry, ,Amelanchier arborea, ,1,3,17,0,0,0, ,3759540,280522
2290,2361,4273,2017-11-17,0,Serviceberry, ,Amelanchier arborea, ,1,3,17,24,0,0, ,3759540,280520
2291,2362,4274,2017-11-17,0,Autumn Brilliance Serviceberry, ,Amelanchier x grandiflora, ,1,2,17,25,1,0, ,3759540,280518
2292,2363,4275,2017-11-17,0,Autumn Brilliance Serviceberry, ,Amelanchier x grandiflora, ,1,3,15,23,1,0, ,3759540,280516
2293,2364,4276,2017-11-17,0,Autumn Brilliance Serviceberry, ,Amelanchier x grandiflora, ,2,2,14,22,1,0, ,3759540,280514
2294,2365,4277,2017-11-17,0,Blackgum, ,Nyssa sylvatica, ,3,4,14,20,0,0, ,3759540,280522
2295,2366,4278,2017-11-17,0,Arwold Tulip Poplar, ,Liriodendron tulipifera, ,5,7,41,66,0,0, ,3759550,280520
2296,2367,4279,2017-11-17,0,Blackgum, ,Nyssa sylvatica, ,3,4,13,27,0,0, ,3759550,280517
2297,2368,4280,2017-11-17,0,Blackgum, ,Nyssa sylvatica, ,5,9,24,36,1,0, ,3759540,280508
2298,2369,4281,2017-11-17,0,Flowering Dogwood, ,Cornus florida, ,6,6,18,23,0,0, ,3759540,280521
2299,2370,4282,2017-11-17,0,Trident Maple, ,Acer buergerianum, ,6,8,31,32,1,0, ,3759540,280514
2300,2371,4283,2017-11-17,0,Trident Maple, ,Acer buergerianum, ,6,5,24,27,1,0, ,3759540,280511
2301,2372,4284,2017-11-17,0,Trident Maple, ,Acer buergerianum, ,5,7,33,34,1,0, ,3759530,280508
2302,2373,4285,2017-11-17,0,Crape Myrtle, ,Lagerstroemia x, ,3,5,21,35,1,0, ,3759540,280499
2303,2374,4286,2017-11-17,0,Crape Myrtle, ,Lagerstroemia x, ,2,5,20,37,1,0, ,3759540,280498
2304,2375,4287,2017-11-17,0,Crape Myrtle, ,Lagerstroemia x, ,2,5,22,36,1,0, ,3759540,280499
2305,2376,4288,2017-11-16,0,Dawn Redwood, ,Metasequoia glypostroboides, ,10,14,35,54,0,0, ,3759560,280493
2306,2377,4289,2017-11-17,0,Dawn Redwood, ,Metasequoia glypostroboides, ,7,10,37,56,0,0, ,3759550,280502
2307,2378,4290,2017-11-16,-99,Sycamore, ,Platanus occidentalis, ,9,0,42,0,1,0, ,3759550,280500
2308,2379,4291,2017-11-16,0,River Birch, ,Betula nigra, ,5,7,33,40,0,0, ,3759560,280491
2309,2380,4292,2017-11-16,0,River Birch, ,Betula nigra, ,4,5,32,36,0,0, ,3759560,280495
2310,2381,4293,2017-11-16,0,River Birch, ,Betula nigra, ,5,6,39,39,0,0, ,3759560,280496
2311,2382,4294,2017-10-20,-99,Flowering Dogwood, ,Cornus florida, ,5,0,22,0,1,0, ,3759560,280465
2312,2383,4295,2017-11-16,0,Saucer Magnolia, ,Magnolia x soulangiana, ,5,6,32,43,1,0, ,3759540,280449
2313,2384,4296,2017-11-16,0,Chinese Tallow Tree, ,Sapium sebiferum, ,18,20,50,61,0,0, ,3759540,280439
2314,2385,4297,###############################################################################################################################################################################################################################################################,0,Japanese Maple, ,Acer palmatum, ,3,7,22,27,0,1, ,3759530,280430
2315,2386,4298,2017-11-16,0,Crape Myrtle, ,Lagerstroemia x, ,3,4,22,34,0,0, ,3759530,280411
2316,2387,4299,2017-11-16,0,Crape Myrtle, ,Lagerstroemia x, ,4,4,20,32,0,0, ,3759530,280412
2317,2388,4300,2017-11-16,0,Crape Myrtle, ,Lagerstroemia x, ,2,5,20,38,1,0, ,3759540,280409
2318,2389,4301,2017-11-16,0,Crape Myrtle, ,Lagerstroemia x, ,5,6,33,38,1,0, ,3759540,280408
2319,2390,4302,2017-11-16,0,Crape Myrtle, ,Lagerstroemia x, ,4,5,32,36,1,0, ,3759540,280408
2320,2391,4303,###############################################################################################################################################################################################################################################################,0,Georgia Oak, ,Quercus georgiana, ,11,16,44,48,1,1, ,3759530,280404
2321,2392,4304,2017-11-16,0,Vitex, ,Vitex agnus-castus, ,5,6,18,28,1,0, ,3759560,280407
2322,2393,4305,2017-11-14,0,Japanese Maple, ,Acer palmatum, ,1,4,12,18,0,0, ,3759540,280657
2323,2394,4306,2017-11-14,0,Japanese Maple, ,Acer palmatum, ,1,4,15,21,1,0, ,3759540,280652
2324,2395,4307,2017-11-05,0,Japanese Maple, ,Acer palmatum, ,1,4,13,17,1,0, ,3759550,280648
2325,2396,4308,2017-11-05,-99,Katsura Tree, ,Cercidiphylum japonicum, ,5,0,12,0,1,0, ,3759550,280678
2326,2397,4309,2017-11-05,0,Trident Maple, ,Acer buergerianum, ,6,9,27,36,1,0, ,3759560,280665
2327,2398,4310,2017-10-21,-99,Flowering Dogwood, ,Cornus florida, ,2,0,18,0,1,0, ,3759560,280697
2328,2399,4311,2017-11-05,0,Weeping Yaupon Holly, ,Ilex vomitoria, ,1,4,6,25,0,0, ,3759550,280691
2329,2400,4312,2017-11-05,0,Weeping Yaupon Holly, ,Ilex vomitoria, ,4,5,13,25,0,0, ,3759550,280687
2330,2401,4313,2017-11-14,0,October Glory Red Maple, ,Acer rubrum, ,6,10,36,47,1,0, ,3759540,280689
2331,2402,4314,###############################################################################################################################################################################################################################################################,0,Brodie Cedar, ,Juniperus virginiana, ,2,0,17,0,1,0, ,3759700,280817
2332,2403,4315,###############################################################################################################################################################################################################################################################,0,Brodie Cedar, ,Juniperus virginiana, ,3,0,22,0,1,0, ,3759700,280811
2333,2404,4316,2017-11-16,-99,Vitex, ,Vitex agnus-castus, ,2,0,14,0,1,0, ,3759560,280404
2334,2405,4317,2017-11-15,-99,Water Oak, ,Quercus nigra, ,29,0,43,0,1,0, ,3759540,280576
2335,2406,4318,2017-11-15,0,Water Oak, ,Quercus nigra, ,30,33,60,69,1,0, ,3759540,280588
2336,2407,4319,2017-11-15,0,Northern Red Oak, ,Quercus rubra, ,17,22,40,42,1,0, ,3759520,280596
2337,2408,4320,2017-11-15,0,Southern Magnolia, ,Magnolia grandiflora, ,16,19,38,55,1,0, ,3759540,280617
2338,2409,4321,2017-11-14,-99,Redbud, ,Cercis canadensis, ,1,0,8,0,1,0, ,3759540,280628
2339,2410,4322,2017-11-14,-99,Water Oak, ,Quercus nigra, ,33,0,68,0,1,0, ,3759540,280641
2340,2411,4323,2017-11-14,-99,Water Oak, ,Quercus nigra, ,34,0,74,0,1,0, ,3759530,280639
2341,2412,4324,2017-11-14,0,Vitex, ,Vitex agnus-castus, ,5,5,19,21,0,0, ,3759550,280591
2342,2413,4325,2017-11-14,0,Georgia Oak, ,Quercus georgiana, ,5,9,19,33,0,0, ,3759550,280598
2343,2414,4326,2017-11-14,-99,Cryptomeria, ,Cryptomeria japonica, ,10,0,30,0,1,0, ,3759550,280605
2344,2415,4327,2017-11-14,-99,Cryptomeria, ,Cryptomeria japonica, ,6,0,29,0,1,0, ,3759550,280610
2345,2416,4328,2017-11-15,0,Water Oak, ,Quercus nigra, ,38,40,82,84,0,0, ,3759520,280633
2346,2417,4329,2017-11-15,-99,Saucer Magnolia, ,Magnolia stellata, ,1,0,7,0,1,0, ,3759520,280620
2347,2418,4330,2017-11-17,0,Crape Myrtle, ,Lagerstroemia x, ,2,6,17,26,0,0, ,3759540,280563
2348,2419,4331,2017-11-17,0,Crape Myrtle, ,Lagerstroemia x, ,1,5,17,25,0,0, ,3759530,280563
2349,2420,4332,2017-11-17,0,Crape Myrtle, ,Lagerstroemia x, ,1,6,17,23,0,0, ,3759530,280563
2350,2421,4333,2017-11-17,0,Crape Myrtle, ,Lagerstroemia x, ,1,6,18,33,1,0, ,3759520,280562
2351,2422,4334,2017-11-17,0,Holly, ,Ilex, ,8,9,30,30,0,0, ,3759530,280555
2352,2423,4335,###############################################################################################################################################################################################################################################################,0,Persimmon, ,Diospyros virginiana, ,2,0,7,0,1,0, ,3759530,280830
2353,2424,4336,###############################################################################################################################################################################################################################################################,0,Sweetbay Magnolia, ,Magnolia virginiana, ,1,0,7,0,1,0, ,3759530,280828
2354,2425,4337,###############################################################################################################################################################################################################################################################,0,Redbud, ,Cercis canadensis, ,4,0,18,0,1,0, ,3759530,280820
2355,2426,4338,###############################################################################################################################################################################################################################################################,0,Autumn Brilliance Serviceberry, ,Amelanchier x grandiflora, ,1,0,10,0,1,0, ,3759520,280818
2356,2427,4339,###############################################################################################################################################################################################################################################################,0,Redbud, ,Cercis canadensis, ,5,0,19,0,1,0, ,3759520,280821
2357,2428,4340,###############################################################################################################################################################################################################################################################,0,Autumn Brilliance Serviceberry, ,Amelanchier x grandiflora, ,1,0,9,0,1,0, ,3759520,280816
2358,2429,4341,###############################################################################################################################################################################################################################################################,0,Autumn Brilliance Serviceberry, ,Amelanchier x grandiflora, ,3,0,13,0,1,0, ,3759520,280818
2359,2430,4342,###############################################################################################################################################################################################################################################################,0,Loquat, ,Eriobotrya japonica, ,2,0,12,0,1,0, ,3759520,280825
2360,2431,4343,###############################################################################################################################################################################################################################################################,0,Yerba mate, ,Ilex paraguariensis, ,1,0,7,0,1,0, ,3759520,280823
2361,2432,4344,###############################################################################################################################################################################################################################################################,0,Carolina Silverbell, ,Halesia tetraptera, ,1,0,8,0,1,0, ,3759510,280814
2362,2433,4345,2017-11-14,0,Vitex, ,Vitex agnus-castus, ,5,5,13,26,0,0, ,3759570,280606
2363,2434,4346,2017-11-14,0,River Birch, ,Betula nigra, ,6,8,36,38,0,0, ,3759560,280612
2364,2435,4347,2017-11-14,0,Vitex, ,Vitex agnus-castus, ,1,5,17,22,0,0, ,3759560,280607
2365,2436,4348,###############################################################################################################################################################################################################################################################,0,Vitex, ,Vitex agnus-castus, ,3,0,14,0,1,0, ,3759560,280609
2366,2437,4349,2017-11-14,-99,Cryptomeria, ,Cryptomeria japonica, ,5,0,22,0,1,0, ,3759550,280612
2367,2438,4350,###############################################################################################################################################################################################################################################################,0,October Glory Red Maple, ,Acer rubrum, ,11,0,47,0,1,0, ,3759550,280805
2368,2439,4351,###############################################################################################################################################################################################################################################################,0,October Glory Red Maple, ,Acer rubrum, ,8,0,48,0,1,0, ,3759540,280802
2369,2440,4352,###############################################################################################################################################################################################################################################################,0,October Glory Red Maple, ,Acer rubrum, ,10,0,43,0,1,0, ,3759540,280808
2370,2441,4353,###############################################################################################################################################################################################################################################################,0,Cassava, ,Manihot esculenta, ,1,0,8,0,1,0, ,3759530,280833
2371,2442,4354,###############################################################################################################################################################################################################################################################,0,Cassava, ,Manihot esculenta, ,1,0,8,0,1,0, ,3759530,280832
2372,2443,4355,###############################################################################################################################################################################################################################################################,0,Andian Alder, ,Alnus acuminata, ,4,0,15,0,1,0, ,3759510,280842
2373,2444,4356,###############################################################################################################################################################################################################################################################,0,Flowering Dogwood, ,Cornus florida, ,3,0,19,0,1,0, ,3759570,280825
2374,2445,4357,###############################################################################################################################################################################################################################################################,0,Water Oak, ,Quercus nigra, ,34,0,71,0,1,0, ,3759570,280836
2375,2446,4358,###############################################################################################################################################################################################################################################################,0,Crape Myrtle, ,Lagerstroemia x, ,3,0,19,0,1,0, ,3759570,280820
2376,2447,4359,###############################################################################################################################################################################################################################################################,0,Crape Myrtle, ,Lagerstroemia x, ,5,0,17,0,1,0, ,3759570,280821
2377,2448,4360,###############################################################################################################################################################################################################################################################,0,Smoke Tree, ,Cotinus coggygria, ,3,0,15,0,1,0, ,3759580,280781
2378,2449,4361,###############################################################################################################################################################################################################################################################,0,Dahoon  Holly, ,Ilex cassine, ,16,0,53,0,1,0, ,3759580,280777
2379,2450,4362,###############################################################################################################################################################################################################################################################,0,Dahoon Holly, ,Ilex cassine, ,17,0,64,0,1,0, ,3759550,280778
2380,2451,4363,###############################################################################################################################################################################################################################################################,0,Dahoon Holly, ,Ilex cassine, ,13,0,63,0,1,0, ,3759550,280779
2381,2452,4364,###############################################################################################################################################################################################################################################################,0,Dahoon Holly, ,Ilex cassine, ,16,0,64,0,1,0, ,3759550,280780
2382,2453,4365,###############################################################################################################################################################################################################################################################,0,Crape Myrtle, ,Lagerstroemia x, ,1,0,22,0,1,0, ,3759690,280801
2383,2454,4366,###############################################################################################################################################################################################################################################################,0,Crape Myrtle, ,Lagerstroemia x, ,3,0,22,0,1,0, ,3759690,280804
2384,2455,4367,###############################################################################################################################################################################################################################################################,0,Brodie Cedar, ,Juniperus virginiana, ,4,0,22,0,1,0, ,3759700,280801
2385,2456,4368,###############################################################################################################################################################################################################################################################,0,Brodie Cedar, ,Juniperus virginiana, ,3,0,15,0,1,0, ,3759700,280800
2386,2457,4369,###############################################################################################################################################################################################################################################################,0,Crape Myrtle, ,Lagerstroemia x, ,2,0,23,0,1,0, ,3759690,280782
2387,2458,4370,###############################################################################################################################################################################################################################################################,0,Crape Myrtle, ,Lagerstroemia x, ,2,0,23,0,1,0, ,3759690,280786
2388,2459,4371,###############################################################################################################################################################################################################################################################,0,Crape Myrtle, ,Lagerstroemia x, ,2,0,26,0,1,0, ,3759690,280790
2389,2460,4372,###############################################################################################################################################################################################################################################################,0,Deodar Cedar, ,Cedrus deodara, ,23,0,64,0,1,0, ,3759590,280764
2390,2461,4373,###############################################################################################################################################################################################################################################################,0,Burford Holly, ,Ilex cornuta, ,6,0,19,0,1,0, ,3759570,280781
2391,2462,4374,###############################################################################################################################################################################################################################################################,0,Sweetbay Magnolia, ,Magnolia virginiana, ,1,0,7,0,1,0, ,3759560,280781
2392,2463,4375,###############################################################################################################################################################################################################################################################,0,Sweetbay Magnolia, ,Magnolia virginiana, ,2,0,8,0,1,0, ,3759560,280783
2393,2464,4376,###############################################################################################################################################################################################################################################################,0,Sweetbay Magnolia, ,Magnolia virginiana, ,2,0,8,0,1,0, ,3759570,280783
2394,2465,4377,2017-10-20,-99,Cherry Laurel, ,Prunus caroliniana, ,5,0,23,0,1,0, ,3759560,280473
2395,2466,4378,2017-10-20,-99,Cherry Laurel, ,Prunus caroliniana, ,0,0,19,0,1,0, ,3759560,280472
2396,2467,4379,2017-10-20,-99,Cherry Laurel, ,Prunus caroliniana, ,4,0,22,0,1,0, ,3759550,280473
2397,2468,4380,2017-10-20,-99,Cherry Laurel, ,Prunus caroliniana, ,5,0,22,0,1,0, ,3759550,280473
2398,2469,4381,2017-11-16,0,White Mulberry, ,Morus alba, ,35,36,64,66,0,0, ,3759550,280469
2399,2470,4382,2017-10-20,-99,Cherry Laurel, ,Prunus caroliniana, ,4,0,27,0,1,0, ,3759540,280474
2400,2471,4383,2017-10-20,-99,Sourwood, ,Oxydendrum arboreum, ,2,0,13,0,1,0, ,3759550,280465
2401,2472,4384,2017-11-16,0,Tulip Poplar, ,Liriodendron tulipifera, ,10,14,60,85,0,0, ,3759550,280469
2402,2473,4385,2017-10-20,-99,Sweetgum, ,Liquidambar styraciflua, ,29,0,83,0,1,0, ,3759550,280465
2403,2474,4386,2017-10-20,-99,Sweetgum, ,Liquidambar styraciflua, ,22,0,82,0,1,0, ,3759550,280457
2404,2475,4387,2017-10-20,-99,Sweetgum, ,Liquidambar styraciflua, ,11,0,58,0,1,0, ,3759540,280465
2405,2476,4388,2017-10-20,-99,Sweetgum, ,Liquidambar styraciflua, ,18,0,76,0,1,0, ,3759530,280456
2406,2477,4389,2017-10-20,-99,Sweetgum, ,Liquidambar styraciflua, ,17,0,74,0,1,0, ,3759530,280464
2407,2478,4390,2017-10-20,-99,Sweetgum, ,Liquidambar styraciflua, ,15,0,66,0,1,0, ,3759530,280456
2408,2479,4391,2017-10-20,-99,Sweetgum, ,Liquidambar styraciflua, ,17,0,74,0,1,0, ,3759530,280464
2409,2480,4392,2017-11-16,0,Holly, ,Ilex, ,5,5,19,21,0,0, ,3759540,280469
2410,2481,4393,2017-11-16,0,Holly, ,Ilex, ,4,5,18,22,0,0, ,3759540,280469
2411,2482,4394,2017-11-16,0,Holly, ,Ilex, ,2,5,17,22,0,0, ,3759540,280469
2412,2483,4395,2017-11-16,0,Holly, ,Ilex, ,3,3,17,20,0,0, ,3759540,280469
2413,2484,4396,2017-10-20,-99,Holly, ,Ilex, ,2,0,15,0,1,0, ,3759530,280466
2414,2485,4397,2017-10-20,-99,Holly, ,Ilex, ,2,0,13,0,1,0, ,3759530,280466
2415,2486,4398,2017-11-16,0,Holly, ,Ilex, ,1,2,12,15,0,0, ,3759530,280468
2416,2487,4399,2017-11-16,0,Holly, ,Ilex, ,1,4,15,16,0,0, ,3759530,280468
2417,2488,4400,2017-11-16,0,Holly, ,Ilex, ,1,2,18,20,0,0, ,3759530,280469
2418,2489,4401,2017-11-16,0,Holly, ,Ilex, ,1,1,5,18,0,0, ,3759530,280469
2419,2490,4402,2017-11-16,0,Holly, ,Ilex, ,3,4,16,21,0,0, ,3759540,280470
2420,2491,4403,2017-11-16,0,Holly, ,Ilex, ,3,3,15,26,0,0, ,3759540,280471
2421,2492,4404,2017-11-16,0,Holly, ,Ilex, ,3,4,18,26,0,0, ,3759530,280471
2422,2493,4405,2017-11-16,0,Holly, ,Ilex, ,3,4,15,20,0,0, ,3759530,280471
2423,2494,4406,###############################################################################################################################################################################################################################################################,0,White Mulberry, ,Morus alba, ,11,0,44,0,1,0, ,3759540,280796
2424,2495,4407,###############################################################################################################################################################################################################################################################,0,Glossy Privet, ,Ligustrum lucidum, ,3,0,23,0,1,0, ,3759540,280795
2425,2496,4408,###############################################################################################################################################################################################################################################################,0,Pecan, ,Carya illinionensis, ,11,0,64,0,1,0, ,3759530,280795
2426,2497,4409,2017-11-17,0,Golden Rain Tree, ,Koelreuteria paniculata, ,11,17,43,67,1,0, ,3759540,280528
2427,2498,4410,2017-11-17,0,October Glory Red Maple, ,Acer rubrum, ,4,8,29,40,0,0, ,3759550,280547
2428,2499,4411,2017-11-16,0,Banana Shrub, ,Michelia figo, ,4,6,22,33,0,0, ,3759540,280428
2429,2500,4412,2018-01-06,-99,Possum Haw, ,Ilex decidua, ,1,0,10,0,1,0, ,3759710,280410
2430,2501,4413,2018-01-06,0,Blackgum, ,Nyssa sylvatica, ,1,5,10,24,0,0, ,3759690,280415
2431,2502,4414,2018-01-06,0,Shortleaf Pine, ,Pinus echinata, ,24,26,103,112,1,0, ,3759680,280416
2432,2503,4415,2018-01-07,0,Crape Myrtle, ,Lagerstroemia x, ,2,3,14,21,0,0, ,3759660,280405
2433,2504,4416,2018-01-07,-99,Serviceberry, ,Amelanchier arborea, ,1,0,8,0,1,0, ,3759640,280428
2434,2505,4417,2018-01-07,-99,Flowering Dogwood, ,Cornus florida, ,11,0,33,0,1,0, ,3759600,280437
2435,2506,4418,2018-01-06,0,Lusterleaf Holly, ,Ilex latifolia, ,2,6,8,16,0,0, ,3759690,280408
2436,2507,4419,###############################################################################################################################################################################################################################################################,0,Weeping Yaupon Holly, ,Ilex vomitoria, ,1,0,5,0,1,0, ,3759520,280845
2437,2508,4420,###############################################################################################################################################################################################################################################################,0,Weeping Yaupon Holly, ,Ilex vomitoria, ,1,0,6,0,1,0, ,3759520,280846
2438,2509,4421,###############################################################################################################################################################################################################################################################,0,Weeping Yaupon Holly, ,Ilex vomitoria, ,2,0,6,0,1,0, ,3759510,280846
2439,2510,4422,2017-10-21,-99,Shumard Oak, ,Quercus shumardii, ,2,0,13,0,1,0, ,3759590,280718
2440,2511,4423,2017-10-21,0,Bill's Blue Deodar Cedar, ,Cedrus deodara, ,1,5,7,32,0,0, ,3759560,280718
2441,2512,4424,2017-11-15,0,Brandywine Red Maple, ,Acer rubrum, ,2,7,18,31,1,0, ,3759520,280573
2442,2513,4425,2017-11-15,0,Nuttall Oak, ,Quercus nuttallii, ,2,9,14,42,1,0, ,3759530,280577
2443,2514,4427,2017-10-21,-99,Flowering Dogwood, ,Cornus florida, ,1,0,9,0,1,0, ,3759650,280651
2444,2515,4428,2017-09-09,0,Pin Oak, ,Quercus palustris, ,2,8,15,37,1,0, ,3759680,280636
2445,2516,4429,2017-10-01,0,Stellar Pink Kousa Dogwood, ,Cornus kousa, ,4,5,18,29,1,0, ,3759650,280600
2446,2517,4430,2017-09-13,-99,Crepe Myrtle, ,Lagerstroemia x, ,3,0,14,0,1,0, ,3759690,280563
2447,2518,4431,2017-09-13,-99,Crape Myrtle, ,Lagerstroemia x, ,5,0,14,0,1,0, ,3759700,280564
2448,2519,4432,2017-10-11,-99,White Pine, ,Pinus strobus, ,13,0,58,0,1,0, ,3759700,280457
2449,2520,4433,2017-10-20,0,Trident Maple, ,Acer buergerianum, ,3,5,18,26,1,0, ,3759660,280494
2450,2521,4435,2017-11-17,-99,Forest Pansy Redbud, ,Cercis canadensis, ,3,0,16,0,1,0, ,3759550,280557
2451,2522,4436,2017-11-17,0,Flowering Dogwood, ,Cornus florida, ,7,9,28,32,1,0, ,3759540,280541
2452,2523,4437,2017-11-17,0,Flowering Dogwood, ,Cornus florida, ,4,9,36,34,0,0, ,3759540,280547
2453,2524,4438,2017-11-17,-99,Vitex, ,Vitex agnus-castus, ,3,0,19,0,1,0, ,3759540,280553
2454,2525,4439,2017-10-20,-99,Water Oak, ,Quercus nigra, ,28,0,56,0,1,0, ,3759570,280467
2455,2526,4440,2018-01-06,0,Chestnut oak, ,Quercus montana, ,4,6,25,42,1,0, ,3759700,280421
2456,2527,4441,2017-11-05,0,Cherry Laurel, ,Prunus caroliniana, ,11,8,32,34,1,0, ,3759550,280641
2457,2528,4442,2017-11-05,0,Cherry Laurel, ,Prunus caroliniana, ,12,14,34,36,1,0, ,3759550,280634
2458,2529,4443,2017-11-05,0,Serviceberry, ,Amelanchier arborea, ,2,3,15,17,1,0, ,3759550,280628
2459,2530,4444,2017-11-05,0,Foster's Holly, ,Ilex x attenuata, ,6,10,27,36,0,0, ,3759550,280626
2460,2531,4445,2017-11-05,0,Foster's Holly, ,Ilex x attenuata, ,5,10,27,39,0,0, ,3759550,280629
2461,2532,4446,2017-11-05,0,Foster's Holly, ,Ilex x attenuata, ,9,13,30,43,0,0, ,3759550,280632
2462,2533,4447,2017-11-05,0,Eastern Redbud, ,Cercis canadensis, ,1,7,21,27,0,0, ,3759550,280623
2463,2534,4448,2017-11-05,0,Foster's Holly, ,Ilex x attenuata, ,5,9,26,33,0,0, ,3759560,280617
2464,2535,4449,2017-11-05,0,Foster's Holly, ,Ilex x attenuata, ,8,10,27,35,0,0, ,3759560,280616
2465,2536,4450,2017-11-05,0,Foster's Holly, ,Ilex x attenuata, ,8,11,28,35,0,0, ,3759560,280616
2466,2537,4451,2017-11-14,0,Japanese Maple, ,Acer palmatum, ,4,4,17,24,0,0, ,3759600,280577
2467,2538,4452,2017-11-15,0,Saucer Magnolia, ,Magnolia stellata, ,4,4,19,23,1,0, ,3759520,280621
2468,2539,4453,2017-11-15,-99,Saucer Magnolia, ,Magnolia stellata, ,1,0,6,0,1,0, ,3759520,280622
2469,2540,4454,2017-11-15,-99,Saucer Magnolia, ,Magnolia stellata, ,1,0,7,0,1,0, ,3759520,280623
2470,2541,4455,###############################################################################################################################################################################################################################################################,0,Chinese Elm, ,Ulmus parvifolia, ,3,0,27,0,1,0, ,3759670,280735
2471,2542,4651,2018-02-16,0,Bald Cypress, ,Taxodium distichum, ,25,29,77,80,1,0, ,3758690,280730
2472,2543,4652,2018-02-16,0,Vitex, ,Vitex agnus-castus, ,5,6,22,26,1,0, ,3758680,280739
2473,2544,4657,2018-02-16,0,Overcup Oak, ,Quercus lyrata, ,24,26,67,70,1,0, ,3758670,280771
2474,2545,4658,2018-02-16,0,White Pine, ,Pinus strobus, ,25,29,60,67,1,0, ,3758680,280753
2475,2546,4660,2018-02-12,0,Flowering Dogwood, ,Cornus florida, ,3,4,12,21,1,0, ,3758730,280833
2476,2547,4661,2018-02-12,0,Overcup Oak, ,Quercus lyrata, ,29,30,81,85,1,0, ,3758730,280830
2477,2548,4662,###############################################################################################################################################################################################################################################################,0,Post Oak, ,Quercus stellata, ,24,27,65,71,1,0, ,3758720,280830
2478,2549,4663,2018-02-12,0,Water Oak, ,Quercus nigra, ,26,28,79,84,1,0, ,3758700,280831
2479,2550,4664,2018-02-12,-99,Willow Oak, ,Quercus phellos, ,27,0,86,0,1,0, ,3758690,280828
2480,2551,4665,2018-02-12,0,Willow Oak, ,Quercus phellos, ,23,25,81,85,1,0, ,3758690,280828
2481,2552,4666,2018-02-12,0,White Pine, ,Pinus strobus, ,25,25,60,71,1,0, ,3758680,280826
2482,2553,4667,2018-02-12,0,Willow Oak, ,Quercus phellos, ,33,34,81,86,1,0, ,3758690,280835
2483,2554,4668,2018-02-12,-99,Loblolly Pine, ,Pinus taeda, ,25,0,55,0,1,0, ,3758690,280844
2484,2555,4669,2018-02-12,-99,Loblolly Pine, ,Pinus taeda, ,14,0,75,0,1,0, ,3758700,280839
2485,2556,4670,2018-02-12,0,Quercus austrina, ,Quercus species, ,35,37,80,86,1,0, ,3758700,280840
2486,2558,4672,2018-02-12,0,Loblolly Pine, ,Pinus taeda, ,19,22,78,81,1,0, ,3758720,280838
2487,2559,4673,2018-02-12,-99,Loblolly Pine, ,Pinus taeda, ,24,0,68,0,1,0, ,3758680,280848
2488,2560,4674,2018-02-12,0,White Pine, ,Pinus strobus, ,25,26,69,81,1,0, ,3758670,280844
2489,2561,4675,2018-02-12,0,Loblolly Pine, ,Pinus taeda, ,26,28,78,83,1,0, ,3758670,280840
2490,2562,4676,2018-02-12,-99,Flowering Dogwood, ,Cornus florida, ,4,0,13,0,1,0, ,3758660,280846
2491,2563,4677,2018-02-12,0,Loblolly Pine, ,Pinus taeda, ,25,27,67,69,1,0, ,3758660,280846
2492,2564,4678,2018-02-12,0,Overcup Oak, ,Quercus lyrata, ,30,32,76,82,1,0, ,3758670,280825
2493,2565,4679,2018-02-16,0,Crape Myrtle, ,Lagerstroemia x, ,3,7,16,23,1,0, ,3758730,280736
2494,2566,4680,2018-02-16,0,Crape Myrtle, ,Lagerstroemia x, ,3,8,16,24,1,0, ,3758730,280732
2495,2567,4681,2018-02-16,0,Crape Myrtle, ,Lagerstroemia x, ,2,8,16,25,1,0, ,3758730,280727
2496,2568,4682,2018-02-16,0,Crape Myrtle, ,Lagerstroemia x, ,1,6,15,24,1,0, ,3758730,280723
2497,2569,4683,2018-02-16,0,Crape Myrtle, ,Lagerstroemia x, ,2,9,17,25,1,0, ,3758730,280718
2498,2570,4684,2018-02-16,0,Crape Myrtle, ,Lagerstroemia x, ,1,7,16,24,1,0, ,3758730,280713
2499,2571,4685,2018-02-16,0,Crape Myrtle, ,Lagerstroemia x, ,2,8,16,25,1,0, ,3758730,280709
2500,2572,4686,2018-02-16,-99,White Pine, ,Pinus strobus, ,33,0,77,0,1,0, ,3758710,280724
2501,2573,4687,2018-02-16,0,White Pine, ,Pinus strobus, ,14,17,50,56,1,0, ,3758710,280729
2502,2574,4688,2018-02-16,0,Bald Cypress, ,Taxodium distichum, ,25,29,77,85,1,0, ,3758720,280730
2503,2575,4689,2018-02-16,0,Serviceberry, ,Amelanchier arborea, ,1,2,8,17,1,0, ,3758730,280757
2504,2576,4690,2018-02-16,0,Sugar Maple, ,Acer saccharum, ,2,3,15,17,1,0, ,3758730,280706
2505,2577,4693,2018-02-16,0,Willow Oak, ,Quercus phellos, ,31,33,80,89,1,0, ,3758680,280810
2506,2578,4694,2018-02-16,0,Overcup Oak, ,Quercus lyrata, ,30,32,67,70,1,0, ,3758670,280808
2507,2579,4695,2018-02-16,0,Overcup Oak, ,Quercus lyrata, ,25,28,66,69,1,0, ,3758680,280777
2508,2580,4709,2018-01-29,-99,Red Maple, ,Acer rubrum, ,1,0,11,0,1,0, ,3759290,280506
2509,2581,4710,2018-01-31,0,Water Oak, ,Quercus nigra, ,31,32,65,66,1,0, ,3759260,280497
2510,2582,4711,2018-01-31,0,River Birch, ,Betula nigra, ,1,7,15,30,1,0, ,3759240,280499
2511,2583,4712,2018-01-31,0,River Birch, ,Betula nigra, ,1,8,16,31,1,0, ,3759250,280498
2512,2584,4713,2018-01-31,0,River Birch, ,Betula nigra, ,1,7,15,30,1,0, ,3759240,280492
2513,2585,4714,2018-01-31,0,Cherry Laurel, ,Prunus caroliniana, ,1,3,9,16,1,0, ,3759270,280486
2514,2586,4715,2018-01-31,0,Cherry Laurel, ,Prunus caroliniana, ,1,4,8,18,1,0, ,3759270,280482
2515,2587,4716,2018-01-31,0,Willow Oak, ,Quercus phellos, ,2,8,20,40,1,0, ,3759270,280478
2516,2588,4717,2018-01-31,0,River Birch, ,Betula nigra, ,1,6,14,34,1,0, ,3759270,280475
2517,2589,4718,2018-01-31,0,River Birch, ,Betula nigra, ,1,6,15,32,1,0, ,3759260,280463
2518,2590,4719,2018-01-31,0,River Birch, ,Betula nigra, ,1,6,15,34,1,0, ,3759270,280460
2519,2591,4720,2018-01-31,0,Tulip Poplar, ,Liriodendron tulipifera, ,2,10,19,40,1,0, ,3759260,280456
2520,2592,4721,2018-01-31,0,Willow Oak, ,Quercus phellos, ,2,7,19,32,1,0, ,3759270,280454
2521,2593,4722,2018-01-31,0,Water Oak, ,Quercus nigra, ,46,48,76,77,1,0, ,3759270,280461
2522,2594,4723,2018-01-31,0,Water Oak, ,Quercus nigra, ,38,40,73,77,1,0, ,3759280,280449
2523,2595,4724,2018-01-31,-99,Water Oak, ,Quercus nigra, ,50,0,74,0,1,0, ,3759280,280437
2524,2596,4725,2018-02-02,0,Overcup Oak, ,Quercus lyrata, ,3,7,20,27,1,0, ,3759230,280425
2525,2597,4726,2018-02-02,0,Overcup Oak, ,Quercus lyrata, ,3,8,18,31,1,0, ,3759200,280418
2526,2598,4727,2018-02-02,0,Crape Myrtle, ,Lagerstroemia x, ,1,3,12,20,1,0, ,3759190,280412
2527,2599,4728,2018-02-02,0,Crape Myrtle, ,Lagerstroemia x, ,1,3,11,17,1,0, ,3759180,280411
2528,2600,4729,2018-02-02,0,Overcup Oak, ,Quercus lyrata, ,3,9,15,31,1,0, ,3759270,280416
2529,2601,4730,2018-02-02,0,Overcup Oak, ,Quercus lyrata, ,3,10,16,32,1,0, ,3759260,280434
2530,2602,4731,2018-02-02,0,Overcup Oak, ,Quercus lyrata, ,3,9,18,30,1,0, ,3759260,280414
2531,2603,4732,2018-02-02,0,Crape Myrtle, ,Lagerstroemia x, ,1,3,14,20,1,0, ,3759250,280432
2532,2604,4733,2018-02-02,0,Overcup Oak, ,Quercus lyrata, ,2,9,16,29,1,0, ,3759250,280412
2533,2605,4734,2018-02-02,0,Overcup Oak, ,Quercus lyrata, ,3,9,17,30,1,0, ,3759240,280409
2534,2606,4735,2018-02-02,0,Crape Myrtle, ,Lagerstroemia x, ,1,3,14,20,1,0, ,3759240,280427
2535,2607,4736,2018-02-02,0,Overcup Oak, ,Quercus lyrata, ,3,9,17,30,1,0, ,3759230,280407
2536,2608,4737,2018-02-02,0,Overcup Oak, ,Quercus lyrata, ,3,9,17,29,1,0, ,3759220,280404
2537,2609,4738,2018-02-02,0,Overcup Oak, ,Quercus lyrata, ,3,8,18,30,1,0, ,3759220,280423
2538,2610,4739,2018-02-02,0,Overcup Oak, ,Quercus lyrata, ,3,9,16,30,1,0, ,3759210,280402
2539,2611,4740,2018-02-02,0,Overcup Oak, ,Quercus lyrata, ,3,8,17,28,1,0, ,3759210,280420
2540,2612,4741,2018-02-02,0,Overcup Oak, ,Quercus lyrata, ,2,6,15,23,1,0, ,3759200,280400
2541,2613,4742,2018-02-02,0,Crape Myrtle, ,Lagerstroemia x, ,1,2,11,16,1,0, ,3759190,280397
2542,2614,4743,2018-02-02,0,Crape Myrtle, ,Lagerstroemia x, ,1,3,11,19,1,0, ,3759190,280398
2543,2615,4744,2018-02-02,0,Japanese Maple, ,Acer palmatum, ,1,3,12,15,1,0, ,3759180,280420
2544,2616,4745,2018-02-02,0,Pin Oak, ,Quercus palustris, ,3,12,18,35,1,0, ,3759180,280428
2545,2617,4746,2018-02-02,0,Pin Oak, ,Quercus palustris, ,3,12,20,35,1,0, ,3759170,280436
2546,2618,4747,2018-02-02,0,Pin Oak, ,Quercus palustris, ,3,12,17,35,1,0, ,3759170,280445
2547,2619,4748,2018-02-02,0,Japanese Maple, ,Acer palmatum, ,1,3,17,17,1,0, ,3759170,280454
2548,2621,4750,2018-02-05,0,Crepe Myrtle, ,Lagerstroemia x, ,3,4,12,20,1,0, ,3759340,280698
2549,2622,4751,2018-02-05,0,Kousa Dogwood, ,Cornus kousa, ,1,7,7,23,1,0, ,3759350,280703
2550,2623,4752,2018-02-05,0,Crepe Myrtle, ,Lagerstroemia x, ,1,4,6,20,1,0, ,3759350,280751
2551,2624,4753,,0,Nellie R. Stevens Holly, ,Ilex x 'Nellie R. Stevens', ,3,0,14,0,1,0, ,3759350,280760
2552,2625,4796,2018-02-05,0,Japanese Privet, ,Ligustrum japonicum, ,2,3,17,18,1,0, ,3759340,280776
2553,2626,4797,2018-02-05,0,Japanese Privet, ,Ligustrum japonicum, ,4,4,7,17,1,0, ,3759330,280778
2554,2627,5994,2018-02-19,0,White Oak, ,Quercus alba, ,2,2,14,18,1,0, ,3759070,280515
2555,2628,5995,2018-02-19,0,White Oak, ,Quercus alba, ,3,4,21,25,1,0, ,3759070,280516
2556,2629,5996,2018-02-19,0,Winged Elm, ,Ulmus alata, ,2,3,19,23,1,0, ,3759070,280516
2557,2630,5997,2018-02-19,0,White Oak, ,Quercus alba, ,20,21,63,66,1,0, ,3759070,280512
2558,2631,5998,2018-02-21,0,Eastern Red Cedar, ,Juniperus virginiana, ,2,3,15,17,1,0, ,3759070,280510
2559,2632,6002,2018-02-16,0,Sugar Maple, ,Acer saccharum, ,14,15,45,46,1,0, ,3758870,280698
2560,2633,6009,2018-02-16,0, , ,Aesculus hippocastanum, ,8,18,26,45,1,0, ,3758870,280698
2561,2634,6012,2018-02-16,0,Crape Myrtle, ,Lagerstroemia x, ,7,10,22,25,1,0, ,3758870,280725
2562,2635,6013,2018-02-16,0,Sugar Maple, ,Acer saccharum, ,10,14,30,33,1,0, ,3758880,280694
2563,2636,6026,2018-02-16,0,Foster's Holly, ,Ilex x attenuata 'Fosteri', ,1,4,9,18,1,0, ,3758870,280737
2564,2637,6027,2018-02-12,-99,Foster's Holly, ,Ilex x attenuata 'Fosteri', ,3,0,14,0,1,0, ,3758870,280755
2565,2638,6030,2018-02-12,0,Foster's Holly, ,Ilex x attenuata 'Fosteri', ,3,6,15,24,1,0, ,3758870,280758
2566,2639,6031,2018-02-16,0,Crape Myrtle, ,Lagerstroemia x, ,2,4,17,23,1,0, ,3758880,280704
2567,2640,6032,2018-02-16,0,Crape Myrtle, ,Lagerstroemia x, ,2,3,17,21,1,0, ,3758880,280708
2568,2641,6033,2018-02-16,0,Crape Myrtle, ,Lagerstroemia x, ,2,4,16,22,1,0, ,3758880,280715
2569,2642,6036,2018-02-16,0,Crape Myrtle, ,Lagerstroemia x, ,2,3,19,25,1,0, ,3758890,280687
2570,2643,6037,2018-02-16,0,Crape Myrtle, ,Lagerstroemia x, ,5,9,25,31,1,0, ,3758890,280698
2571,2644,6038,2018-02-09,0,Overcup Oak, ,Quercus lyrata, ,35,38,80,86,1,0, ,3758970,280753
2572,2645,6039,2018-02-09,0,Loblolly Pine, ,Pinus taeda, ,21,23,75,81,1,0, ,3758970,280737
2573,2646,6040,2018-02-09,0,Red Maple, ,Acer rubrum, ,5,14,23,38,1,0, ,3758970,280770
2574,2647,6041,2018-02-09,-99,Flowering Dogwood, ,Cornus florida, ,6,0,21,0,1,0, ,3758980,280746
2575,2648,6042,2018-02-09,0,Loblolly Pine, ,Pinus taeda, ,27,29,85,92,1,0, ,3758980,280718
2576,2649,6043,2018-02-09,0,Red Maple, ,Acer rubrum, ,5,11,21,37,1,0, ,3758980,280764
2577,2650,6044,2018-02-09,0,Red Mulberry, ,Morus rubra, ,13,20,42,47,1,0, ,3758980,280685
2578,2651,6045,2018-02-09,-99,Black Locust, ,Robinia pseudoacacia, ,16,0,53,0,1,0, ,3758980,280694
2579,2652,6046,2018-02-09,0,Loblolly Pine, ,Pinus taeda, ,18,25,68,75,1,0, ,3758990,280683
2580,2653,6047,2018-02-16,0,Loblolly Pine, ,Pinus taeda, ,20,21,84,86,1,0, ,3758990,280521
2581,2654,6048,2018-02-09,0,Flowering Dogwood, ,Cornus florida, ,6,13,20,29,1,0, ,3758990,280690
2582,2655,6049,2018-02-09,0,Flowering Dogwood, ,Cornus florida, ,7,15,31,37,1,0, ,3758990,280681
2583,2656,6051,2018-02-09,0,Loblolly Pine, ,Pinus taeda, ,28,29,74,78,1,0, ,3758990,280710
2584,2657,6052,2018-02-16,0,Loblolly Pine, ,Pinus taeda, ,22,23,87,90,1,0, ,3759000,280531
2585,2658,6053,2018-02-16,0,Loblolly Pine, ,Pinus taeda, ,22,29,88,91,1,0, ,3759000,280521
2586,2659,6055,2018-02-16,0,Southern Magnolia, ,Magnolia grandiflora, ,27,28,67,69,1,0, ,3759010,280530
2587,2660,6058,2018-02-18,0,Loblolly Pine, ,Pinus taeda, ,15,17,57,66,1,0, ,3759010,280639
2588,2661,6059,2018-02-18,0,Overcup Oak, ,Quercus lyrata, ,28,30,81,85,1,0, ,3759010,280622
2589,2662,6060,2018-02-18,0,Loblolly Pine, ,Pinus taeda, ,24,26,82,90,1,0, ,3759010,280626
2590,2663,6061,2018-02-18,-99,Crape Myrtle, ,Lagerstroemia x, ,5,0,38,0,1,0, ,3759020,280519
2591,2664,6062,2018-02-18,0,Overcup Oak, ,Quercus lyrata, ,38,43,88,92,1,0, ,3759020,280603
2592,2665,6063,2018-02-18,0,Crape Myrtle, ,Lagerstroemia x, ,8,11,39,44,1,0, ,3759030,280519
2593,2666,6064,2018-02-18,0,Ginkgo, ,Ginkgo biloba, ,8,11,31,33,1,0, ,3759030,280575
2594,2667,6065,2018-02-18,0,Southern Magnolia, ,Magnolia grandiflora, ,14,19,52,56,1,0, ,3759030,280534
2595,2668,6066,2018-02-18,0,Southern Magnolia, ,Magnolia grandiflora, ,12,17,45,57,1,0, ,3759030,280529
2596,2669,6067,2018-02-18,0,Southern Magnolia, ,Magnolia grandiflora, ,20,21,47,50,1,0, ,3759030,280489
2597,2670,6068,2018-02-18,0,Southern Magnolia, ,Magnolia grandiflora, ,19,20,50,51,1,0, ,3759040,280462
2598,2671,6069,2018-02-18,0,Southern Magnolia, ,Magnolia grandiflora, ,18,19,54,60,1,0, ,3759040,280450
2599,2672,6070,2018-02-18,0,Southern Magnolia, ,Magnolia grandiflora, ,20,21,49,53,1,0, ,3759040,280456
2600,2673,6071,2018-02-18,0,Southern Magnolia, ,Magnolia grandiflora, ,17,18,45,47,1,0, ,3759040,280468
2601,2674,6072,2018-02-18,0,Southern Magnolia, ,Magnolia grandiflora, ,20,21,48,51,1,0, ,3759040,280474
2602,2675,6073,2018-02-18,0,Southern Magnolia, ,Magnolia grandiflora, ,18,19,45,49,1,0, ,3759040,280495
2603,2676,6074,2018-02-18,0,Southern Magnolia, ,Magnolia grandiflora, ,21,22,48,50,1,0, ,3759040,280502
2604,2677,6075,2018-02-18,0,Southern Magnolia, ,Magnolia grandiflora, ,13,16,45,50,1,0, ,3759040,280514
2605,2678,6076,2018-02-18,0,Southern Magnolia, ,Magnolia grandiflora, ,7,9,43,45,1,0, ,3759040,280508
2606,2679,6077,2018-02-18,0,Crape Myrtle, ,Lagerstroemia x, ,5,7,14,26,1,0, ,3759040,280440
2607,2680,6078,2018-02-19,-99,Water Oak, ,Quercus nigra, ,25,0,45,0,1,0, ,3759040,280529
2608,2681,6080,2018-02-16,0,Crape Myrtle, ,Lagerstroemia x, ,2,3,17,20,1,0, ,3758890,280708
2609,2682,6081,2018-02-16,0,Crape Myrtle, ,Lagerstroemia x, ,2,3,16,20,1,0, ,3758890,280711
2610,2683,6082,2018-02-16,0,Crape Myrtle, ,Lagerstroemia x, ,3,4,17,22,1,0, ,3758890,280704
2611,2684,6083,2018-02-16,0,Crape Myrtle, ,Lagerstroemia x, ,2,3,15,21,1,0, ,3758890,280715
2612,2685,6084,2018-02-18,0,Sycamore, ,Platanus occidentalis, ,10,14,42,45,1,0, ,3758900,280451
2613,2686,6087,2018-02-18,0,Sugar Maple, ,Acer saccharum, ,17,19,51,55,1,0, ,3758900,280460
2614,2687,6089,2018-02-18,0,Red Maple, ,Acer rubrum, ,20,24,55,60,1,0, ,3758900,280424
2615,2688,6091,2018-02-18,0,Sycamore, ,Platanus occidentalis, ,13,15,50,55,1,0, ,3758900,280469
2616,2689,6092,2018-02-18,0,Red Maple, ,Acer rubrum, ,16,16,57,60,1,0, ,3758900,280437
2617,2690,6093,2018-02-18,0,Sugar Maple, ,Acer saccharum, ,15,18,37,40,1,0, ,3758900,280478
2618,2691,6095,2018-02-18,0,Sugar Maple, ,Acer saccharum, ,17,18,39,45,1,0, ,3758900,280487
2619,2692,6097,2018-02-18,0,Sugar Maple, ,Acer saccharum, ,5,6,22,26,1,0, ,3758900,280496
2620,2694,6100,2018-02-16,0,Flowering Dogwood, ,Cornus florida, ,5,8,28,33,1,0, ,3758900,280470
2621,2695,6103,2018-02-16,-99,Flowering Dogwood, ,Cornus florida, ,4,0,25,0,1,0, ,3758900,280474
2622,2696,6107,2018-02-18,0,Sugar Maple, ,Acer saccharum, ,21,24,50,58,1,0, ,3758900,280505
2623,2697,6108,2018-02-16,0,Japnese Pagodatree, ,Sophora japonica, ,15,18,33,40,1,0, ,3758900,280460
2624,2698,6110,2018-02-16,0,Sugar Maple, ,Acer saccharum, ,8,13,41,43,1,0, ,3758900,280678
2625,2699,6112,2018-02-16,0,Flowering Crabapple, ,Malus spp., ,3,9,18,22,1,0, ,3758910,280449
2626,2700,6114,2018-02-18,-99,Sugar Maple, ,Acer saccharum, ,21,0,63,0,1,0, ,3758910,280513
2627,2701,6120,2018-02-18,0,Sugar Maple, ,Acer saccharum, ,19,21,48,50,1,0, ,3758910,280522
2628,2702,6121,2018-02-16,0,Sugar Maple, ,Acer saccharum, ,13,20,52,61,1,0, ,3758910,280469
2629,2703,6123,2018-02-16,0,Sugar Maple, ,Acer saccharum, ,8,14,30,36,1,0, ,3758910,280680
2630,2704,6124,2018-02-18,0,Loblolly Pine, ,Pinus taeda, ,26,28,70,78,1,0, ,3758910,280484
2631,2705,6127,2018-02-16,0,Sugar Maple, ,Acer saccharum, ,12,15,41,46,1,0, ,3758910,280672
2632,2706,6128,2018-02-16,-99,Japnese Pagodatree, ,Sophora japonica, ,9,0,28,0,1,0, ,3758910,280460
2633,2707,6130,2018-02-18,0,Sugar Maple, ,Acer saccharum, ,13,14,44,50,1,0, ,3758910,280530
2634,2708,6132,2018-02-18,0,Loblolly Pine, ,Pinus taeda, ,21,23,67,70,1,0, ,3758920,280480
2635,2709,6134,2018-02-18,0,Sugar Maple, ,Acer saccharum, ,13,14,45,49,1,0, ,3758920,280538
2636,2710,6137,2018-02-18,0,Black Walnut, ,Juglans nigra, ,7,8,50,54,1,0, ,3758920,280516
2637,2711,6138,2018-02-18,0,Willow Oak, ,Quercus phellos, ,15,23,73,80,1,0, ,3758920,280511
2638,2712,6140,2018-02-16,0,Red Maple, ,Acer rubrum, ,18,20,53,56,1,0, ,3758920,280445
2639,2713,6142,2018-02-18,0,Persimmon, ,Diospyros virginiana, ,6,8,47,50,1,0, ,3758920,280509
2640,2714,6144,2018-02-18,0,Water Oak, ,Quercus nigra, ,5,8,37,38,1,0, ,3758920,280515
2641,2715,6145,2018-02-16,0,Japnese Pagodatree, ,Sophora japonica, ,12,16,33,36,1,0, ,3758920,280461
2642,2716,6146,2018-02-16,0,Japnese Pagodatree, ,Sophora japonica, ,12,15,18,22,1,0, ,3758920,280469
2643,2717,6147,2018-02-18,0,Blackgum, ,Nyssa sylvatica, ,10,15,61,70,1,0, ,3758920,280520
2644,2718,6148,2018-02-18,0,Crape Myrtle, ,Lagerstroemia x, ,2,4,16,18,1,0, ,3758920,280542
2645,2719,6150,2018-02-18,0,Crape Myrtle, ,Lagerstroemia x, ,3,3,16,18,1,0, ,3758920,280541
2646,2720,6151,2018-02-18,-99,Sycamore, ,Platanus occidentalis, ,17,0,67,0,1,0, ,3758930,280497
2647,2721,6153,2018-02-16,0,Georgia Oak, ,Quercus georgiana, ,8,16,22,37,1,0, ,3758930,280563
2648,2722,6154,2018-02-16,0,Georgia Oak, ,Quercus georgiana, ,8,8,30,31,1,0, ,3758930,280575
2649,2723,6155,2018-02-16,0,Georgia Oak, ,Quercus georgiana, ,14,17,37,43,1,0, ,3758930,280552
2650,2724,6156,2018-02-16,-99,Red Maple, ,Acer rubrum, ,7,0,28,0,1,0, ,3758930,280581
2651,2725,6157,2018-02-16,0,Northern Red Oak, ,Quercus rubra, ,20,24,49,56,1,0, ,3758930,280569
2652,2726,6159,2018-02-16,-99,Red Maple, ,Acer rubrum, ,5,0,17,0,1,0, ,3758930,280618
2653,2727,6160,2018-02-16,-99,Red Maple, ,Acer rubrum, ,6,0,28,0,1,0, ,3758930,280636
2654,2728,6161,2018-02-16,-99,Red Maple, ,Acer rubrum, ,12,0,49,0,1,0, ,3758930,280445
2655,2729,6162,2018-02-16,-99,Red Maple, ,Acer rubrum, ,5,0,29,0,1,0, ,3758930,280642
2656,2730,6163,2018-02-16,-99,Red Maple, ,Acer rubrum, ,6,0,30,0,1,0, ,3758930,280648
2657,2731,6164,2018-02-16,-99,Red Maple, ,Acer rubrum, ,12,0,31,0,1,0, ,3758930,280665
2658,2732,6165,2018-02-16,-99,Red Maple, ,Acer rubrum, ,14,0,46,0,1,0, ,3758930,280671
2659,2733,6166,2018-02-16,-99,Red Maple, ,Acer rubrum, ,6,0,28,0,1,0, ,3758920,280677
2660,2734,6167,2018-02-16,0,Japnese Pagodatree, ,Sophora japonica, ,26,31,40,47,1,0, ,3758930,280461
2661,2735,6168,2018-02-18,0,Willow Oak, ,Quercus phellos, ,42,45,90,93,1,0, ,3758930,280513
2662,2736,6169,2018-02-16,0,Japnese Pagodatree, ,Sophora japonica, ,18,22,34,40,1,0, ,3758930,280470
2663,2737,6170,2018-02-18,0,Willow Oak, ,Quercus phellos, ,28,30,86,88,1,0, ,3758930,280519
2664,2738,6171,2018-02-16,0,Italian Cypress, ,Cupressus sempervirens, ,5,9,30,45,1,0, ,3758930,280544
2665,2740,6173,2018-02-16,0,Italian Cypress, ,Cupressus sempervirens, ,5,9,29,44,1,0, ,3758930,280544
2666,2741,6174,2018-02-18,0,White Pine, ,Pinus strobus, ,2,4,8,19,1,0, ,3758950,280363
2667,2742,6175,2018-02-16,0,Italian Cypress, ,Cupressus sempervirens, ,4,8,26,40,1,0, ,3758940,280544
2668,2744,6177,2018-02-16,-99,Red Maple, ,Acer rubrum, ,8,0,51,0,1,0, ,3758940,280445
2669,2745,6178,2018-02-18,0,Sweetgum, ,Liquidambar styraciflua, ,16,19,53,58,1,0, ,3758940,280378
2670,2746,6180,2018-02-16,0,Japnese Pagodatree, ,Sophora japonica, ,17,19,34,38,1,0, ,3758940,280470
2671,2747,6181,2018-02-16,-99,Red Maple, ,Acer rubrum, ,17,0,30,0,1,0, ,3758940,280552
2672,2749,6187,2018-02-16,-99,Red Maple, ,Acer rubrum, ,16,0,49,0,1,0, ,3758940,280624
2673,2750,6189,2018-02-16,-99,Red Maple, ,Acer rubrum, ,13,0,48,0,1,0, ,3758940,280636
2674,2751,6192,2018-02-16,-99,Red Maple, ,Acer rubrum, ,17,0,40,0,1,0, ,3758940,280642
2675,2752,6193,2018-02-16,0,Sugar Maple, ,Acer saccharum, ,17,19,52,60,1,0, ,3758940,280575
2676,2753,6195,2018-02-16,-99,Red Maple, ,Acer rubrum, ,14,0,51,0,1,0, ,3758940,280665
2677,2754,6196,2018-02-16,-99,Red Maple, ,Acer rubrum, ,4,0,28,0,1,0, ,3758940,280671
2678,2755,6197,2018-02-16,0,Italian Cypress, ,Cupressus sempervirens, ,4,7,30,44,1,0, ,3758940,280544
2679,2756,6198,2018-02-16,-99,Red Maple, ,Acer rubrum, ,14,0,44,0,1,0, ,3758940,280677
2680,2757,6199,2018-02-16,0,Italian Cypress, ,Cupressus sempervirens, ,4,8,24,42,1,0, ,3758940,280548
2681,2758,6200,2018-02-18,0,Southern Magnolia, ,Magnolia grandiflora, ,3,6,17,32,1,0, ,3758940,280522
2682,2759,6201,2018-02-16,0,Italian Cypress, ,Cupressus sempervirens, ,4,7,24,40,1,0, ,3758940,280548
2683,2760,6202,2018-02-16,0,Italian Cypress, ,Cupressus sempervirens, ,4,8,29,44,1,0, ,3758940,280544
2684,2761,6203,2018-02-16,0,Italian Cypress, ,Cupressus sempervirens, ,4,6,26,37,1,0, ,3758950,280544
2685,2762,6204,2018-02-16,-99,Italian Cypress, ,Cupressus sempervirens, ,3,0,23,0,1,0, ,3758950,280549
2686,2763,6205,2018-02-16,0,Japnese Pagodatree, ,Sophora japonica, ,19,26,26,35,1,0, ,3758950,280461
2687,2764,6207,2018-02-16,0,Southern Magnolia, ,Magnolia grandiflora, ,5,8,26,32,1,0, ,3758950,280576
2688,2765,6208,2018-02-16,0,Southern Magnolia, ,Magnolia grandiflora, ,4,6,25,32,1,0, ,3758950,280579
2689,2766,6209,2018-02-16,-99,Italian Cypress, ,Cupressus sempervirens, ,3,0,18,0,1,0, ,3758950,280544
2690,2767,6210,2018-02-16,-99,Italian Cypress, ,Cupressus sempervirens, ,4,0,23,0,1,0, ,3758950,280549
2691,2768,6213,2018-02-16,0,Southern Magnolia, ,Magnolia grandiflora, ,7,10,27,34,1,0, ,3758950,280578
2692,2769,6214,2018-02-16,0,Italian Cypress, ,Cupressus sempervirens, ,4,8,27,44,1,0, ,3758950,280544
2693,2770,6216,2018-02-16,0,Italian Cypress, ,Cupressus sempervirens, ,4,9,25,45,1,0, ,3758950,280549
2694,2771,6221,2018-02-16,0,Italian Cypress, ,Cupressus sempervirens, ,4,8,25,45,1,0, ,3758960,280544
2695,2772,6222,2018-02-16,0,Italian Cypress, ,Cupressus sempervirens, ,4,8,21,40,1,0, ,3758960,280549
2696,2773,6223,2018-02-16,0,Japnese Pagodatree, ,Sophora japonica, ,21,24,28,37,1,0, ,3758960,280461
2697,2774,6224,2018-02-16,0,Southern Magnolia, ,Magnolia grandiflora, ,5,8,26,33,1,0, ,3758960,280580
2698,2775,6229,2018-02-16,0,Saucer Magnolia, ,Magnolia x soulangiana, ,6,8,27,30,1,0, ,3758960,280444
2699,2776,6231,2018-02-16,0,Italian Cypress, ,Cupressus sempervirens, ,4,8,30,45,1,0, ,3758960,280544
2700,2777,6234,2018-02-18,0,Japnese Pagodatree, ,Sophora japonica, ,8,13,26,28,1,0, ,3758960,280500
2701,2778,6235,2018-02-18,0,Black Locust, ,Robinia pseudoacacia, ,7,12,24,27,1,0, ,3758960,280511
2702,2779,6237,2018-02-16,0,Italian Cypress, ,Cupressus sempervirens, ,4,6,24,37,1,0, ,3758960,280544
2703,2780,6241,2018-02-16,0,Trident Maple, ,Acer buergeranum, ,11,16,38,41,1,0, ,3758970,280562
2704,2781,6242,2018-02-16,0,American Hornbeam, ,Carpinus carolina, ,6,15,31,35,1,0, ,3758970,280549
2705,2782,6244,2018-02-16,-99, , ,Unknown tree, ,5,0,16,0,1,0, ,3758970,280556
2706,2783,6248,2018-02-16,0,Star Magnolia, ,Magnolia stellata, ,3,4,13,15,1,0, ,3758970,280450
2707,2784,6249,2018-02-16,0,Willow Oak, ,Quercus phellos, ,33,36,84,89,1,0, ,3758970,280458
2708,2785,6250,2018-02-09,0,White Pine, ,Pinus strobus, ,29,31,82,89,1,0, ,3758960,280760
2709,2786,6251,2018-02-16,0,Willow Oak, ,Quercus phellos, ,20,21,73,78,1,0, ,3758970,280465
2710,2787,6252,2018-02-16,0,Willow Oak, ,Quercus phellos, ,18,19,76,79,1,0, ,3758970,280473
2711,2788,6253,2018-02-16,0,Willow Oak, ,Quercus phellos, ,20,22,88,90,1,0, ,3758970,280481
2712,2789,6254,2018-02-16,0,American Hornbeam, ,Carpinus carolina, ,5,9,29,36,1,0, ,3758970,280549
2713,2790,6255,2018-02-16,0,Willow Oak, ,Quercus phellos, ,24,25,83,90,1,0, ,3758970,280489
2714,2791,6256,2018-02-16,0,Willow Oak, ,Quercus phellos, ,19,19,82,86,1,0, ,3758970,280496
2715,2792,6257,2018-02-16,0,Willow Oak, ,Quercus phellos, ,33,37,78,85,1,0, ,3758970,280504
2716,2793,6258,2018-02-09,0,Red Maple, ,Acer rubrum, ,5,13,25,37,1,0, ,3758970,280775
2717,2794,6260,2018-02-16,0,Willow Oak, ,Quercus phellos, ,30,35,81,86,1,0, ,3758980,280458
2718,2795,6261,2018-02-16,0,Willow Oak, ,Quercus phellos, ,15,16,63,75,1,0, ,3758980,280466
2719,2796,6262,2018-02-16,0,Willow Oak, ,Quercus phellos, ,21,23,80,84,1,0, ,3758980,280473
2720,2797,6263,2018-02-16,0,Willow Oak, ,Quercus phellos, ,22,25,73,78,1,0, ,3758980,280481
2721,2798,6264,2018-02-16,0,Willow Oak, ,Quercus phellos, ,22,24,79,83,1,0, ,3758980,280496
2722,2799,6265,2018-02-16,0,Willow Oak, ,Quercus phellos, ,39,44,90,95,1,0, ,3758980,280504
2723,2800,6266,2018-02-18,0,Red Maple, ,Acer rubrum, ,23,29,57,65,1,0, ,3758900,280394
2724,2801,6267,2018-02-18,0,Red Maple, ,Acer rubrum, ,16,18,60,62,1,0, ,3758900,280409
2725,2802,6268,2018-02-16,0,Red Maple, ,Acer rubrum, ,22,24,55,58,1,0, ,3758950,280445
2726,2803,6269,2018-02-16,0,Crape Myrtle, ,Lagerstroemia x, ,6,8,26,28,1,0, ,3758950,280452
2727,2804,6270,2018-02-18,-99,Crape Myrtle, ,Lagerstroemia x, ,6,0,19,0,1,0, ,3759000,280440
2728,2805,6271,2018-02-18,0,Crape Myrtle, ,Lagerstroemia x, ,3,5,12,20,1,0, ,3759010,280444
2729,2806,6272,2018-02-18,0,Crape Myrtle, ,Lagerstroemia x, ,1,4,12,20,1,0, ,3759010,280442
2730,2807,6273,2018-02-18,0,Crape Myrtle, ,Lagerstroemia x, ,3,5,15,24,1,0, ,3759020,280441
2731,2808,6274,2018-02-18,0,Flowering dogwood, ,Ilex vomitoria, ,2,3,13,16,1,0, ,3759020,280399
2732,2809,6275,2018-02-18,0,Willow Oak, ,Quercus phellos, ,34,36,88,91,1,0, ,3759000,280424
2733,2810,6276,2018-02-18,-99,Japanese Maple, ,Acer palmatum, ,2,0,10,0,1,0, ,3759000,280429
2734,2811,6277,2018-02-18,0,Japanese Maple, ,Acer palmatum, ,1,2,7,14,1,0, ,3759000,280433
2735,2812,6278,2018-02-18,0,Water Oak, ,Quercus nigra, ,24,26,63,70,1,0, ,3759020,280426
2736,2813,6279,2018-02-18,-99,Redbud, ,Cercis canadensis, ,10,0,26,0,1,0, ,3759020,280428
2737,2814,6280,2018-02-18,0,White Oak, ,Quercus alba, ,23,25,52,55,1,0, ,3759040,280412
2738,2815,6281,2018-02-18,0,Willow Oak, ,Quercus phellos, ,37,42,95,96,1,0, ,3759020,280409
2739,2816,6282,2018-02-18,0,Trident Maple, ,Acer buergeranum, ,3,5,31,35,1,0, ,3759040,280391
2740,2817,6283,2018-02-18,0,Flowering Dogwood, ,Cornus florida, ,2,3,15,18,1,0, ,3759020,280398
2741,2818,6284,2018-02-18,0,Flowering Dogwood, ,Cornus florida, ,1,3,14,18,1,0, ,3759020,280397
2742,2819,6285,2018-02-18,0,Willow Oak, ,Quercus phellos, ,34,31,93,93,1,0,Smaller DBH,3759010,280412
2743,2820,6286,2018-02-18,0,Flowering Dogwood, ,Cornus florida, ,3,4,17,20,1,0, ,3759010,280397
2744,2821,6287,2018-02-18,0,Flowering Dogwood, ,Cornus florida, ,2,3,17,19,1,0, ,3759010,280400
2745,2822,6288,2018-02-18,0,Flowering Dogwood, ,Cornus florida, ,1,2,16,19,1,0, ,3759010,280404
2746,2823,6289,2018-02-18,0,Loblolly Pine, ,Pinus taeda, ,17,18,84,90,1,0, ,3759000,280401
2747,2824,6290,2018-02-18,0,White Oak, ,Quercus alba, ,32,33,81,88,1,0, ,3759000,280394
2748,2825,6291,2018-02-18,0,White Oak, ,Quercus alba, ,44,46,91,95,1,0, ,3758990,280392
2749,2826,6292,2018-02-18,0,Flowering Dogwood, ,Cornus florida, ,2,3,15,20,1,0, ,3759010,280387
2750,2827,6293,2018-02-18,0,Flowering Dogwood, ,Cornus florida, ,1,2,12,15,1,0, ,3759010,280385
2751,2828,6294,2018-02-18,0,Chestnut Oak, ,Quercus prinus, ,25,30,75,81,1,0, ,3759010,280381
2752,2829,6295,2018-02-18,0,Weeping Cherry, ,Prunus sp., ,11,12,10,15,1,0, ,3759030,280371
2753,2830,6296,2018-02-18,-99,Sugar Maple, ,Acer saccharum, ,11,0,28,0,1,0, ,3759030,280365
2754,2831,6297,2018-02-18,0,Pignut Hickory, ,Carya tomentosa, ,12,17,53,60,1,0, ,3759020,280375
2755,2832,6299,2018-02-18,0,Redbud, ,Cercis canadensis, ,5,6,19,25,1,0, ,3759010,280371
2756,2833,6300,2018-02-18,0,Redbud, ,Cercis canadensis, ,5,6,21,25,1,0, ,3759010,280368
2757,2834,6301,2018-02-18,0,Redbud, ,Cercis canadensis, ,3,4,14,19,1,0, ,3759000,280367
2758,2835,6302,2018-02-18,0,Bald Cypress, ,Taxodium distichum, ,19,21,89,93,1,0, ,3759010,280357
2759,2836,6303,2018-02-18,0,Water Oak, ,Quercus nigra, ,37,39,77,83,1,0, ,3759000,280360
2760,2837,6304,2018-02-18,0,Overcup Oak, ,Quercus lyrata, ,35,39,73,80,1,0, ,3758980,280369
2761,2838,6305,2018-02-18,0,Overcup Oak, ,Quercus lyrata, ,32,34,77,83,1,0, ,3758970,280368
2762,2839,6306,2018-02-18,-99,Sweetgum, ,Liquidambar styraciflua, ,14,0,61,0,1,0, ,3758960,280379
2763,2840,6307,2018-02-18,-99,Sweetgum, ,Liquidambar styraciflua, ,14,0,66,0,1,0, ,3758960,280380
2764,2841,6308,2018-02-18,-99,Sweetgum, ,Liquidambar styraciflua, ,19,0,63,0,1,0, ,3758950,280379
2765,2842,6309,2018-02-18,0,Virginia Pine, ,Pinus virginiana, ,9,10,17,20,1,0, ,3758960,280361
2766,2843,6310,2018-02-18,0,Virginia Pine, ,Pinus virginiana, ,9,10,22,24,1,0, ,3758950,280360
2767,2844,6311,2018-02-18,0,Flowering Dogwood, ,Cornus florida, ,1,2,8,12,1,0, ,3758940,280367
2768,2845,6312,2018-02-18,0,Sweetgum, ,Liquidambar styraciflua, ,18,20,56,59,1,0, ,3758940,280379
2769,2846,6313,2018-02-18,0,Sweetgum, ,Liquidambar styraciflua, ,21,25,65,72,1,0, ,3758940,280392
2770,2847,6314,2018-02-18,0,Sweetgum, ,Liquidambar styraciflua, ,21,24,62,70,1,0, ,3758930,280391
2771,2848,6315,2018-02-18,0,Sweetgum, ,Liquidambar styraciflua, ,21,24,61,69,1,0, ,3758920,280392
2772,2849,6316,2018-02-18,0,Ilex species, ,Ilex species, ,5,7,19,32,1,0, ,3758920,280394
2773,2850,6317,2018-02-18,0,Ilex species, ,Ilex species, ,4,6,20,30,1,0, ,3758920,280394
2774,2851,6318,2018-02-18,0,Ilex species, ,Ilex species, ,3,5,19,28,1,0, ,3758910,280394
2775,2852,6319,2018-02-18,0,Ilex species, ,Ilex species, ,3,5,20,29,1,0, ,3758920,280392
2776,2853,6320,2018-02-18,0,Ilex species, ,Ilex species, ,4,6,19,31,1,0, ,3758910,280392
2777,2854,6321,2018-02-18,0,Flowering Crabapple, ,Malus spp., ,8,9,19,24,1,0, ,3758910,280389
2778,2855,6322,2018-02-18,0,Flowering Crabapple, ,Malus spp., ,8,13,21,25,1,0, ,3758910,280386
2779,2856,6323,2018-02-18,0,Southern Magnolia, ,Magnolia grandiflora, ,4,7,17,28,1,0, ,3758960,280521
2780,2857,6324,2018-02-18,0,Southern Magnolia, ,Magnolia grandiflora, ,2,5,8,20,1,0, ,3758960,280520
2781,2858,6325,2018-02-18,0,Southern Magnolia, ,Magnolia grandiflora, ,3,8,17,35,1,0, ,3758950,280522
2782,2859,6326,2018-02-18,0,Southern Magnolia, ,Magnolia grandiflora, ,3,7,13,35,1,0, ,3758950,280522
2783,2860,6328,2018-02-18,0,Southern Magnolia, ,Magnolia grandiflora, ,2,5,15,28,1,0, ,3758940,280522
2784,2861,6329,2018-02-18,0,Southern Magnolia, ,Magnolia grandiflora, ,2,5,15,25,1,0, ,3758940,280521
2785,2862,6330,2018-02-18,0,Southern Magnolia, ,Magnolia grandiflora, ,1,2,9,12,1,0, ,3758930,280519
2786,2863,6331,2018-02-18,0,Sycamore, ,Platanus occidentalis, ,6,7,30,30,1,0, ,3758930,280502
2787,2864,6332,2018-02-16,0,Japanese Maple, ,Acer palmatum, ,2,3,10,19,1,0, ,3758970,280531
2788,2865,6333,2018-02-16,0,Japanese Maple, ,Acer palmatum, ,1,3,15,20,1,0, ,3758990,280532
2789,2866,6334,2018-02-16,0,Flowering Dogwood, ,Cornus florida, ,2,4,12,20,1,0, ,3758990,280529
2790,2867,6335,2018-02-16,0,Flowering Dogwood, ,Cornus florida, ,1,2,12,19,1,0, ,3758990,280526
2791,2868,6336,,0,Flowering Dogwood, ,Cornus florida, ,1,0,11,0,1,0, ,3758990,280520
2792,2869,6337,2018-02-16,-99,Flowering Dogwood, ,Cornus florida, ,1,0,9,0,1,0, ,3758990,280522
2793,2870,6338,2018-02-16,0,Loblolly Pine, ,Pinus taeda, ,17,17,77,80,1,0, ,3759000,280524
2794,2871,6339,2018-02-16,0,Loblolly Pine, ,Pinus taeda, ,2,4,19,0,1,0, ,3758990,280522
2795,2872,6340,2018-02-16,0,Loblolly Pine, ,Pinus taeda, ,2,5,19,26,1,0, ,3758990,280522
2796,2873,6341,2018-02-16,0,Loblolly Pine, ,Pinus taeda, ,3,6,26,32,1,0, ,3759000,280526
2797,2874,6342,2018-02-16,0,Loblolly Pine, ,Pinus taeda, ,2,5,19,25,1,0, ,3759000,280527
2798,2875,6343,2018-02-16,0,Loblolly Pine, ,Pinus taeda, ,3,5,28,36,1,0, ,3759000,280527
2799,2876,6344,2018-02-16,0,Loblolly Pine, ,Pinus taeda, ,2,5,18,26,1,0, ,3759000,280528
2800,2877,6345,2018-02-16,0,Loblolly Pine, ,Pinus taeda, ,3,8,28,36,1,0, ,3759000,280529
2801,2878,6346,2018-02-18,-99,Sweetbay Magnolia, ,Magnolia virginiana, ,1,0,9,0,1,0, ,3759010,280528
2802,2879,6347,2018-02-18,0,Crape Myrtle, ,Lagerstroemia x, ,3,5,25,31,1,0, ,3759040,280442
2803,2880,6348,2018-02-18,0,Crape Myrtle, ,Lagerstroemia x, ,5,7,24,33,1,0, ,3759030,280443
2804,2881,6349,2018-02-18,0,Crape Myrtle, ,Lagerstroemia x, ,4,6,27,32,1,0, ,3759030,280442
2805,2882,6350,2018-02-16,0,Crape Myrtle, ,Lagerstroemia x, ,1,3,18,24,1,0, ,3759000,280543
2806,2883,6351,2018-02-16,0,Crape Myrtle, ,Lagerstroemia x, ,1,2,18,22,1,0, ,3759000,280543
2807,2884,6352,2018-02-16,0,Crape Myrtle, ,Lagerstroemia x, ,1,2,18,20,1,0, ,3759000,280545
2808,2885,6353,2018-02-16,0,Crape Myrtle, ,Lagerstroemia x, ,1,2,12,21,1,0, ,3759000,280547
2809,2886,6354,2018-02-16,0,American Hornbeam, ,Carpinus carolina, ,4,7,21,30,1,0, ,3758980,280549
2810,2887,6355,2018-02-16,0,Southern Magnolia, ,Magnolia grandiflora, ,3,6,27,33,1,0, ,3758950,280581
2811,2888,6361,2018-02-16,-99,Red Maple, ,Acer rubrum, ,3,0,17,0,1,0, ,3758930,280659
2812,2889,6362,2018-02-09,0,Overcup Oak, ,Quercus lyrata, ,27,31,79,88,1,0, ,3758970,280707
2813,2890,6363,2018-02-09,0,Flowering Dogwood, ,Cornus florida, ,7,14,26,32,1,0, ,3758970,280731
2814,2891,6364,2018-02-09,-99,Chinese Elm, ,Ulmus parviflora, ,3,0,18,0,1,0, ,3758970,280757
2815,2892,6365,2018-02-16,0,Kousa Dogwood, ,Cornus kousa, ,3,4,16,22,1,0, ,3758940,280729
2816,2893,6366,2018-02-16,0,Kousa Dogwood, ,Cornus kousa, ,2,3,16,21,1,0, ,3758940,280708
2817,2894,6367,2018-02-16,0,Kousa Dogwood, ,Cornus kousa, ,3,4,16,24,1,0, ,3758940,280712
2818,2895,6368,2018-02-16,0,Kousa Dogwood, ,Cornus kousa, ,2,3,16,22,1,0, ,3758940,280715
2819,2896,6369,2018-02-16,0,Kousa Dogwood, ,Cornus kousa, ,2,4,16,25,1,0, ,3758940,280718
2820,2897,6370,2018-02-16,-99,Kousa Dogwood, ,Cornus kousa, ,0,0,0,0,1,0, ,3758940,280720
2821,2898,6371,2018-02-16,0,Kousa Dogwood, ,Cornus kousa, ,1,3,16,20,1,0, ,3758940,280724
2822,2899,6372,2018-02-16,0,Black Locust, ,Robinia pseudoacacia, ,12,14,38,43,1,0, ,3758940,280722
2823,2900,6373,2018-02-16,0,Black Locust, ,Robinia pseudoacacia, ,14,17,38,44,1,0, ,3758940,280713
2824,2901,6374,2018-02-16,0,Southern Magnolia, ,Magnolia grandiflora, ,7,11,35,40,1,0, ,3758940,280703
2825,2902,6375,2018-02-16,0,Japanese Maple, ,Acer palmatum, ,2,3,12,18,1,0, ,3758930,280702
2826,2903,6376,2018-02-16,0,Japanese Maple, ,Acer palmatum, ,2,3,14,20,1,0, ,3758930,280704
2827,2904,6377,2018-02-16,0,Japanese Maple, ,Acer palmatum, ,2,4,15,23,1,0, ,3758930,280707
2828,2905,6378,2018-02-16,0,Black Locust, ,Robinia pseudoacacia, ,10,11,26,30,1,0, ,3758930,280722
2829,2906,6379,2018-02-16,0,Black Locust, ,Robinia pseudoacacia, ,11,13,35,40,1,0, ,3758930,280713
2830,2907,6380,2018-02-16,0,Japanese Maple, ,Acer palmatum, ,3,4,21,26,1,0, ,3758930,280707
2831,2908,6381,2018-02-16,0,Japanese Maple, ,Acer palmatum, ,2,3,18,22,1,0, ,3758930,280704
2832,2909,6382,2018-02-16,0,Japanese Maple, ,Acer palmatum, ,4,5,20,25,1,0, ,3758930,280701
2833,2910,6383,2018-02-16,0,Flowering Crabapple, ,Malus spp., ,7,10,21,25,1,0, ,3758920,280726
2834,2911,6384,2018-02-16,-99,Flowering Crabapple, ,Malus spp., ,11,0,24,0,1,0,Smaller DBH,3758910,280725
2835,2912,6385,2018-02-16,0,Crape Myrtle, ,Lagerstroemia x, ,2,3,16,20,1,0, ,3758880,280711
2836,2913,6386,,0,Sugar Maple, ,Acer saccharum, ,11,0,37,0,1,0, ,3758860,280703
2837,2914,6387,2018-02-12,0,Katsura Tree, ,Cercidiphyllum japonicum, ,8,10,19,23,1,0, ,3758860,280778
2838,2915,6388,2018-02-16,0,Crape Myrtle, ,Lagerstroemia x, ,8,12,32,40,1,0, ,3758710,280740
2839,2916,6389,2018-02-12,0,Southern Magnolia, ,Magnolia grandiflora, ,22,26,43,49,1,0, ,3758770,280785
2840,2939,6810,2018-04-16,-99,Tulip Poplar, ,Liriodendron tulipifera, ,3,0,18,0,1,0, ,3758310,280430
2841,2940,6811,2010-11-19,0,Tulip Poplar, ,Liriodendron tulipifera, ,4,0,21,0,1,0, ,3758310,280421
2842,2961,6832,2010-11-19,0,Sawtooth Oak, ,Quercus acutissima, ,13,0,32,0,1,0, ,3758170,280715
2843,2963,6834,2010-11-19,0,Japanese Pagodatree, ,Sophora japonica, ,10,0,16,0,1,0, ,3758170,280703
2844,2964,6835,2010-11-19,0,Japanese Pagodatree, ,Sophora japonica, ,17,0,26,0,1,0, ,3758170,280695
2845,2966,6837,2010-11-19,0,Japanese Pagodatree, ,Sophora japonica, ,13,0,28,0,1,0, ,3758180,280689
2846,2971,6842,2010-11-19,0,Sawtooth Oak, ,Quercus acutissima, ,14,0,33,0,1,0, ,3758180,280666
2847,2972,6843,2010-11-19,0,Sawtooth Oak, ,Quercus acutissima, ,15,0,35,0,1,0, ,3758180,280678
2848,3023,6897,2018-04-28,-99,Shumard Oak, ,Quercus shumardii, ,20,0,44,0,1,0, ,3758230,280604
2849,3024,6898,2018-04-28,-99,American Sycamore, ,Platanus occidentalis, ,15,0,59,0,1,0, ,3758230,280611
2850,3027,6901,2018-04-28,-99,Shumard Oak, ,Quercus shumardii, ,25,0,54,0,1,0, ,3758240,280594
2851,3028,6902,2010-11-19,0,Live Oak, ,Quercus Virginiana, ,13,0,45,0,1,0, ,3758250,280464
2852,3029,6903,2018-04-28,0,Shumard Oak, ,Quercus shumardii, ,30,32,59,64,1,0, ,3758250,280566
2853,3030,6904,2018-04-30,0,River Birch, ,Betula nigra, ,19,21,68,74,1,0, ,3758260,280519
2854,3031,6905,2018-04-30,0,River Birch, ,Betula nigra, ,16,20,74,79,1,0, ,3758260,280524
2855,3033,6907,2018-04-30,0,River Birch, ,Betula nigra, ,18,21,72,77,1,0, ,3758270,280525
2856,3035,6909,2018-04-16,0,Tulip Poplar, ,Liriodendron tulipifera, ,22,24,71,74,1,0, ,3758290,280450
2857,3037,6911,2010-11-19,0,Tulip Poplar, ,Liriodendron tulipifera, ,4,0,21,0,1,0, ,3758300,280418
2858,3038,6912,2018-04-16,-99,Tulip Poplar, ,Liriodendron tulipifera, ,2,0,13,0,1,0, ,3758320,280432
2859,3039,6913,2010-11-19,0,Tulip Poplar, ,Liriodendron tulipifera, ,3,0,16,0,1,0, ,3758320,280424
2860,3040,6914,2010-11-19,0,Tulip Poplar, ,Liriodendron tulipifera, ,3,0,18,0,1,0, ,3758320,280426
2861,3041,6915,2018-04-16,-99,Tulip Poplar, ,Liriodendron tulipifera, ,3,0,15,0,1,0, ,3758320,280436
2862,3042,6916,2010-11-19,0,Tulip Poplar, ,Liriodendron tulipifera, ,3,0,16,0,1,0, ,3758330,280429
2863,3043,6917,2018-04-16,-99,Tulip Poplar, ,Liriodendron tulipifera, ,1,3,12,17,1,0, ,3758330,280438
2864,3044,6918,2010-11-19,0,Tulip Poplar, ,Liriodendron tulipifera, ,4,0,15,0,1,0, ,3758340,280431
2865,3045,6919,2018-04-16,-99,Tulip Poplar, ,Liriodendron tulipifera, ,2,0,13,0,1,0, ,3758340,280440
2866,3046,6920,2010-11-19,0,Tulip Poplar, ,Liriodendron tulipifera, ,3,0,15,0,1,0, ,3758350,280434
2867,3047,6921,2018-04-16,-99,Tulip Poplar, ,Liriodendron tulipifera, ,2,3,14,18,1,0, ,3758350,280444
2868,3048,6922,2010-11-19,0,Tulip Poplar, ,Liriodendron tulipifera, ,6,0,23,0,1,0, ,3758360,280438
2869,3049,6923,2018-04-16,-99,Tulip Poplar, ,Liriodendron tulipifera, ,2,3,17,20,1,0, ,3758360,280448
2870,3050,6924,2010-11-19,0,Tulip Poplar, ,Liriodendron tulipifera, ,5,0,26,0,1,0, ,3758370,280441
2871,3051,6925,2018-04-16,-99,Tulip Poplar, ,Liriodendron tulipifera, ,5,0,26,0,1,0, ,3758370,280451
2872,3052,6926,2018-04-16,0,Southern Magnolia, ,Magnolia grandiflora, ,26,28,51,57,1,0, ,3758420,280494
2873,3053,6927,2018-04-16,0,Flowering Dogwood, ,Cornus florida, ,5,8,31,36,1,0, ,3758560,280501
2874,3054,6928,2010-11-19,0,Southern Magnolia, ,Magnolia grandiflora, ,26,0,50,0,1,0, ,3758440,280220
2875,3055,6929,2010-11-19,0,Southern Magnolia, ,Magnolia grandiflora, ,6,0,29,0,1,0, ,3758440,280203
2876,3056,6930,2010-11-19,0,Common Crapemyrtle, ,Lagerstroemia x, ,8,0,32,0,1,0, ,3758450,280152
2877,3057,6931,2018-04-16,0,Southern Magnolia, ,Magnolia grandiflora, ,29,31,60,66,1,0, ,3758440,280501
2878,3058,6932,2018-04-13,-99,Chinese Elm, ,Ulmus parviflora, ,26,0,91,0,1,0, ,3758440,280466
2879,3059,6933,2018-04-13,-99,Chinese Elm, ,Ulmus parviflora, ,22,0,77,0,1,0, ,3758440,280464
2880,3060,6935,2018-04-16,-99,Carolina Laurelcherry, ,Prunus caroliniana, ,18,0,44,0,1,0, ,3758440,280511
2881,3061,6936,2018-04-13,0,Chinese Elm, ,Ulmus parviflora, ,28,29,82,85,1,0, ,3758450,280464
2882,3062,6937,2018-04-13,0,Chinese Elm, ,Ulmus parviflora, ,17,18,72,75,1,0, ,3758450,280469
2883,3063,6938,2018-04-13,0,Chinese Elm, ,Ulmus parviflora, ,36,36,78,80,1,0, ,3758450,280473
2884,3064,6939,2018-04-16,-99,Eastern Redcedar, ,Juniperus virginiana, ,5,0,23,0,1,0, ,3758450,280511
2885,3065,6940,2018-04-13,-99,Chinese Elm, ,Ulmus parviflora, ,27,0,70,0,1,0, ,3758450,280467
2886,3066,6941,2018-04-16,-99,Northern White Cedar, ,Thuja occidentalis, ,5,0,19,0,1,0, ,3758450,280514
2887,3067,6943,2010-11-19,0,Chinese Flametree, ,Koelreuteria bipinnata, ,12,0,20,0,1,0, ,3758470,280116
2888,3068,6944,2018-04-13,0,Common Crapemyrtle, ,Lagerstroemia x, ,12,12,35,35,1,0, ,3758460,280483
2889,3069,6945,2018-04-13,0,Common Crapemyrtle, ,Lagerstroemia x, ,10,10,34,34,1,0, ,3758470,280485
2890,3070,6946,2018-04-16,0,American Holly, ,Ilex opaca, ,4,6,16,23,1,0, ,3758470,280522
2891,3071,6947,2018-04-16,0,American Holly, ,Ilex opaca, ,5,6,19,24,1,0, ,3758470,280521
2892,3072,6948,2018-04-13,0,Common Crapemyrtle, ,Lagerstroemia x, ,8,8,21,26,1,0, ,3758480,280487
2893,3073,6949,2018-04-16,0,American Holly, ,Ilex opaca, ,4,6,19,25,1,0, ,3758480,280522
2894,3074,6950,2018-04-16,0,American Holly, ,Ilex opaca, ,8,10,19,26,1,0, ,3758490,280526
2895,3075,6951,2018-04-16,0,Scarlet Oak, ,Quercus coccinea, ,11,16,35,40,1,0, ,3758500,280517
2896,3076,6952,2018-04-13,-99,Flowering Dogwood, ,Cornus florida, ,12,0,25,0,1,0, ,3758500,280491
2897,3077,6953,2010-11-19,0,Lusterleaf Holly, ,Ilex latifolia, ,6,0,25,0,1,0, ,3758520,280073
2898,3078,6954,2018-04-25,0,American Beech, ,Fagus grandifolia, ,2,9,10,32,1,0, ,3758510,280616
2899,3079,6955,2018-04-16,0,American Holly, ,Ilex opaca, ,5,6,19,23,1,0, ,3758520,280536
2900,3080,6956,2018-04-16,0,American Holly, ,Ilex opaca, ,6,8,21,26,1,0, ,3758520,280537
2901,3081,6957,2018-04-13,0,Flowering Dogwood, ,Cornus florida, ,6,7,24,28,1,0, ,3758530,280497
2902,3082,6958,2018-04-16,0,Water Oak, ,Quercus nigra, ,19,25,42,50,1,0, ,3758530,280527
2903,3083,6959,2018-04-25,0,Bigleaf Magnolia, ,Magnolia macrophylla, ,5,6,25,33,1,0, ,3758540,280628
2904,3084,6960,2018-04-13,0,Shortleaf Pine, ,Pinus echinata, ,24,25,76,81,1,0, ,3758550,280507
2905,3085,6961,2010-11-19,0,American Yellowwood, ,Cladrastis kentukea, ,6,0,37,0,1,0, ,3758560,280126
2906,3086,6962,2018-04-19,0,Pecan, ,Carya illinoinensis, ,23,23,56,58,1,0, ,3758560,280576
2907,3087,6963,2018-04-19,0,Red Maple, ,Acer rubrum, ,16,23,49,55,1,0, ,3758560,280665
2908,3088,6964,2018-04-25,0,Hazel Alder, ,Alnus serrulata, ,4,5,15,17,1,0, ,3758560,280601
2909,3089,6965,2018-04-19,0,Red Maple, ,Acer rubrum, ,14,15,42,45,1,0, ,3758560,280659
2910,3090,6966,2010-11-19,0,Slash Pine, ,Pinus elliottii, ,0,13,49,58,1,0, ,3758570,280578
2911,3091,6967,2018-04-19,0,Loblolly Pine, ,Pinus taeda, ,14,17,64,73,1,0, ,3758570,280651
2912,3092,6968,2018-04-19,0,Loblolly Pine, ,Pinus taeda, ,12,16,66,70,1,0, ,3758570,280648
2913,3093,6969,2018-04-19,0,Loblolly Pine, ,Pinus taeda, ,11,12,66,69,1,0, ,3758570,280646
2914,3094,6970,2018-04-19,0,Loblolly Pine, ,Pinus taeda, ,13,17,67,73,1,0, ,3758570,280643
2915,3095,6971,2018-04-19,0,Loblolly Pine, ,Pinus taeda, ,11,14,67,71,1,0, ,3758570,280641
2916,3096,6972,2018-04-19,0,Slash Pine, ,Pinus elliottii, ,12,17,60,65,1,0, ,3758570,280580
2917,3097,6973,2018-04-19,0,Slash Pine, ,Pinus elliottii, ,12,15,53,61,1,0, ,3758580,280589
2918,3098,6974,2018-04-19,0,Slash Pine, ,Pinus elliottii, ,5,8,40,45,1,0, ,3758580,280593
2919,3099,6975,2018-04-11,0,Foster Holly, ,Ilex x attenuata 'Fosteri', ,6,9,26,31,1,0, ,3758590,280607
2920,3100,6976,2018-04-11,-99,Crabapple, ,Malus spp., ,7,0,28,0,1,0, ,3758590,280612
2921,3101,6977,2018-04-11,-99,American Holly, ,Ilex opaca, ,9,0,21,0,1,0, ,3758590,280611
2922,3102,6978,2018-04-11,-99,Crabapple, ,Malus spp., ,6,0,24,0,1,0, ,3758600,280617
2923,3103,6979,2018-04-11,-99,Crabapple, ,Malus spp., ,8,0,22,0,1,0, ,3758610,280618
2924,3104,6980,2018-04-11,0,Foster Holly, ,Ilex x attenuata 'Fosteri', ,4,9,21,32,1,0, ,3758610,280615
2925,3105,6981,2018-04-11,-99,Crabapple, ,Malus spp., ,13,0,23,0,1,0, ,3758610,280620
2926,3106,6982,2018-04-11,0,Common Crapemyrtle, ,Lagerstroemia x, ,4,5,12,18,1,0, ,3758620,280627
2927,3107,6983,2018-04-11,-99,American Holly, ,Ilex opaca, ,20,0,47,0,1,0, ,3758620,280598
2928,3108,6984,2018-05-01,0,Red Maple, ,Acer rubrum, ,12,14,32,38,1,0, ,3758620,280641
2929,3109,6985,2018-04-11,-99,Foster Holly, ,Ilex x attenuata 'Fosteri', ,7,0,21,0,1,0, ,3758630,280568
2930,3110,6986,2018-04-27,0,Cherrybark Oak, ,Quercus pagoda, ,5,12,23,35,1,0, ,3758440,280598
2931,3111,6987,2018-04-27,0,Cherrybark Oak, ,Quercus pagoda, ,3,12,15,36,1,0, ,3758440,280590
2932,3112,6988,2018-04-27,0,White Oak, ,Quercus alba, ,9,14,29,36,1,0, ,3758450,280584
2933,3113,6989,2018-04-27,0,Sweetbay Magnolia, ,Magnolia virginiana, ,1,2,9,20,1,0, ,3758450,280580
2934,3114,6990,2018-04-27,0,Sweetbay Magnolia, ,Magnolia virginiana, ,6,7,31,36,1,0, ,3758450,280565
2935,3115,6991,2018-04-27,0,Sweetbay Magnolia, ,Magnolia virginiana, ,5,6,22,32,1,0, ,3758450,280564
2936,3116,6992,2018-04-27,0,Tulip Poplar, ,Liriodendron tulipifera, ,15,18,52,60,1,0, ,3758460,280571
2937,3117,6993,2018-04-27,0,Downey Serviceberry, ,Amelanchier arborea, ,1,2,7,10,1,0, ,3758470,280569
2938,3118,6994,2018-04-27,0,Downey Serviceberry, ,Amelanchier arborea, ,2,3,16,22,1,0, ,3758480,280579
2939,3119,6995,2018-04-27,0,Deciduous Holly, ,Ilex decidua, ,2,2,16,19,1,0, ,3758470,280565
2940,3120,6996,2018-04-27,0,Deciduous Holly, ,Ilex decidua, ,3,3,19,21,1,0, ,3758460,280562
2941,3121,6997,2018-04-27,-99,Blackgum, ,Nyssa sylvatica, ,4,0,22,0,1,0, ,3758460,280558
2942,3122,6998,2018-04-27,0,Blackgum, ,Nyssa sylvatica, ,3,4,19,23,1,0, ,3758460,280558
2943,3123,6999,2018-04-27,0,Sweetbay Magnolia, ,Magnolia virginiana, ,6,8,46,49,1,0, ,3758470,280556
2944,3124,7000,2018-04-27,0,Blackgum, ,Nyssa sylvatica, ,4,6,23,28,1,0, ,3758460,280554
2945,3125,7001,2018-04-27,0,Tulip Poplar, ,Liriodendron tulipifera, ,9,12,59,65,1,0, ,3758470,280548
2946,3126,7002,2018-04-27,0,Tulip Poplar, ,Liriodendron tulipifera, ,9,11,41,48,1,0, ,3758470,280548
2947,3127,7003,2018-04-27,0,Bigleaf Magnolia, ,Magnolia macrophylla, ,1,2,11,19,1,0, ,3758470,280550
2948,3128,7004,2010-11-19,0,Shumard Oak, ,Quercus shumardii, ,3,0,17,0,1,0, ,3758220,280570
2949,3129,7005,2010-11-19,0,Shumard Oak, ,Quercus shumardii, ,3,0,16,0,1,0, ,3758220,280564
2950,3130,7006,2010-11-19,0,Shumard Oak, ,Quercus shumardii, ,3,0,20,0,1,0, ,3758210,280594
2951,3131,7007,2010-11-19,0,Shumard Oak, ,Quercus shumardii, ,3,0,15,0,1,0, ,3758210,280600
2952,3132,7008,2010-11-19,0,American Sycamore, ,Platanus occidentalis, ,6,0,21,0,1,0, ,3758210,280606
2953,3133,7009,2010-11-19,0,Chinese Elm, ,Ulmus parviflora, ,10,0,24,0,1,0, ,3758190,280619
2954,3134,7010,2010-11-19,0,Common Crapemyrtle, ,Lagerstroemia x, ,3,0,13,0,1,0, ,3758190,280620
2955,3135,7011,2010-11-19,0,Common Crapemyrtle, ,Lagerstroemia x, ,2,0,12,0,1,0, ,3758200,280620
2956,3136,7012,2010-11-19,0,Common Crapemyrtle, ,Lagerstroemia x, ,1,0,11,0,1,0, ,3758200,280619
2957,3137,7013,2010-11-19,0,Common Crapemyrtle, ,Lagerstroemia x, ,1,0,10,0,1,0, ,3758200,280619
2958,3138,7014,2010-11-19,0,Common Crapemyrtle, ,Lagerstroemia x, ,1,0,11,0,1,0, ,3758200,280620
2959,3139,7015,2010-11-19,0,Common Crapemyrtle, ,Lagerstroemia x, ,3,0,14,0,1,0, ,3758200,280620
2960,3140,7016,2010-11-19,0,Common Crapemyrtle, ,Lagerstroemia x, ,3,0,14,0,1,0, ,3758200,280625
2961,3141,7017,2010-11-19,0,Common Crapemyrtle, ,Lagerstroemia x, ,1,0,9,0,1,0, ,3758200,280626
2962,3142,7018,2010-11-19,0,Common Crapemyrtle, ,Lagerstroemia x, ,3,0,18,0,1,0, ,3758200,280628
2963,3143,7019,2010-11-19,0,Common Crapemyrtle, ,Lagerstroemia x, ,2,0,16,0,1,0, ,3758200,280629
2964,3144,7020,2010-11-19,0,Common Crapemyrtle, ,Lagerstroemia x, ,2,0,19,0,1,0, ,3758200,280630
2965,3145,7021,2010-11-19,0,Sawtooth Oak, ,Quercus acutissima, ,18,0,48,0,1,0, ,3758190,280648
2966,3146,7022,2010-11-19,0,Sawtooth Oak, ,Quercus acutissima, ,18,0,42,0,1,0, ,3758180,280657
2967,3175,7051,2010-11-19,0,Chinese Pistache, ,Pistacia chinensis, ,8,0,20,0,1,0, ,3758220,280549
2968,3176,7052,2018-04-28,0,Ginkgo, ,Ginkgo biloba, ,24,27,46,50,1,0, ,3758270,280574
2969,3177,7053,2018-04-28,0,American Elm, ,Ulmus americana, ,1,7,8,32,1,0, ,3758290,280579
2970,3178,7054,2018-04-28,0,Lusterleaf Holly, ,Ilex latifolia, ,2,3,18,22,1,0, ,3758270,280577
2971,3179,7055,2018-04-28,-99,Japanese Maple, ,Acer palmatum, ,2,0,13,0,1,0, ,3758260,280574
2972,3180,7056,2018-04-28,0,Flowering Dogwood, ,Cornus florida, ,2,4,11,17,1,0, ,3758250,280575
2973,3181,7057,2010-11-19,0,Sugar Maple, ,Acer saccharum, ,12,0,36,0,1,0, ,3758240,280581
2974,3182,7058,2018-04-28,0,Yaupon, ,Ilex vomitoria, ,2,3,15,18,1,0, ,3758240,280598
2975,3183,7059,2018-04-28,0,Yaupon, ,Ilex vomitoria, ,2,3,12,16,1,0, ,3758240,280598
2976,3184,7060,2018-04-28,0,Yaupon, ,Ilex vomitoria, ,3,4,14,19,1,0, ,3758240,280600
2977,3185,7061,2018-04-28,0,Yaupon, ,Ilex vomitoria, ,3,4,18,23,1,0, ,3758240,280600
2978,3186,7062,2018-04-28,0,Yaupon, ,Ilex vomitoria, ,2,3,12,16,1,0, ,3758240,280603
2979,3187,7063,2018-04-28,0,willow oak, , , ,3,4,11,18,1,0, ,3758230,280603
2980,3188,7064,2018-04-28,0,Eastern Redbud, ,Cercis canadensis, ,2,5,13,23,1,0, ,3758230,280612
2981,3189,7065,2018-04-28,0,Yoshino Cherry, ,Prunus yedoensis, ,3,8,14,25,1,0, ,3758230,280627
2982,3190,7066,2018-04-28,0,Chinese Elm, ,Ulmus parviflora, ,8,13,45,49,1,0, ,3758230,280630
2983,3191,7067,2018-04-28,0,Chinese Elm, ,Ulmus parviflora, ,10,12,31,40,1,0, ,3758230,280638
2984,3192,7068,2018-04-28,0,Chinese Elm, ,Ulmus parviflora, ,9,10,37,44,1,0, ,3758240,280640
2985,3193,7069,2018-04-28,0,Chinese Elm, ,Ulmus parviflora, ,6,19,42,46,1,0, ,3758240,280641
2986,3194,7070,2018-04-28,0,Dawn Redwood, ,Metasequoia glyptostroboides, ,34,38,88,90,1,0, ,3758250,280636
2987,3195,7071,2018-04-28,0,Red Maple, ,Acer rubrum, ,7,9,32,38,1,0, ,3758240,280635
2988,3196,7072,2018-04-28,-99,Common Crapemyrtle, ,Lagerstroemia x, ,6,0,25,0,1,0, ,3758240,280651
2989,3197,7073,2018-04-28,-99,Common Crapemyrtle, ,Lagerstroemia x, ,4,0,22,0,1,0, ,3758240,280651
2990,3198,7074,2018-04-28,-99,Common Crapemyrtle, ,Lagerstroemia x, ,5,0,23,0,1,0, ,3758240,280651
2991,3199,7075,2018-04-28,-99,Common Crapemyrtle, ,Lagerstroemia x, ,5,0,23,0,1,0, ,3758240,280651
2992,3200,7076,2018-04-28,-99,Common Crapemyrtle, ,Lagerstroemia x, ,6,0,19,0,1,0, ,3758240,280649
2993,3201,7077,2018-04-28,-99,Common Crapemyrtle, ,Lagerstroemia x, ,5,0,19,0,1,0, ,3758230,280648
2994,3202,7078,2018-04-28,-99,Common Crapemyrtle, ,Lagerstroemia x, ,8,0,22,0,1,0, ,3758230,280647
2995,3203,7079,2018-04-28,-99,Common Crapemyrtle, ,Lagerstroemia x, ,2,0,14,0,1,0, ,3758230,280647
2996,3204,7080,2018-04-28,-99,Common Crapemyrtle, ,Lagerstroemia x, ,13,0,24,0,1,0, ,3758230,280645
2997,3205,7081,2018-04-28,-99,Common Crapemyrtle, ,Lagerstroemia x, ,1,0,14,0,1,0, ,3758220,280644
2998,3206,7082,2018-04-28,-99,Common Crapemyrtle, ,Lagerstroemia x, ,3,0,12,0,1,0, ,3758220,280642
2999,3207,7083,2018-04-28,0,Savannah Holly, ,Ilex x attenuata ' Savanah', ,10,13,31,39,1,0, ,3758230,280651
3000,3208,7084,2018-04-28,0,Foster Holly, ,Ilex x attenuata, ,12,13,29,35,1,0, ,3758220,280657
3001,3209,7085,2018-04-28,0,Foster Holly, ,Ilex x attenuata, ,10,12,32,37,1,0, ,3758220,280660
3002,3210,7086,2018-04-28,0,Foster Holly, ,Ilex x attenuata, ,7,10,26,34,1,0, ,3758220,280665
3003,3211,7087,2018-04-28,0,Foster Holly, ,Ilex x attenuata, ,8,11,28,33,1,0, ,3758220,280669
3004,3212,7088,2018-04-28,0,Foster Holly, ,Ilex x attenuata, ,11,13,29,36,1,0, ,3758220,280673
3005,3213,7089,2018-04-28,0,Common Crapemyrtle, ,Lagerstroemia x, ,1,3,9,19,1,0, ,3758210,280668
3006,3214,7090,2018-04-28,0,Common Crapemyrtle, ,Lagerstroemia x, ,1,3,9,18,1,0, ,3758210,280670
3007,3215,7091,2018-04-28,0,Common Crapemyrtle, ,Lagerstroemia x, ,1,3,9,18,1,0, ,3758210,280671
3008,3216,7092,2018-04-28,0,Common Crapemyrtle, ,Lagerstroemia x, ,1,3,9,20,1,0, ,3758220,280669
3009,3217,7093,2018-04-28,0,Common Crapemyrtle, ,Lagerstroemia x, ,1,2,9,17,1,0, ,3758210,280670
3010,3218,7094,2018-04-28,0,Common Crapemyrtle, ,Lagerstroemia x, ,1,3,9,17,1,0, ,3758210,280686
3011,3219,7095,2018-04-28,0,Common Crapemyrtle, ,Lagerstroemia x, ,1,3,9,19,1,0, ,3758210,280688
3012,3220,7096,2018-04-28,0,Common Crapemyrtle, ,Lagerstroemia x, ,1,3,9,18,1,0, ,3758200,280687
3013,3221,7097,2018-04-28,0,Common Crapemyrtle, ,Lagerstroemia x, ,1,3,9,20,1,0, ,3758200,280684
3014,3222,7098,2018-04-28,0,Common Crapemyrtle, ,Lagerstroemia x, ,1,2,8,17,1,0, ,3758210,280686
3015,3223,7099,2018-04-28,0,Red Maple, ,Acer rubrum, ,4,4,19,20,1,0, ,3758220,280664
3016,3224,7100,2018-04-28,0,Foster Holly, ,Ilex x attenuata, ,9,12,23,37,1,0, ,3758210,280686
3017,3225,7101,2018-04-28,0,Foster Holly, ,Ilex x attenuata, ,10,12,35,40,1,0, ,3758210,280690
3018,3226,7102,2018-04-28,0,Foster Holly, ,Ilex x attenuata, ,7,10,38,41,1,0, ,3758210,280693
3019,3227,7103,2018-04-28,0,Foster Holly, ,Ilex x attenuata, ,12,13,40,45,1,0, ,3758210,280696
3020,3228,7104,2018-04-28,0,Foster Holly, ,Ilex x attenuata, ,12,13,39,43,1,0, ,3758210,280700
3021,3229,7105,2018-04-28,0,Foster Holly, ,Ilex x attenuata, ,13,15,36,42,1,0, ,3758200,280703
3022,3230,7106,2018-04-28,0,Foster Holly, ,Ilex x attenuata, ,11,13,36,40,1,0, ,3758200,280706
3023,3231,7107,2018-04-28,0,Foster Holly, ,Ilex x attenuata, ,11,13,31,38,1,0, ,3758200,280710
3024,3232,7108,2018-04-28,0,Foster Holly, ,Ilex x attenuata, ,11,13,33,39,1,0, ,3758210,280716
3025,3233,7109,2018-04-28,0,Foster Holly, ,Ilex x attenuata, ,11,13,34,40,1,0, ,3758210,280717
3026,3234,7110,2018-04-28,0,Foster Holly, ,Ilex x attenuata, ,13,15,44,49,1,0, ,3758220,280719
3027,3235,7111,2018-04-28,-99,Deodar Cedar, ,Cedrus deodora, ,13,0,28,0,1,0, ,3758210,280728
3028,3236,7112,2018-04-28,0,Nuttall Oak, ,Quercus nutallii, ,3,12,13,34,1,0, ,3758200,280704
3029,3237,7113,2018-04-28,0,Nuttall Oak, ,Quercus nutallii, ,3,12,14,33,1,0, ,3758190,280714
3030,3238,7114,2018-04-28,0,Shumard Oak, ,Quercus shumardii, ,2,14,15,37,1,0, ,3758190,280722
3031,3239,7115,2018-04-28,0,Red Maple, ,Acer rubrum, ,4,10,18,34,1,0, ,3758200,280684
3032,3240,7116,2018-04-28,-99,Red Maple, ,Acer rubrum, ,4,0,19,0,1,0, ,3758200,280667
3033,3241,7117,2018-04-28,0,Common Crapemyrtle, ,Lagerstroemia x, ,8,9,17,21,1,0, ,3758240,280631
3034,3242,7118,2018-04-28,0,Common Crapemyrtle, ,Lagerstroemia x, ,4,5,13,19,1,0, ,3758240,280633
3035,3243,7119,2018-04-28,0,Nuttall Oak, ,Quercus nutallii, ,3,11,13,34,1,0, ,3758210,280648
3036,3244,7120,2018-04-28,0,Nuttall Oak, ,Quercus nutallii, ,2,6,13,21,1,0, ,3758210,280643
3037,3245,7121,2018-04-28,0,Nuttall Oak, ,Quercus nutallii, ,3,12,14,36,1,0, ,3758210,280636
3038,3246,7122,2018-04-28,0,Nuttall Oak, ,Quercus nutallii, ,3,10,15,30,1,0, ,3758220,280630
3039,3247,7123,2018-04-28,0,Nuttall Oak, ,Quercus nutallii, ,3,8,13,27,1,0, ,3758220,280625
3040,3248,7124,2018-04-28,0,Nuttall Oak, ,Quercus nutallii, ,3,8,15,29,1,0, ,3758220,280619
3041,3249,7125,2018-04-28,0,Nuttall Oak, ,Quercus nutallii, ,3,8,15,28,1,0, ,3758220,280612
3042,3250,7126,2018-04-28,0,Nuttall Oak, ,Quercus nutallii, ,3,9,15,32,1,0, ,3758220,280607
3043,3251,7127,2018-04-28,0,Nuttall Oak, ,Quercus nutallii, ,3,10,12,33,1,0, ,3758230,280600
3044,3252,7128,2018-04-28,0,Nuttall Oak, ,Quercus nutallii, ,3,7,14,27,1,0, ,3758230,280594
3045,3253,7129,2018-04-28,0,Nuttall Oak, ,Quercus nutallii, ,3,8,16,30,1,0, ,3758230,280587
3046,3254,7130,2018-04-28,0,Nuttall Oak, ,Quercus nutallii, ,3,11,16,32,1,0, ,3758230,280581
3047,3255,7131,2018-04-28,0,Leyland Cypress, ,X Cupressocyparis leylandii, ,15,19,58,61,1,0, ,3758260,280739
3048,3256,7132,2018-04-28,0,Leyland Cypress, ,X Cupressocyparis leylandii, ,14,16,47,50,1,0, ,3758250,280740
3049,3257,7133,2018-04-28,0,Leyland Cypress, ,X Cupressocyparis leylandii, ,12,15,39,44,1,0, ,3758250,280745
3050,3258,7134,2018-04-28,-99,Western Redcedar, ,Thuja plicata, ,5,0,17,0,1,0, ,3758250,280748
3051,3259,7135,2010-11-19,0,Chinese Flametree, ,Koelreuteria bipinnata, ,2,0,15,0,1,0, ,3758250,280753
3052,3260,7136,2018-04-28,0,Chinese Flametree, ,Koelreuteria bipinnata, ,1,6,12,24,1,0, ,3758240,280759
3053,3261,7137,2018-04-28,0,River Birch, ,Betula nigra, ,13,15,41,50,1,0, ,3758240,280775
3054,3262,7138,2018-04-28,0,River Birch, ,Betula nigra, ,10,12,42,46,1,0, ,3758240,280778
3055,3263,7139,2018-04-28,0,River Birch, ,Betula nigra, ,12,13,50,52,1,0, ,3758240,280783
3056,3264,7140,2018-04-28,-99,River Birch, ,Betula nigra, ,11,0,34,0,1,0, ,3758240,280789
3057,3265,7141,2018-04-28,0,Ginkgo, ,Ginkgo biloba, ,5,7,15,23,1,0, ,3758250,280811
3058,3266,7142,2018-04-28,-99,Leyland Cypress, ,X Cupressocyparis leylandii, ,14,0,42,0,1,0, ,3758230,280825
3059,3267,7143,2018-04-28,-99,Leyland Cypress, ,X Cupressocyparis leylandii, ,14,0,45,0,1,0, ,3758230,280830
3060,3268,7144,2018-04-28,0,Leyland Cypress, ,X Cupressocyparis leylandii, ,15,20,44,51,1,0, ,3758240,280833
3061,3269,7145,2018-04-28,0,Leyland Cypress, ,X Cupressocyparis leylandii, ,15,20,34,45,1,0, ,3758240,280837
3062,3270,7146,2018-04-28,0,Ginkgo, ,Ginkgo biloba, ,5,8,17,25,1,0, ,3758270,280826
3063,3271,7147,2018-04-28,-99,Ginkgo, ,Ginkgo biloba, ,2,0,11,0,1,0, ,3758260,280833
3064,3272,7148,2018-04-28,0,Persian Parrotia, ,Parrotia persica, ,4,6,20,25,1,0, ,3758260,280849
3065,3273,7149,2018-04-28,0,Persian Parrotia, ,Parrotia persica, ,5,7,19,26,1,0, ,3758250,280854
3066,3274,7150,2018-04-28,0,Persian Parrotia, ,Parrotia persica, ,5,7,16,27,1,0, ,3758250,280852
3067,3275,7151,2018-04-28,0,Sugar Maple, ,Acer saccharum, ,10,25,36,42,1,0, ,3758220,280829
3068,3276,7152,2018-04-28,0,Sugar Maple, ,Acer saccharum, ,8,12,32,40,1,0, ,3758210,280829
3069,3277,7153,2018-04-28,0,Sawtooth Oak, ,Quercus acutissima, ,37,38,55,56,1,0, ,3758190,280815
3070,3278,7154,2018-04-28,0,Sawtooth Oak, ,Quercus acutissima, ,37,40,57,64,1,0, ,3758190,280798
3071,3279,7155,2018-04-28,0,Sawtooth Oak, ,Quercus acutissima, ,15,16,36,38,1,0, ,3758200,280779
3072,3280,7156,2018-04-28,0,Chinese Elm, ,Ulmus parviflora, ,30,33,60,65,1,0, ,3758210,280767
3073,3281,7157,2018-04-28,0,Red Maple, ,Acer rubrum, ,7,8,24,29,1,0, ,3758200,280787
3074,3282,7158,2010-11-19,0,Eastern Redcedar, ,Juniperus virginiana, ,8,11,20,35,1,0, ,3758180,280802
3075,3283,7159,2018-04-28,0,Eastern Redcedar, ,Juniperus virginiana, ,8,11,21,34,1,0, ,3758180,280799
3076,3284,7160,2018-04-28,0,Eastern Redcedar, ,Juniperus virginiana, ,8,10,20,31,1,0, ,3758180,280796
3077,3285,7161,2018-04-28,0,Eastern Redcedar, ,Juniperus virginiana, ,10,12,19,30,1,0, ,3758180,280786
3078,3286,7162,2018-04-28,0,Eastern Redcedar, ,Juniperus virginiana, ,9,11,23,32,1,0, ,3758180,280783
3079,3287,7163,2018-04-28,0,Eastern Redcedar, ,Juniperus virginiana, ,13,15,22,38,1,0, ,3758180,280779
3080,3288,7164,2018-04-28,0,Eastern Redcedar, ,Juniperus virginiana, ,8,13,28,35,1,0, ,3758170,280767
3081,3289,7165,2018-04-28,0,Eastern Redcedar, ,Juniperus virginiana, ,7,12,20,36,1,0, ,3758170,280768
3082,3290,7166,2018-04-28,0,Eastern Redcedar, ,Juniperus virginiana, ,9,13,24,36,1,0, ,3758160,280779
3083,3291,7167,2018-04-28,0,Downey Serviceberry, ,Amelanchier arborea, ,2,3,11,16,1,0, ,3758170,280787
3084,3292,7168,2018-04-28,0,Downey Serviceberry, ,Amelanchier arborea, ,2,3,12,17,1,0, ,3758170,280787
3085,3293,7169,2018-04-28,0,Downey Serviceberry, ,Amelanchier arborea, ,2,3,12,16,1,0, ,3758170,280793
3086,3294,7170,2018-04-28,0,Downey Serviceberry, ,Amelanchier arborea, ,1,2,9,13,1,0, ,3758170,280797
3087,3295,7171,2018-04-28,0,Downey Serviceberry, ,Amelanchier arborea, ,1,3,9,15,1,0, ,3758170,280796
3088,3296,7172,2018-04-28,-99,Fringe Tree, ,Chionanthus virginicus, ,2,0,9,0,1,0, ,3758160,280791
3089,3297,7173,2018-04-28,0,Fringe Tree, ,Chionanthus virginicus, ,1,3,8,13,1,0, ,3758160,280788
3090,3298,7174,2018-04-28,0,Fringe Tree, ,Chionanthus virginicus, ,1,2,8,14,1,0, ,3758160,280786
3091,3299,7175,2018-04-28,0,American Sycamore, ,Platanus occidentalis, ,30,33,71,77,1,0, ,3758170,280776
3092,3300,7176,2018-04-28,-99,American Sycamore, ,Platanus occidentalis, ,28,0,65,0,1,0, ,3758170,280759
3093,3301,7177,2018-04-28,0,American Sycamore, ,Platanus occidentalis, ,18,20,44,47,1,0, ,3758180,280740
3094,3302,7178,2018-04-28,0,Chinese Elm, ,Ulmus parviflora, ,28,30,47,55,1,0, ,3758200,280742
3095,3303,7179,2018-04-28,0,River Birch, ,Betula nigra, ,9,12,27,34,1,0, ,3758220,280751
3096,3304,7180,2018-04-28,0,River Birch, ,Betula nigra, ,10,13,30,38,1,0, ,3758220,280746
3097,3305,7181,2018-04-28,0,River Birch, ,Betula nigra, ,10,12,33,37,1,0, ,3758220,280740
3098,3306,7182,2018-04-28,-99,Eastern Redbud, ,Cercis canadensis, ,16,0,25,0,1,0, ,3758230,280739
3099,3307,7183,2018-04-28,0,Ginkgo, ,Ginkgo biloba, ,3,5,10,16,1,0, ,3758270,280812
3100,3308,7184,2018-04-28,0,Sugar Maple, ,Acer saccharum, ,9,12,27,34,1,0, ,3758280,280797
3101,3309,7185,2018-04-28,0,Sugar Maple, ,Acer saccharum, ,7,10,23,29,1,0, ,3758280,280788
3102,3310,7186,2018-04-28,0,Sugar Maple, ,Acer saccharum, ,9,11,25,32,1,0, ,3758290,280781
3103,3311,7187,2018-04-28,0,Sugar Maple, ,Acer saccharum, ,8,10,24,33,1,0, ,3758290,280770
3104,3312,7188,2018-04-28,0,Sugar Maple, ,Acer saccharum, ,10,12,28,34,1,0, ,3758290,280764
3105,3313,7189,2018-04-28,0,White Oak, ,Quercus alba, ,9,14,27,37,1,0, ,3758300,280755
3106,3314,7190,2018-04-28,-99,White Oak, ,Quercus alba, ,0,13,25,0,1,0, ,3758300,280745
3107,3315,7191,2018-04-28,-99,Ginkgo, ,Ginkgo biloba, ,6,0,28,0,1,0, ,3758320,280709
3108,3316,7192,2018-04-28,0,Ginko, ,Ginkgo biloba, ,7,9,21,31,1,0, ,3758310,280698
3109,3317,7193,2018-04-28,0,Ginko, ,Ginkgo biloba, ,6,10,23,32,1,0, ,3758310,280698
3110,3318,7194,2018-04-28,0,Ginko, ,Ginkgo biloba, ,9,10,28,35,1,0, ,3758300,280689
3111,3319,7195,2018-04-25,0,Sawtooth Oak, ,Quercus acutissima, ,33,36,47,54,1,0, ,3758300,280804
3112,3320,7196,2018-04-25,0,Sawtooth Oak, ,Quercus acutissima, ,31,32,51,55,1,0, ,3758300,280786
3113,3321,7197,2018-04-25,0,Sawtooth Oak, ,Quercus acutissima, ,18,21,44,49,1,0, ,3758310,280772
3114,3322,7198,2018-04-25,-99,Yaupon, ,Ilex vomitoria, ,3,0,9,0,1,0, ,3758330,280752
3115,3323,7199,2018-04-25,-99,Yaupon, ,Ilex vomitoria, ,5,0,11,0,1,0, ,3758330,280743
3116,3324,7200,2018-04-25,0,White Oak, ,Quercus alba, ,8,11,27,33,1,0, ,3758320,280758
3117,3325,7201,2018-04-25,0,White Oak, ,Quercus alba, ,7,10,23,31,1,0, ,3758310,280778
3118,3326,7202,2018-04-25,0,White Oak, ,Quercus alba, ,5,9,19,30,1,0, ,3758310,280803
3119,3327,7203,2018-04-25,0,Tulip Poplar, ,Liriodendron tulipifera, ,5,7,19,25,1,0, ,3758320,280792
3120,3328,7204,2018-04-25,0,Tulip Poplar, ,Liriodendron tulipifera, ,5,8,24,31,1,0, ,3758320,280797
3121,3329,7205,2018-04-25,0,Tulip Poplar, ,Liriodendron tulipifera, ,6,7,22,28,1,0, ,3758340,280805
3122,3330,7206,2018-04-25,0,Tulip Poplar, ,Liriodendron tulipifera, ,3,5,18,22,1,0, ,3758350,280807
3123,3331,7207,2018-04-25,0,Hollywood Juniper, ,Juniperus torulosa, ,6,9,23,29,1,0, ,3758350,280800
3124,3332,7208,2018-04-25,0,Hollywood Juniper, ,Juniperus torulosa, ,6,9,21,27,1,0, ,3758340,280797
3125,3333,7209,2018-04-25,0,Tulip Poplar, ,Liriodendron tulipifera, ,4,7,21,26,1,0, ,3758330,280803
3126,3334,7210,2018-04-25,0,Tulip Poplar, ,Liriodendron tulipifera, ,3,5,19,22,1,0, ,3758360,280811
3127,3335,7211,2018-04-25,0,Tulip Poplar, ,Liriodendron tulipifera, ,7,10,36,41,1,0, ,3758360,280802
3128,3336,7212,2018-04-27,0,Red Maple, ,Acer rubrum, ,11,13,31,36,1,0, ,3758400,280659
3129,3337,7213,2018-04-27,0,Sawtooth Oak, ,Quercus acutissima, ,13,16,33,38,1,0, ,3758420,280674
3130,3338,7214,2018-04-27,0,Sawtooth Oak, ,Quercus acutissima, ,11,14,29,35,1,0, ,3758440,280667
3131,3339,7215,2018-04-27,0,Baldcypress, ,Taxodium distichum, ,12,16,37,47,1,0, ,3758410,280683
3132,3340,7216,2018-04-27,0,Baldcypress, ,Taxodium distichum, ,10,11,39,43,1,0, ,3758400,280688
3133,3341,7217,2018-04-27,0,Baldcypress, ,Taxodium distichum, ,10,11,36,40,1,0, ,3758400,280690
3134,3342,7218,2018-04-27,0,Baldcypress, ,Taxodium distichum, ,11,12,32,37,1,0, ,3758400,280690
3135,3343,7219,2018-04-27,0,Baldcypress, ,Taxodium distichum, ,10,13,29,38,1,0, ,3758390,280687
3136,3344,7220,2018-04-27,0,Baldcypress, ,Taxodium distichum, ,11,15,34,42,1,0, ,3758390,280683
3137,3345,7221,2018-04-27,0,Baldcypress, ,Taxodium distichum, ,12,16,36,45,1,0, ,3758390,280678
3138,3346,7222,2018-04-27,0,Baldcypress, ,Taxodium distichum, ,11,13,42,46,1,0, ,3758390,280678
3139,3347,7223,2018-04-27,0,Baldcypress, ,Taxodium distichum, ,10,13,42,48,1,0, ,3758400,280681
3140,3348,7224,2018-04-27,0,Baldcypress, ,Taxodium distichum, ,6,9,31,38,1,0, ,3758400,280684
3141,3349,7225,2018-04-27,0,Flowering Dogwood, ,Cornus florida, ,1,3,4,18,1,0, ,3758380,280677
3142,3350,7226,2018-04-27,0,Flowering Dogwood, ,Cornus florida, ,1,2,7,16,1,0, ,3758380,280682
3143,3351,7227,2018-04-27,0,Flowering Dogwood, ,Cornus florida, ,1,3,8,22,1,0, ,3758370,280673
3144,3352,7228,2018-04-27,0,Chinese Elm, ,Ulmus parviflora, ,25,35,45,58,1,0, ,3758360,280668
3145,3353,7229,2018-04-27,0,Chinese Elm, ,Ulmus parviflora, ,25,36,47,58,1,0, ,3758360,280658
3146,3354,7230,2018-04-27,0,Sawtooth Oak, ,Quercus acutissima, ,48,53,57,64,1,0, ,3758380,280696
3147,3355,7231,2018-04-27,0,Sawtooth Oak, ,Quercus acutissima, ,18,20,44,49,1,0, ,3758360,280716
3148,3356,7232,2018-04-27,0,Baldcypress, ,Taxodium distichum, ,11,13,33,40,1,0, ,3758340,280717
3149,3357,7233,2018-04-27,0,Baldcypress, ,Taxodium distichum, ,10,11,31,36,1,0, ,3758340,280720
3150,3358,7234,2018-04-27,0,Baldcypress, ,Taxodium distichum, ,13,16,33,41,1,0, ,3758330,280721
3151,3359,7235,2018-04-27,0,Baldcypress, ,Taxodium distichum, ,13,17,39,45,1,0, ,3758340,280715
3152,3360,7236,2018-04-27,0,Baldcypress, ,Taxodium distichum, ,12,16,42,47,1,0, ,3758340,280710
3153,3361,7237,2018-04-27,0,Baldcypress, ,Taxodium distichum, ,9,11,32,38,1,0, ,3758340,280714
3154,3362,7238,2018-04-25,0,Yaupon, ,Ilex vomitoria, ,4,5,13,17,1,0, ,3758340,280738
3155,3363,7239,2018-04-25,0,Yaupon, ,Ilex vomitoria, ,4,6,15,18,1,0, ,3758340,280740
3156,3364,7240,2018-04-25,0,Yaupon, ,Ilex vomitoria, ,4,6,15,18,1,0, ,3758340,280741
3157,3365,7241,2018-04-25,0,Yaupon, ,Ilex vomitoria, ,4,5,16,19,1,0, ,3758360,280746
3158,3366,7242,2018-04-25,0,Yaupon, ,Ilex vomitoria, ,4,4,16,18,1,0, ,3758360,280748
3159,3367,7243,2018-04-25,0,Yaupon, ,Ilex vomitoria, ,5,6,14,20,1,0, ,3758360,280745
3160,3368,7244,2018-04-25,0,Yaupon, ,Ilex vomitoria, ,5,7,14,22,1,0, ,3758370,280742
3161,3369,7245,2018-04-25,-99,Sweetgum, ,Liquidambar styraciflua, ,5,0,18,0,1,0, ,3758370,280740
3162,3370,7246,2018-04-25,0,Sweetgum, ,Liquidambar styraciflua, ,8,11,35,41,1,0, ,3758370,280750
3163,3371,7247,2018-04-25,0,Red Maple, ,Acer rubrum, ,9,10,32,32,1,0, ,3758350,280736
3164,3372,7248,2018-04-25,0,Red Maple, ,Acer rubrum, ,8,9,28,34,1,0, ,3758360,280734
3165,3373,7249,2018-04-25,-99,Red Maple, ,Acer rubrum, ,6,0,28,0,1,0, ,3758360,280730
3166,3374,7250,2018-04-25,0,Red Maple, ,Acer rubrum, ,9,10,30,34,1,0, ,3758390,280715
3167,3375,7251,2018-04-25,0,Red Maple, ,Acer rubrum, ,7,11,23,32,1,0, ,3758410,280710
3168,3376,7252,2018-04-25,0,Yaupon, ,Ilex vomitoria, ,3,5,15,22,1,0, ,3758410,280701
3169,3377,7253,2018-04-25,0,Yaupon, ,Ilex vomitoria, ,4,6,15,21,1,0, ,3758420,280704
3170,3378,7254,2018-04-25,0,Yaupon, ,Ilex vomitoria, ,4,6,16,22,1,0, ,3758420,280701
3171,3379,7255,2018-04-25,-99,Seedless Sweetgum, ,Liquidambar styraciflua, ,7,0,25,0,1,0, ,3758410,280716
3172,3380,7256,2018-04-25,0,Seedless Sweetgum, ,Liquidambar styraciflua, ,9,12,35,41,1,0, ,3758400,280722
3173,3381,7257,2018-04-25,0,Sweetgum, ,Liquidambar styraciflua, ,8,10,34,39,1,0, ,3758410,280726
3174,3382,7258,2018-04-25,0,Yaupon, ,Ilex vomitoria, ,4,6,14,20,1,0, ,3758410,280724
3175,3383,7259,2018-04-25,0,Yaupon, ,Ilex vomitoria, ,4,5,12,17,1,0, ,3758410,280723
3176,3384,7260,2018-04-25,0,Yaupon, ,Ilex vomitoria, ,3,4,11,16,1,0, ,3758400,280722
3177,3385,7261,2018-04-25,0,Yaupon, ,Ilex vomitoria, ,4,5,12,18,1,0, ,3758410,280719
3178,3386,7262,2018-04-25,0,Yaupon, ,Ilex vomitoria, ,4,5,14,19,1,0, ,3758410,280718
3179,3387,7263,2018-04-25,0,Yaupon, ,Ilex vomitoria, ,2,3,10,15,1,0, ,3758410,280721
3180,3388,7264,2018-04-25,0,Loblolly Pine, ,Pinus taeda, ,18,23,48,54,1,0, ,3758460,280700
3181,3389,7265,2018-04-25,0,Loblolly Pine, ,Pinus taeda, ,5,9,26,32,1,0, ,3758460,280703
3182,3390,7266,2018-04-25,0,Shortleaf Pine, ,Pinus echinata, ,2,6,9,30,1,0, ,3758460,280697
3183,3391,7267,2018-04-25,0,Southern Magnolia, ,Magnolia grandiflora, ,10,12,21,25,1,0, ,3758460,280700
3184,3392,7268,2018-04-25,0,Southern Magnolia, ,Magnolia grandiflora, ,10,12,30,34,1,0, ,3758480,280700
3185,3393,7269,2018-04-25,0,Southern Magnolia, ,Magnolia grandiflora, ,8,10,25,30,1,0, ,3758480,280706
3186,3394,7270,2018-04-25,0,Loblolly Pine, ,Pinus taeda, ,18,23,52,61,1,0, ,3758470,280702
3187,3395,7271,2018-04-25,0,White Mulberry, ,Morus alba, ,11,21,37,44,1,0, ,3758480,280705
3188,3396,7272,2018-04-25,0,Loblolly Pine, ,Pinus taeda, ,6,10,44,51,1,0, ,3758470,280708
3189,3397,7273,2018-04-25,0,Loblolly Pine, ,Pinus taeda, ,9,15,45,55,1,0, ,3758470,280712
3190,3398,7274,2018-04-25,0,Loblolly Pine, ,Pinus taeda, ,15,18,43,50,1,0, ,3758480,280709
3191,3399,7275,2018-04-27,0,Red Maple, ,Acer rubrum, ,8,9,26,29,1,0, ,3758410,280615
3192,3468,7346,2018-04-25,0,Loblolly Pine, ,Pinus taeda, ,19,25,45,57,1,0, ,3758310,280819
3193,3469,7347,2018-04-25,0,Loblolly Pine, ,Pinus taeda, ,17,23,46,54,1,0, ,3758320,280823
3194,3470,7348,2018-04-25,0,Loblolly Pine, ,Pinus taeda, ,14,17,47,53,1,0, ,3758320,280824
3195,3471,7349,2018-04-25,0,Loblolly Pine, ,Pinus taeda, ,12,15,43,51,1,0, ,3758320,280826
3196,3472,7350,2018-04-25,0,Loblolly Pine, ,Pinus taeda, ,11,13,47,50,1,0, ,3758320,280827
3197,3473,7351,2018-04-25,0,Loblolly Pine, ,Pinus taeda, ,15,18,47,56,1,0, ,3758330,280826
3198,3474,7352,2018-04-25,0,Loblolly Pine, ,Pinus taeda, ,14,17,49,55,1,0, ,3758330,280828
3199,3475,7353,2018-04-25,0,Loblolly Pine, ,Pinus taeda, ,12,14,51,55,1,0, ,3758330,280833
3200,3476,7354,2018-04-25,0,Loblolly Pine, ,Pinus taeda, ,13,17,54,59,1,0, ,3758330,280833
3201,3477,7355,2018-04-25,0,Loblolly Pine, ,Pinus taeda, ,14,20,47,54,1,0, ,3758340,280834
3202,3478,7356,2018-04-25,0,Tulip Poplar, ,Liriodendron tulipifera, ,9,11,41,48,1,0, ,3758390,280837
3203,3479,7357,2018-04-25,-99,Red Maple, ,Acer rubrum, ,8,0,40,0,1,0, ,3758400,280820
3204,3480,7358,2018-04-25,-99,Red Maple, ,Acer rubrum, ,9,0,31,0,1,0, ,3758400,280819
3205,3481,7359,2018-04-25,0,Red Maple, ,Acer rubrum, ,9,12,37,43,1,0, ,3758400,280817
3206,3482,7360,2018-04-25,0,Red Maple, ,Acer rubrum, ,9,10,38,40,1,0, ,3758400,280815
3207,3483,7361,2018-04-25,0,Willow Oak, ,Quercus phellos, ,14,18,44,47,1,0, ,3758420,280804
3208,3484,7362,2018-04-25,0,Willow Oak, ,Quercus phellos, ,14,18,41,48,1,0, ,3758430,280800
3209,3485,7363,2018-04-25,0,Willow Oak, ,Quercus phellos, ,12,19,42,51,1,0, ,3758440,280772
3210,3486,7364,2018-04-25,0,Willow Oak, ,Quercus phellos, ,11,14,36,43,1,0, ,3758430,280770
3211,3487,7365,2018-04-25,0,Willow Oak, ,Quercus phellos, ,13,19,42,50,1,0, ,3758450,280764
3212,3488,7366,2018-04-25,0,Red Maple, ,Acer rubrum, ,10,13,30,33,1,0, ,3758460,280773
3213,3489,7367,2018-04-25,0,Red Maple, ,Acer rubrum, ,12,15,30,36,1,0, ,3758460,280776
3214,3490,7368,2018-04-25,0,Red Maple, ,Acer rubrum, ,11,14,30,34,1,0, ,3758460,280779
3215,3491,7369,2018-04-25,0,River Birch, ,Betula nigra, ,7,10,33,35,1,0, ,3758410,280779
3216,3492,7370,2018-04-25,0,River Birch, ,Betula nigra, ,13,16,31,36,1,0, ,3758420,280778
3217,3493,7371,2018-04-25,0,Red Maple, ,Acer rubrum, ,7,9,34,38,1,0, ,3758410,280775
3218,3494,7372,2018-04-25,0,Red Maple, ,Acer rubrum, ,7,9,35,38,1,0, ,3758410,280774
3219,3495,7373,2018-04-25,0,River Birch, ,Betula nigra, ,11,14,36,42,1,0, ,3758430,280754
3220,3496,7374,2018-04-25,-99,River Birch, ,Betula nigra, ,9,0,43,0,1,0, ,3758450,280755
3221,3497,7375,2018-04-25,0,River Birch, ,Betula nigra, ,10,13,42,49,1,0, ,3758460,280756
3222,3498,7376,2018-04-25,0,Scarlet Oak, ,Quercus coccinea, ,23,29,61,70,1,0, ,3758470,280780
3223,3499,7377,2018-05-01,0,Loblolly Pine, ,Pinus taeda, ,28,32,98,100,1,0, ,3758440,280844
3224,3500,7378,2018-04-11,0,Autumn Sunset Serviceberry, ,Amelanchier x grandiflora, ,1,2,11,15,1,0, ,3758560,280552
3225,3501,7379,2018-04-11,0,Eastern Redcedar, ,Juniperus virginiana, ,3,5,11,22,1,0, ,3758560,280549
3226,3502,7380,2018-04-11,0,Eastern Redcedar, ,Juniperus virginiana, ,3,5,13,23,1,0, ,3758570,280548
3227,3503,7381,2018-04-11,0,Estern Redcedar, ,Juniperus virginiana, ,4,6,13,24,1,0, ,3758570,280550
3228,3504,7382,2018-04-11,-99,Eastern Redcedar, ,Juniperus virginiana, ,3,0,9,0,1,0, ,3758570,280551
3229,3505,7383,2018-04-11,0,Willow Oak, ,Quercus phellos, ,6,14,29,44,1,0, ,3758580,280552
3230,3506,7384,2018-04-11,0,Willow Oak, ,Quercus phellos, ,6,14,28,42,1,0, ,3758590,280555
3231,3507,7385,2018-04-11,0,European Hornbeam, ,Carpinus betulus, ,3,5,18,25,1,0, ,3758590,280559
3232,3508,7386,2018-04-11,0,European Hornbeam, ,Carpinus betulus, ,3,5,16,24,1,0, ,3758590,280562
3233,3509,7387,2018-04-11,0,European Hornbeam, ,Carpinus betulus, ,3,5,17,25,1,0, ,3758590,280566
3234,3510,7388,2018-04-11,0,European Hornbeam, ,Carpinus betulus, ,3,5,18,26,1,0, ,3758590,280571
3235,3511,7389,2018-04-11,0,European Hornbeam, ,Carpinus betulus, ,3,6,16,27,1,0, ,3758590,280575
3236,3512,7390,2018-04-11,0,European Hornbeam, ,Carpinus betulus, ,3,6,14,25,1,0, ,3758590,280578
3237,3513,7391,2018-04-11,0,European Hornbeam, ,Carpinus betulus, ,3,4,16,22,1,0, ,3758590,280572
3238,3514,7392,2018-04-11,0,European Hornbeam, ,Carpinus betulus, ,2,4,14,23,1,0, ,3758590,280567
3239,3515,7393,2018-04-11,0,European Hornbeam, ,Carpinus betulus, ,3,5,14,25,1,0, ,3758590,280563
3240,3516,7394,2018-04-11,0,European Hornbeam, ,Carpinus betulus, ,4,6,18,27,1,0, ,3758600,280560
3241,3517,7395,2018-04-11,-99,Hollywood Juniper, ,Juniperus chinensis, ,10,0,25,0,1,0, ,3758590,280576
3242,3518,7396,2018-04-11,-99,Hollywood Juniper, ,Juniperus chinensis, ,9,0,27,0,1,0, ,3758590,280589
3243,3519,7398,2018-04-19,0,Slash Pine, ,Pinus elliottii, ,7,10,40,47,1,0, ,3758570,280577
3244,3520,7399,2018-04-19,0,Slash Pine, ,Pinus elliottii, ,5,6,38,41,1,0, ,3758570,280579
3245,3521,7400,2018-04-19,0,Slash Pine, ,Pinus elliottii, ,8,11,49,54,1,0, ,3758570,280585
3246,3522,7401,2018-04-19,0,Slash Pine, ,Pinus elliottii, ,8,11,48,54,1,0, ,3758580,280587
3247,3523,7402,2018-04-19,0,Slash Pine, ,Pinus elliottii, ,5,9,36,42,1,0, ,3758580,280591
3248,3524,7403,2018-04-19,0,Slash Pine, ,Pinus elliottii, ,5,10,40,49,1,0, ,3758580,280596
3249,3525,7404,2018-04-11,0,Foster Holly, ,Ilex x attenuata 'Fosteri', ,5,10,27,32,1,0, ,3758610,280615
3250,3526,7405,2018-04-11,0,Foster Holly, ,Ilex x attenuata 'Fosteri', ,5,7,27,30,1,0, ,3758610,280614
3251,3527,7406,2018-05-01,0,Common Crapemyrtle, ,Lagerstroemia x, ,2,3,14,18,1,0, ,3758600,280638
3252,3528,7407,2018-05-01,0,Common Crapemyrtle, ,Lagerstroemia x, ,2,3,15,19,1,0, ,3758590,280636
3253,3529,7408,2018-04-19,0,Eastern Hophornbeam, ,Ostrya virgiana, ,4,5,25,27,1,0, ,3758580,280659
3254,3530,7409,2018-04-19,0,Eastern Hophornbeam, ,Ostrya virgiana, ,4,7,24,30,1,0, ,3758580,280660
3255,3531,7410,2018-04-19,0,Eastern Hophornbeam, ,Ostrya virgiana, ,4,5,22,28,1,0, ,3758590,280661
3256,3532,7411,2018-04-19,0,Red Maple, ,Acer rubrum, ,10,13,39,44,1,0, ,3758560,280647
3257,3533,7412,2018-04-19,0,Loblolly Pine, ,Pinus taeda, ,4,7,23,34,1,0, ,3758570,280643
3258,3534,7413,2018-04-19,0,Loblolly Pine, ,Pinus taeda, ,4,6,22,31,1,0, ,3758570,280645
3259,3535,7414,2018-04-19,0,Loblolly Pine, ,Pinus taeda, ,4,6,22,30,1,0, ,3758570,280648
3260,3536,7415,2018-04-19,0,Loblolly Pine, ,Pinus taeda, ,4,7,20,34,1,0, ,3758570,280650
3261,3537,7416,2018-04-19,0,Flowering Dogwood, ,Cornus florida, ,1,1,8,10,1,0, ,3758540,280564
3262,3538,7417,2018-04-19,-99,Flowering Dogwood, ,Cornus florida, ,1,0,7,0,1,0, ,3758540,280560
3263,3539,7418,2018-04-19,-99,Flowering Dogwood, ,Cornus florida, ,1,0,8,0,1,0, ,3758540,280555
3264,3540,7419,2018-04-19,-99,Flowering Dogwood, ,Cornus florida, ,1,0,9,0,1,0, ,3758540,280552
3265,3541,7420,2018-04-19,-99,Flowering Dogwood, ,Cornus florida, ,1,0,7,0,1,0, ,3758550,280545
3266,3542,7421,2018-04-19,0,Eastern Redcedar, ,Juniperus virginiana, ,3,9,11,27,1,0, ,3758550,280541
3267,3543,7422,2010-11-19,0,Flowering Dogwood, ,Cornus florida, ,4,0,16,0,1,0, ,3758550,280545
3268,3544,7423,2018-04-19,-99,Flowering Dogwood, ,Cornus florida, ,4,0,17,0,1,0, ,3758550,280549
3269,3545,7424,2010-11-19,0,Flowering Dogwood, ,Cornus florida, ,5,0,20,0,1,0, ,3758550,280553
3270,3546,7425,2018-04-19,0,Flowering Dogwood, ,Cornus florida, ,1,2,8,11,1,0, ,3758550,280550
3271,3547,7426,2018-04-19,0,Flowering Dogwood, ,Cornus florida, ,5,7,24,30,1,0, ,3758550,280554
3272,3548,7427,2018-04-19,0,Flowering Dogwood, ,Cornus florida, ,3,5,13,21,1,0, ,3758550,280559
3273,3549,7428,2018-04-19,0,Flowering Dogwood, ,Cornus florida, ,4,5,13,20,1,0, ,3758550,280563
3274,3550,7429,2018-04-19,0,Flowering Dogwood, ,Cornus florida, ,4,6,20,24,1,0, ,3758550,280564
3275,3551,7430,2018-04-19,0,Scarlet Oak, ,Quercus coccinea, ,7,15,30,43,1,0, ,3758540,280542
3276,3552,7431,2018-04-16,0,Swamp Chestnut Oak, ,Quercus michauxii, ,6,10,20,38,1,0, ,3758550,280521
3277,3553,7432,2018-04-16,0,Flowering Dogwood, ,Cornus florida, ,4,6,18,24,1,0, ,3758550,280535
3278,3554,7433,2018-04-16,-99,Flowering Dogwood, ,Cornus florida, ,4,0,18,0,1,0, ,3758550,280537
3279,3555,7434,2018-04-16,0,Flowering Dogwood, ,Cornus florida, ,3,5,13,20,1,0, ,3758550,280532
3280,3556,7435,2018-04-27,0,Chinese Elm, ,Ulmus parviflora, ,4,8,23,36,1,0, ,3758390,280516
3281,3557,7436,2018-04-27,0,Chinese Elm, ,Ulmus parviflora, ,4,9,22,37,1,0, ,3758390,280509
3282,3558,7437,2018-04-27,0,Chinese Elm, ,Ulmus parviflora, ,4,9,16,32,1,0, ,3758400,280510
3283,3559,7438,2018-04-16,0,Chinese Elm, ,Ulmus parviflora, ,4,9,23,32,1,0, ,3758400,280497
3284,3560,7439,2018-04-16,0,Chinese Elm, ,Ulmus parviflora, ,4,9,22,31,1,0, ,3758400,280486
3285,3561,7440,2010-11-19,0,Zelkova serrata, ,Zelkova serrata, ,18,20,45,51,1,0, ,3758410,280497
3286,3562,7441,2018-04-16,0,Zelkova serrata, ,Zelkova serrata, ,18,21,41,46,1,0, ,3758410,280491
3287,3563,7442,2018-04-16,0,Hazel Alder, ,Alnus serrulata, ,1,1,11,15,1,0, ,3758410,280500
3288,3564,7443,2018-04-16,0,yellowwood, ,Cladrastis kentukea, ,2,8,14,31,1,0, ,3758450,280502
3289,3565,7445,2018-04-16,0,Shumard Oak, ,Quercus shumardii, ,6,14,23,39,1,0, ,3758430,280473
3290,3566,7446,2018-04-16,0,Fringe Tree, ,Chionanthus virginicus, ,1,2,6,8,1,0, ,3758400,280477
3291,3567,7447,2018-04-16,0,Fringe Tree, ,Chionanthus virginicus, ,1,2,6,10,1,0, ,3758400,280475
3292,3568,7448,2018-04-16,0,Fringe Tree, ,Chionanthus virginicus, ,1,2,7,9,1,0, ,3758400,280474
3293,3569,7449,2018-04-16,0,Red Maple, ,Acer rubrum, ,4,9,19,34,1,0, ,3758400,280459
3294,3570,7450,2018-04-16,0,Red Maple, ,Acer rubrum, ,4,9,19,34,1,0, ,3758410,280466
3295,3571,7451,2018-04-16,0,Willow Oak, ,Quercus phellos, ,4,7,18,33,1,0, ,3758450,280490
3296,3572,7452,2018-04-16,0,Overcup Oak, ,Quercus lyrata, ,2,7,16,29,1,0, ,3758470,280495
3297,3573,7453,2018-04-16,0,Shumard Oak, ,Quercus shumardii, ,2,3,15,18,1,0, ,3758460,280506
3298,3574,7456,2010-11-19,0,Shumard Oak, ,Quercus shumardii, ,10,0,39,0,1,0, ,3758460,280518
3299,3575,7457,2018-04-27,0,Chalk Maple, ,Acer leucoderme, ,7,7,29,31,1,0, ,3758460,280527
3300,3576,7458,2018-04-27,0,American Holly, ,Ilex opaca, ,5,7,18,27,1,0, ,3758460,280534
3301,3577,7459,2018-04-27,-99,Downey Serviceberry, ,Amelanchier arborea, ,2,0,19,0,1,0, ,3758480,280552
3302,3578,7460,2018-04-27,0,Sweetbay Magnolia, ,Magnolia virginiana, ,2,4,18,32,1,0, ,3758480,280543
3303,3579,7461,2018-04-27,0,Blackgum, ,Nyssa sylvatica, ,5,7,22,30,1,0, ,3758470,280543
3304,3580,7462,2018-04-27,0,Red Maple, ,Acer rubrum, ,5,9,39,45,1,0, ,3758470,280541
3305,3581,7463,2018-04-27,0,Sweetbay Magnolia, ,Magnolia virginiana, ,4,7,27,33,1,0, ,3758470,280535
3306,3582,7464,2018-04-27,0,Red Maple, ,Acer rubrum, ,5,6,26,30,1,0, ,3758470,280530
3307,3583,7465,2018-04-27,-99,Red Maple, ,Acer rubrum, ,5,0,34,0,1,0, ,3758470,280527
3308,3584,7466,2018-04-27,0,Red Maple, ,Acer rubrum, ,8,11,36,41,1,0, ,3758470,280522
3309,3585,7467,2018-04-16,0,Autumn Sunset Serviceberry, ,Amelanchier x grandiflora, ,3,4,14,18,1,0, ,3758480,280524
3310,3586,7468,2018-04-16,0,Nuttall Oak, ,Quercus nutallii, ,3,7,18,32,1,0, ,3758490,280501
3311,3587,7469,2018-04-16,0,Bur Oak, ,Quercus macrocarpa, ,4,7,14,34,1,0, ,3758480,280497
3312,3588,7470,2018-04-16,0,Nuttall Oak, ,Quercus nutallii, ,4,10,19,32,1,0, ,3758490,280514
3313,3589,7471,2018-04-16,-99,White Oak, ,Quercus alba, ,11,0,27,0,1,0, ,3758480,280512
3314,3590,7472,2018-04-16,0,Overcup Oak, ,Quercus lyrata, ,6,11,21,35,1,0, ,3758500,280505
3315,3591,7473,2018-04-16,0,Overcup Oak, ,Quercus lyrata, ,3,6,16,27,1,0, ,3758520,280510
3316,3592,7474,2018-04-16,0,Overcup Oak, ,Quercus lyrata, ,3,10,17,33,1,0, ,3758510,280519
3317,3593,7475,2018-04-16,0,American Holly, ,Ilex opaca, ,7,9,24,29,1,0, ,3758510,280531
3318,3594,7476,2018-04-16,0,Autumn Sunset Serviceberry, ,Amelanchier x grandiflora, ,2,4,17,24,1,0, ,3758520,280533
3319,3595,7477,2018-04-16,0,Overcup Oak, ,Quercus lyrata, ,6,12,24,36,1,0, ,3758530,280542
3320,3596,7478,2018-04-19,0,Chalk Maple, ,Acer leucoderme, ,4,9,21,37,1,0, ,3758520,280553
3321,3597,7479,2018-04-16,0,Flowering Dogwood, ,Cornus florida, ,2,4,13,23,1,0, ,3758530,280544
3322,3598,7480,2018-04-16,0,Flowering Dogwood, ,Cornus florida, ,2,3,15,19,1,0, ,3758530,280539
3323,3599,7481,2018-04-16,0,Swamp Chestnut Oak, ,Quercus michauxii, ,7,14,24,37,1,0, ,3758530,280537
3324,3600,7482,2018-04-16,0,Sugar Maple, ,Acer saccharum, ,15,17,46,51,1,0, ,3758540,280532
3325,3601,7483,2018-04-16,-99,Fringe Tree, ,Chionanthus virginicus, ,1,0,6,0,1,0, ,3758540,280525
3326,3602,7484,2018-04-16,0,Autumn Sunset Serviceberry, ,Amelanchier x grandiflora, ,2,3,11,12,1,0, ,3758530,280526
3327,3603,7485,2018-04-16,-99,Shumard Oak, ,Quercus shumardii, ,2,0,14,0,1,0, ,3758520,280523
3328,3604,7486,2018-04-16,0,Shumard Oak, ,Quercus shumardii, ,5,11,27,40,1,0, ,3758540,280516
3329,3605,7487,2018-04-13,0,Red Maple, ,Acer rubrum, ,4,7,17,27,1,0, ,3758560,280503
3330,3606,7488,2018-04-13,0,Eastern Redbud, ,Cercis canadensis, ,3,4,15,18,1,0, ,3758560,280504
3331,3607,7489,2018-04-13,0,Eastern Redbud, ,Cercis canadensis, ,2,3,14,17,1,0, ,3758560,280508
3332,3608,7490,2018-04-13,0,Eastern Redbud, ,Cercis canadensis, ,2,3,13,18,1,0, ,3758560,280512
3333,3609,7491,2018-04-13,0,Eastern Redbud, ,Cercis canadensis, ,1,3,14,17,1,0, ,3758560,280510
3334,3610,7492,2018-04-13,-99,Eastern Redbud, ,Cercis canadensis, ,9,0,22,0,1,0, ,3758550,280506
3335,3611,7493,2018-04-13,0,Kousa Dogwood, ,Cornus kousa, ,4,6,14,21,1,0, ,3758540,280508
3336,3612,7494,2018-04-13,0,Kousa Dogwood, ,Cornus kousa, ,3,5,14,20,1,0, ,3758540,280503
3337,3613,7495,2018-04-13,0,Kousa Dogwood, ,Cornus kousa, ,4,7,16,24,1,0, ,3758550,280504
3338,3614,7496,2018-04-13,0,Water Oak, ,Quercus nigra, ,42,44,74,78,1,0, ,3758540,280502
3339,3615,7497,2018-04-13,0,Pin Oak, ,Quercus palustris, ,6,15,31,43,1,0, ,3758520,280496
3340,3616,7498,2018-04-13,0,Southern Red Oak, ,Quercus falcata, ,6,14,28,40,1,0, ,3758510,280494
3341,3617,7499,2018-04-13,-99,Japanese Maple, ,Acer palmatum, ,3,0,10,0,1,0, ,3758490,280485
3342,3618,7500,2018-04-13,0,Flowering Dogwood, ,Cornus florida, ,3,4,18,25,1,0, ,3758480,280481
3343,3619,7501,2018-04-13,0,Flowering Dogwood, ,Cornus florida, ,1,3,13,20,1,0, ,3758460,280475
3344,3620,7502,2018-04-16,-99,Witch Hazel, ,Hamamelis virginiana, ,1,0,6,0,1,0, ,3758390,280484
3345,3621,7503,2018-04-16,-99,Witch Hazel, ,Hamamelis virginiana, ,1,0,7,0,1,0, ,3758390,280483
3346,3622,7504,2018-04-16,-99,Fringe Tree, ,Chionanthus virginicus, ,1,0,6,0,1,0, ,3758390,280480
3347,3623,7505,2018-04-16,0,Chinese Pistache, ,Pistacia chinensis, ,9,14,24,31,1,0, ,3758390,280487
3348,3624,7506,2018-04-16,-99,Fringe Tree, ,Chionanthus virginicus, ,1,0,7,0,1,0, ,3758380,280481
3349,3625,7507,2018-04-16,0,Chinese Elm, ,Ulmus parviflora, ,13,16,28,33,1,0, ,3758380,280476
3350,3626,7508,2010-11-19,0,Tulip Poplar, ,Liriodendron tulipifera, ,5,0,22,0,1,0, ,3758380,280480
3351,3627,7509,2018-04-16,0,Tulip Poplar, ,Liriodendron tulipifera, ,3,10,15,40,1,0, ,3758380,280474
3352,3628,7510,2010-11-19,0,Fringe Tree, ,Chionanthus virginicus, ,1,0,12,0,1,0, ,3758380,280478
3353,3629,7511,2010-11-19,0,Fringe Tree, ,Chionanthus virginicus, ,2,0,10,0,1,0, ,3758370,280477
3354,3630,7512,2018-04-16,-99,Fringe Tree, ,Chionanthus virginicus, ,2,0,13,0,1,0, ,3758360,280475
3355,3631,7513,2010-11-19,0,Fringe Tree, ,Chionanthus virginicus, ,1,0,14,0,1,0, ,3758370,280475
3356,3632,7514,2018-04-16,0,Tulip Poplar, ,Liriodendron tulipifera, ,4,9,23,34,1,0, ,3758370,280476
3357,3633,7515,2018-04-16,0,Tulip Poplar, ,Liriodendron tulipifera, ,18,19,42,48,1,0, ,3758360,280473
3358,3634,7516,2018-04-16,0,Tulip Poplar, ,Liriodendron tulipifera, ,5,6,24,29,1,0, ,3758350,280467
3359,3635,7517,2018-04-16,0,Tulip Poplar, ,Liriodendron tulipifera, ,4,6,23,28,1,0, ,3758350,280464
3360,3636,7518,2018-04-16,-99,Tulip Poplar, ,Liriodendron tulipifera, ,2,0,15,0,1,0, ,3758340,280460
3361,3637,7519,2018-04-16,0,Tulip Poplar, ,Liriodendron tulipifera, ,23,24,57,59,1,0, ,3758350,280470
3362,3638,7520,2018-04-16,0,Tulip Poplar, ,Liriodendron tulipifera, ,17,19,52,57,1,0, ,3758340,280466
3363,3639,7522,2018-04-16,0,Tulip Poplar, ,Liriodendron tulipifera, ,21,22,71,73,1,0, ,3758320,280459
3364,3640,7523,2018-04-16,0,Tulip Poplar, ,Liriodendron tulipifera, ,18,21,72,75,1,0, ,3758310,280456
3365,3641,7524,2018-04-16,0,Tulip Poplar, ,Liriodendron tulipifera, ,20,22,75,78,1,0, ,3758300,280453
3366,3642,7525,2018-04-16,0,Tulip Poplar, ,Liriodendron tulipifera, ,3,4,17,20,1,0, ,3758300,280446
3367,3643,7528,2018-04-13,-99,Yaupon, ,Ilex vomitoria, ,3,0,9,0,1,0, ,3758300,280403
3368,3644,7529,2018-04-13,-99,Yaupon, ,Ilex vomitoria, ,2,0,11,0,1,0, ,3758300,280402
3369,3645,7530,2018-04-13,-99,Chinese Flametree, ,Koelreuteria bipinnata, ,12,0,28,0,1,0, ,3758300,280406
3370,3646,7531,2018-04-13,0,Pin Oak, ,Quercus palustris, ,20,22,45,49,1,0, ,3758280,280401
3371,3647,7532,2018-04-13,-99,Yoshino Cherry, ,Prunus yedoensis, ,3,0,15,0,1,0, ,3758290,280406
3372,3648,7533,2018-04-13,-99,Yoshino Cherry, ,Prunus yedoensis, ,5,0,15,0,1,0, ,3758290,280409
3373,3649,7534,2018-04-13,0,Yoshino Cherry, ,Prunus yedoensis, ,4,7,17,26,1,0, ,3758290,280411
3374,3650,7535,2018-04-13,-99,Yoshino Cherry, ,Prunus yedoensis, ,2,0,14,0,1,0, ,3758290,280412
3375,3651,7536,2018-04-16,-99,Tulip Poplar, ,Liriodendron tulipifera, ,3,0,23,0,1,0, ,3758300,280427
3376,3652,7537,2010-11-19,0,Tulip Poplar, ,Liriodendron tulipifera, ,3,0,19,0,1,0, ,3758380,280445
3377,3653,7538,2018-04-16,0,Tulip Poplar, ,Liriodendron tulipifera, ,2,6,13,29,1,0, ,3758380,280455
3378,3654,7539,2018-04-13,0,Southern Magnolia, ,Magnolia grandiflora, ,1,3,11,20,1,0, ,3758390,280449
3379,3655,7540,2018-04-13,0,Southern Magnolia, ,Magnolia grandiflora, ,1,2,7,11,1,0, ,3758390,280447
3380,3656,7541,2018-04-13,0,Southern Magnolia, ,Magnolia grandiflora, ,1,2,12,19,1,0, ,3758390,280451
3381,3657,7542,2018-04-13,0,Southern Magnolia, ,Magnolia grandiflora, ,1,2,12,21,1,0, ,3758400,280448
3382,3658,7543,2018-04-13,0,Southern Magnolia, ,Magnolia grandiflora, ,1,2,9,20,1,0, ,3758400,280450
3383,3659,7544,2018-04-13,0,Southern Magnolia, ,Magnolia grandiflora, ,1,3,10,24,1,0, ,3758400,280446
3384,3660,7545,2018-04-13,0,Willow Oak, ,Quercus phellos, ,23,27,71,78,1,0, ,3758390,280443
3385,3661,7546,2018-04-13,0,Red Maple, ,Acer rubrum, ,2,8,17,32,1,0, ,3758420,280460
3386,3662,7547,2018-04-13,0,Lusterleaf Holly, ,Ilex latifolia, ,1,3,10,20,1,0, ,3758410,280451
3387,3663,7548,2018-04-13,0,Japanese Maple, ,Acer palmatum, ,1,2,7,10,1,0, ,3758430,280464
3388,3664,7549,2018-04-13,0,Japanese Maple, ,Acer palmatum, ,1,2,7,12,1,0, ,3758430,280460
3389,3665,7550,2018-04-13,0,Japanese Maple, ,Acer palmatum, ,1,2,7,11,1,0, ,3758440,280456
3390,3666,7551,2018-04-13,0,Japanese Maple, ,Acer palmatum, ,1,3,7,17,1,0, ,3758430,280454
3391,3667,7552,2018-04-13,0,Fringe Tree, ,Chionanthus virginicus, ,2,2,5,5,1,0, ,3758440,280473
3392,3668,7553,2018-04-13,0,Fringe Tree, ,Chionanthus virginicus, ,1,1,4,4,1,0, ,3758440,280470
3393,3669,7554,2018-04-16,0,Chinese Elm, ,Ulmus parviflora, ,6,13,28,38,1,0, ,3758390,280493
3394,3670,7555,2018-04-30,0,Zelkova serrata, ,Zelkova serrata, ,8,13,29,40,1,0, ,3758390,280505
3395,3671,7556,2018-04-30,0,Zelkova serrata, ,Zelkova serrata, ,4,8,21,31,1,0, ,3758380,280512
3396,3672,7557,2018-04-30,0,Zelkova serrata, ,Zelkova serrata, ,6,10,25,33,1,0, ,3758380,280519
3397,3673,7558,2018-04-30,0,Zelkova serrata, ,Zelkova serrata, ,13,20,32,42,1,0, ,3758380,280526
3398,3763,7654,2018-04-27,0,Overcup Oak, ,Quercus lyrata, ,17,19,46,0,1,0, ,3758370,280639
3399,3764,7655,2018-04-27,0,Overcup Oak, ,Quercus lyrata, ,17,19,46,51,1,0, ,3758370,280631
3400,3765,7656,2018-04-27,0,Overcup Oak, ,Quercus lyrata, ,21,23,46,54,1,0, ,3758370,280624
3401,3766,7657,2018-04-27,0,Overcup Oak, ,Quercus lyrata, ,15,16,44,48,1,0, ,3758370,280617
3402,3767,7658,2018-04-27,0,Overcup Oak, ,Quercus lyrata, ,19,20,39,44,1,0, ,3758370,280609
3403,3768,7659,2018-04-27,0,Ginkgo, ,Ginkgo biloba, ,12,16,39,43,1,0, ,3758380,280591
3404,3769,7660,2018-04-27,-99,Bur Oak, ,Quercus macrocarpa, ,17,0,31,0,1,0, ,3758410,280597
3405,3770,7661,2018-04-27,0,Bur Oak, ,Quercus macrocarpa, ,25,29,38,42,1,0, ,3758390,280590
3406,3771,7662,2018-04-27,-99,Longleaf Pine, ,Pinus palustris, ,8,0,39,0,1,0, ,3758380,280586
3407,3772,7663,2018-04-27,-99,Longleaf Pine, ,Pinus palustris, ,6,0,38,0,1,0, ,3758380,280586
3408,3773,7664,2018-04-27,-99,Longleaf Pine, ,Pinus palustris, ,7,0,35,0,1,0, ,3758380,280584
3409,3774,7665,2018-04-27,0,Longleaf Pine, ,Pinus palustris, ,4,7,38,41,1,0, ,3758400,280591
3410,3775,7666,2018-04-27,0,Longleaf Pine, ,Pinus palustris, ,9,14,43,46,1,0, ,3758400,280592
3411,3776,7667,2018-04-27,0,Longleaf Pine, ,Pinus palustris, ,6,9,40,42,1,0, ,3758410,280595
3412,3777,7668,2018-04-27,0,Longleaf Pine, ,Pinus palustris, ,10,14,42,50,1,0, ,3758420,280598
3413,3778,7669,2018-04-27,0,Longleaf Pine, ,Pinus palustris, ,8,12,30,41,1,0, ,3758430,280600
3414,3779,7670,2018-04-27,0,Longleaf Pine, ,Pinus palustris, ,6,7,22,31,1,0, ,3758440,280606
3415,3780,7671,2018-04-27,0,Longleaf Pine, ,Pinus palustris, ,8,13,33,45,1,0, ,3758440,280609
3416,3781,7672,2018-04-27,-99,Water Oak, ,Quercus nigra, ,25,0,60,0,1,0, ,3758450,280596
3417,3782,7673,2018-04-27,0,Yaupon, ,Ilex vomitoria, ,3,4,14,19,1,0, ,3758440,280582
3418,3783,7674,2018-04-27,0,Yaupon, ,Ilex vomitoria, ,4,5,20,23,1,0, ,3758440,280580
3419,3784,7675,2018-04-27,0,Southern Magnolia, ,Magnolia grandiflora, ,7,11,23,38,1,0, ,3758430,280574
3420,3785,7676,2010-11-19,0,Southern Magnolia, ,Magnolia grandiflora, ,8,0,27,0,1,0, ,3758420,280586
3421,3786,7677,2010-11-19,0,Longleaf Pine, ,Pinus palustris, ,10,0,50,0,1,0, ,3758430,280585
3422,3787,7678,2018-04-27,0,Longleaf Pine, ,Pinus palustris, ,9,13,38,44,1,0, ,3758420,280584
3423,3788,7679,2010-11-19,0,Longleaf Pine, ,Pinus palustris, ,9,0,28,0,1,0, ,3758430,280588
3424,3789,7680,2018-04-27,0,Longleaf Pine, ,Pinus palustris, ,10,15,41,50,1,0, ,3758420,280588
3425,3790,7681,2018-04-27,0,Longleaf Pine, ,Pinus palustris, ,9,13,30,41,1,0, ,3758420,280588
3426,3791,7682,2018-04-27,0,Longleaf Pine, ,Pinus palustris, ,5,12,34,39,1,0, ,3758420,280586
3427,3792,7683,2018-04-27,0,Longleaf Pine, ,Pinus palustris, ,9,12,33,43,1,0, ,3758400,280586
3428,3793,7684,2018-04-27,0,Longleaf Pine, ,Pinus palustris, ,7,11,33,40,1,0, ,3758400,280584
3429,3794,7685,2018-04-27,0,Longleaf Pine, ,Pinus palustris, ,9,13,39,45,1,0, ,3758390,280582
3430,3795,7686,2018-04-27,-99,Longleaf Pine, ,Pinus palustris, ,10,0,40,0,1,0, ,3758380,280564
3431,3796,7687,2018-04-27,-99,Longleaf Pine, ,Pinus palustris, ,11,0,42,0,1,0, ,3758380,280559
3432,3797,7688,2018-04-27,-99,Longleaf Pine, ,Pinus palustris, ,10,0,45,0,1,0, ,3758380,280556
3433,3798,7689,2018-04-27,0,Zelkova serrata, ,Zelkova serrata, ,12,16,34,38,1,0, ,3758380,280546
3434,3799,7690,2018-04-27,-99,Common Crapemyrtle, ,Lagerstroemia x, ,4,0,21,0,1,0, ,3758390,280549
3435,3800,7691,2018-04-27,0,Common Crapemyrtle, ,Lagerstroemia x, ,4,4,21,23,1,0, ,3758390,280550
3436,3801,7692,2018-04-27,0,Common Crapemyrtle, ,Lagerstroemia x, ,4,4,17,20,1,0, ,3758400,280552
3437,3802,7693,2018-04-27,0,Red Maple, ,Acer rubrum, ,2,5,17,26,1,0, ,3758410,280562
3438,3803,7694,2018-04-27,0,Red Maple, ,Acer rubrum, ,2,6,17,27,1,0, ,3758410,280563
3439,3804,7695,2018-04-27,0,Red Maple, ,Acer rubrum, ,3,7,18,30,1,0, ,3758420,280561
3440,3805,7696,2018-04-27,0,Overcup Oak, ,Quercus lyrata, ,12,15,35,39,1,0, ,3758420,280549
3441,3806,7697,2018-04-27,-99,Leyland Cypress, ,X Cupressocyparis leylandii, ,4,0,20,0,1,0, ,3758440,280541
3442,3807,7698,2018-04-27,-99,Leyland Cypress, ,X Cupressocyparis leylandii, ,4,0,22,0,1,0, ,3758440,280537
3443,3808,7699,2018-04-27,-99,Leyland Cypress, ,X Cupressocyparis leylandii, ,5,0,24,0,1,0, ,3758440,280538
3444,3809,7700,2018-04-27,-99,Leyland Cypress, ,X Cupressocyparis leylandii, ,3,0,23,0,1,0, ,3758440,280536
3445,3810,7701,2018-04-25,0,Ginkgo, ,Ginkgo biloba, ,6,7,26,29,1,0, ,3758280,280831
3446,3811,7702,2018-04-25,0,Ginkgo, ,Ginkgo biloba, ,6,6,26,28,1,0, ,3758280,280835
3447,3812,7703,2018-04-25,0,Leyland Cypress, ,X Cupressocyparis leylandii, ,14,23,37,50,1,0, ,3758280,280846
3448,3813,7704,2018-04-25,-99,Leyland Cypress, ,X Cupressocyparis leylandii, ,10,0,37,0,1,0, ,3758280,280851
3449,3814,7705,2018-04-25,-99,Leyland Cypress, ,X Cupressocyparis leylandii, ,14,0,39,0,1,0, ,3758280,280854
3450,3815,7706,2018-04-25,0,Leyland Cypress, ,X Cupressocyparis leylandii, ,9,11,38,40,1,0, ,3758280,280858
3451,3816,7707,2018-04-25,0,Leyland Cypress, ,X Cupressocyparis leylandii, ,7,12,36,41,1,0, ,3758280,280861
3452,3817,7708,2018-04-25,0,Persian Parrotia, ,Parrotia persica, ,4,7,26,32,1,0, ,3758280,280863
3453,3818,7709,2018-04-25,0,Persian Parrotia, ,Parrotia persica, ,5,6,27,31,1,0, ,3758270,280861
3454,3819,7710,2018-04-25,0,Persian Parrotia, ,Parrotia persica, ,5,6,22,27,1,0, ,3758270,280856
3455,3820,7711,2018-04-25,0,Ginkgo, ,Ginkgo biloba, ,3,3,13,16,1,0, ,3758290,280830
3456,3821,7712,2018-04-25,0,Common Crapemyrtle, ,Lagerstroemia x, ,5,6,23,28,1,0, ,3758290,280831
3457,3822,7713,2018-04-25,0,Common Crapemyrtle, ,Lagerstroemia x, ,4,5,24,27,1,0, ,3758290,280834
3458,3823,7714,2018-04-25,0,Common Crapemyrtle, ,Lagerstroemia x, ,4,5,21,26,1,0, ,3758290,280837
3459,3824,7715,2018-04-25,0,Common Crapemyrtle, ,Lagerstroemia x, ,4,5,20,24,1,0, ,3758290,280839
3460,3825,7716,2018-04-25,0,Common Crapemyrtle, ,Lagerstroemia x, ,5,7,21,28,1,0, ,3758290,280842
3461,3826,7717,2018-04-25,0,Common Crapemyrtle, ,Lagerstroemia x, ,5,6,27,32,1,0, ,3758290,280843
3462,3827,7718,2018-04-25,0,Common Crapemyrtle, ,Lagerstroemia x, ,4,5,27,31,1,0, ,3758300,280840
3463,3828,7719,2018-04-25,0,American Holly, ,Ilex opaca, ,18,20,46,54,1,0, ,3758300,280841
3464,3829,7720,2018-04-25,0,Trident Maple, ,Acer buergeranum, ,8,10,29,33,1,0, ,3758280,280842
3465,3830,7721,2018-04-25,0,Glossy Privet, ,Ligustrum lucidum, ,5,7,21,25,1,0, ,3758300,280855
3466,3831,7722,2018-04-25,0,Glossy Privet, ,Ligustrum lucidum, ,5,6,24,28,1,0, ,3758320,280862
3467,3832,7723,2018-04-25,-99,Cherrybark Oak, ,Quercus pagoda, ,26,0,44,0,1,0, ,3758320,280872
3468,3833,7724,2018-04-25,0,American Holly, ,Ilex opaca, ,9,11,27,32,1,0, ,3758330,280871
3469,3834,7725,2018-04-25,0,Common Crapemyrtle, ,Lagerstroemia x, ,3,5,23,27,1,0, ,3758340,280872
3470,3835,7726,2018-04-25,0,Common Crapemyrtle, ,Lagerstroemia x, ,4,6,20,26,1,0, ,3758340,280873
3471,3836,7727,2018-04-25,0,American Holly, ,Ilex opaca, ,10,10,25,28,1,0, ,3758350,280877
3472,3837,7728,2018-04-25,0,American Holly, ,Ilex opaca, ,16,17,55,59,1,0, ,3758360,280878
3473,3838,7729,2018-04-25,-99,Northern Red Oak, ,Quercus rubra, ,18,0,44,0,1,0, ,3758370,280882
3474,3839,7730,2018-04-25,0,Water Oak, ,Quercus nigra, ,28,31,63,67,1,0, ,3758380,280884
3475,3840,7731,2018-04-25,0,Saucer Magnolia, ,Magnolia x soulangiana, ,1,3,15,22,1,0, ,3758370,280875
3476,3841,7732,2018-04-25,0,River Birch, ,Betula nigra, ,8,12,45,54,1,0, ,3758370,280869
3477,3842,7733,2018-04-25,0,River Birch, ,Betula nigra, ,7,10,48,51,1,0, ,3758370,280861
3478,3843,7734,2010-11-19,0,River Birch, ,Betula nigra, ,7,10,45,50,1,0, ,3758360,280865
3479,3844,7735,2018-04-25,0,Red Maple, ,Acer rubrum, ,17,18,47,54,1,0, ,3758350,280857
3480,3845,7736,2018-04-25,0,Zelkova serrata, ,Zelkova serrata, ,11,14,49,56,1,0, ,3758330,280845
3481,3889,7781,2018-04-30,0,Trident Maple, ,Acer buergeranum, ,4,6,17,23,1,0, ,3758370,280530
3482,3890,7782,2018-04-30,0,Virginia Pine, ,Pinus virginiana, ,16,17,51,56,1,0, ,3758370,280524
3483,3891,7783,2018-04-30,-99,Virginia Pine, ,Pinus virginiana, ,14,0,53,0,1,0, ,3758370,280521
3484,3892,7784,2018-04-30,0,River Birch, ,Betula nigra, ,4,8,24,38,1,0, ,3758380,280514
3485,3893,7785,2018-04-30,0,River Birch, ,Betula nigra, ,3,6,23,36,1,0, ,3758380,280511
3486,3894,7786,2018-04-30,0,River Birch, ,Betula nigra, ,5,9,35,43,1,0, ,3758380,280508
3487,3895,7787,2018-04-30,0,River Birch, ,Betula nigra, ,5,10,36,45,1,0, ,3758380,280503
3488,3896,7788,2018-04-30,0,River Birch, ,Betula nigra, ,5,8,32,37,1,0, ,3758380,280500
3489,3897,7789,2018-04-30,0,River Birch, ,Betula nigra, ,5,8,36,40,1,0, ,3758380,280495
3490,3898,7790,2018-04-16,0,River Birch, ,Betula nigra, ,6,9,32,39,1,0, ,3758380,280490
3491,3899,7791,2018-04-16,0,River Birch, ,Betula nigra, ,6,9,37,42,1,0, ,3758380,280487
3492,3900,7792,2018-04-30,0,River Birch, ,Betula nigra, ,3,4,23,28,1,0, ,3758380,280491
3493,3901,7793,2018-04-16,0,River Birch, ,Betula nigra, ,3,7,21,31,1,0, ,3758370,280485
3494,3902,7794,2018-04-16,0,Eastern Red Cedar, ,Juniperus Virginiana, ,5,9,15,30,1,0, ,3758370,280484
3495,3903,7795,2018-04-16,0,Eastern Red Cedar, ,Juniperus Virginiana, ,5,10,22,34,1,0, ,3758370,280483
3496,3904,7796,2018-04-16,0,Eastern Red Cedar, ,Juniperus Virginiana, ,5,11,20,35,1,0, ,3758360,280482
3497,3905,7797,2018-04-16,-99,Fringe Tree, ,Chionanthus virginicus, ,2,0,13,0,1,0, ,3758360,280484
3498,3906,7798,2018-04-16,-99,Fringe Tree, ,Chionanthus virginicus, ,3,0,12,0,1,0, ,3758360,280487
3499,3907,7799,2018-04-16,0,American Yellowwood, ,Cladrastis kentukea, ,3,6,13,24,1,0, ,3758370,280487
3500,3908,7800,2018-04-16,0,Tulip Poplar, ,Liriodendron tulipifera, ,1,11,13,38,1,0, ,3758370,280490
3501,3909,7801,2018-04-30,0,Tulip Poplar, ,Liriodendron tulipifera, ,1,4,10,26,1,0, ,3758380,280498
3502,3910,7802,2018-04-16,0,Tulip Poplar, ,Liriodendron tulipifera, ,4,9,19,33,1,0, ,3758370,280501
3503,3911,7803,2018-04-30,0,Tulip Poplar, ,Liriodendron tulipifera, ,6,12,30,46,1,0, ,3758360,280500
3504,3912,7804,2018-04-16,-99,Fringe Tree, ,Chionanthus virginicus, ,2,0,12,0,1,0, ,3758360,280494
3505,3913,7805,2018-04-16,0, Serviceberry, ,Amelanchier Arborea, ,1,2,8,13,1,0, ,3758360,280494
3506,3914,7806,2018-04-16,-99, Serviceberry, ,Amelanchier Arborea, ,1,0,7,0,1,0, ,3758360,280498
3507,3915,7807,2018-04-16,0, Serviceberry, ,Amelanchier Arborea, ,1,2,5,12,1,0, ,3758360,280496
3508,3916,7808,2018-04-16,0,Trident Maple, ,Acer buergeranum, ,2,4,15,22,1,0, ,3758360,280495
3509,3917,7809,2018-04-30,0,River Birch, ,Betula nigra, ,3,7,26,34,1,0, ,3758360,280504
3510,3918,7810,2018-04-30,0,River Birch, ,Betula nigra, ,3,5,25,31,1,0, ,3758360,280506
3511,3919,7812,2018-04-30,0,River Birch, ,Betula nigra, ,19,20,55,58,1,0, ,3758360,280516
3512,3920,7813,2018-04-30,0,Bur Oak, ,Quercus macrocarpa, ,1,4,9,27,1,0, ,3758370,280515
3513,3921,7814,2018-04-30,0,Weeping Willow, ,Salix babylonica, ,15,26,36,50,1,0, ,3758350,280523
3514,3922,7815,2018-04-30,0,Fringe Tree, ,Chionanthus virginicus, ,1,2,7,12,1,0, ,3758350,280525
3515,3923,7816,2018-04-30,0,Fringe Tree, ,Chionanthus virginicus, ,1,3,19,20,1,0, ,3758350,280525
3516,3924,7817,2018-04-30,0,Fringe Tree, ,Chionanthus virginicus, ,1,2,11,15,1,0, ,3758350,280522
3517,3925,7818,2018-04-30,0,Eastern Redbud, ,Cercis canadensis, ,3,4,18,21,1,0, ,3758360,280521
3518,3926,7819,2018-04-30,0,Southern Sugar Maple, ,Acer barbatum, ,2,4,15,20,1,0, ,3758360,280524
3519,3927,7820,2018-04-30,0,Flowering Dogwood, ,Cornus florida, ,1,3,12,18,1,0, ,3758370,280521
3520,3928,7821,2018-04-30,0,Chinese Elm, ,Ulmus parviflora, ,9,15,32,46,1,0, ,3758370,280527
3521,3929,7822,2018-04-30,0,Yaupon, ,Ilex vomitoria, ,1,2,10,15,1,0, ,3758350,280515
3522,3930,7823,2018-04-30,0,Yaupon, ,Ilex vomitoria, ,1,2,9,14,1,0, ,3758350,280513
3523,3931,7824,2018-04-30,0,Yaupon, ,Ilex vomitoria, ,1,2,7,13,1,0, ,3758350,280511
3524,3932,7825,2018-04-16,0,Sweetbay Magnolia, ,Magnolia virginiana, ,4,8,28,34,1,0, ,3758350,280492
3525,3933,7826,2018-04-16,0,Atlantic White Cedar, ,Chamaecyparis thyoides, ,7,11,29,34,1,0, ,3758350,280488
3526,3934,7827,2018-04-16,0,Atlantic White Cedar, ,Chamaecyparis thyoides, ,5,6,22,28,1,0, ,3758350,280485
3527,3935,7828,2018-04-16,0,Atlantic White Cedar, ,Chamaecyparis thyoides, ,4,10,22,31,1,0, ,3758350,280488
3528,3936,7829,2018-04-16,0,Carya aquatica, ,Water Hickory, ,7,12,32,38,1,0, ,3758360,280482
3529,3937,7830,2018-04-16,0,Fringe Tree, ,Chionanthus virginicus, ,2,3,12,17,1,0, ,3758360,280482
3530,3938,7831,2018-04-16,-99,Fringe Tree, ,Chionanthus virginicus, ,1,0,11,0,1,0, ,3758360,280481
3531,3939,7832,2018-04-16,-99,Fringe Tree, ,Chionanthus virginicus, ,1,0,10,0,1,0, ,3758360,280480
3532,3940,7833,2018-04-16,-99,Fringe Tree, ,Chionanthus virginicus, ,1,0,11,0,1,0, ,3758360,280480
3533,3941,7834,2018-04-16,-99,Fringe Tree, ,Chionanthus virginicus, ,1,0,14,0,1,0, ,3758360,280479
3534,3942,7835,2018-04-16,0,Carolina Silverbell, ,Halesia tetraptera, ,1,4,11,21,1,0, ,3758350,280478
3535,3943,7836,2018-04-16,0,Baldcypress, ,Taxodium distichum, ,9,16,41,50,1,0, ,3758340,280476
3536,3944,7837,2018-04-16,0,Baldcypress, ,Taxodium distichum, ,8,14,34,40,1,0, ,3758330,280471
3537,3945,7838,2018-04-16,0,Baldcypress, ,Taxodium distichum, ,21,26,68,73,1,0, ,3758330,280477
3538,3946,7839,2018-04-16,0,Baldcypress, ,Taxodium distichum, ,10,16,40,49,1,0, ,3758340,280483
3539,3947,7840,2018-04-16,0,Baldcypress, ,Taxodium distichum, ,4,7,37,38,1,0, ,3758330,280481
3540,3948,7841,2018-04-16,0,Water Tupelo, ,Nyssa aquatica, ,8,10,25,34,1,0, ,3758340,280472
3541,3949,7842,2018-04-16,0,Water Tupelo, ,Nyssa aquatica, ,6,8,32,37,1,0, ,3758340,280478
3542,3950,7843,2018-04-16,0,Sugarberry, ,Celtis laevigata, ,11,13,38,44,1,0, ,3758340,280485
3543,3951,7844,2010-11-19,0,Dahoon Holly, ,Ilex cassine, ,3,4,19,26,1,0, ,3758340,280483
3544,3952,7845,2018-04-16,0,Dahoon Holly, ,Ilex cassine, ,2,3,18,23,1,0, ,3758340,280486
3545,3953,7846,2018-04-16,0,Dahoon Holly, ,Ilex cassine, ,2,3,19,25,1,0, ,3758340,280485
3546,3954,7847,2018-04-16,0,Dahoon Holly, ,Ilex cassine, ,2,3,19,24,1,0, ,3758340,280484
3547,3955,7848,2018-04-16,0,Dahoon Holly, ,Ilex cassine, ,1,2,13,19,1,0, ,3758330,280483
3548,3956,7849,2018-04-16,0,Dahoon Holly, ,Ilex cassine, ,2,3,20,24,1,0, ,3758330,280482
3549,3957,7850,2018-04-16,0,Dahoon Holly, ,Ilex cassine, ,2,3,18,22,1,0, ,3758330,280481
3550,3958,7851,2018-04-16,0,Dahoon Holly, ,Ilex cassine, ,3,4,17,26,1,0, ,3758320,280480
3551,3959,7852,2018-04-16,0,Dahoon Holly, ,Ilex cassine, ,3,4,18,23,1,0, ,3758330,280479
3552,3960,7853,2018-04-30,0,Eastern Redbud, ,Cercis canadensis, ,2,5,16,24,1,0, ,3758280,280455
3553,3961,7854,2018-04-30,0,Yoshino Cherry, ,Prunus yedoensis, ,4,6,23,27,1,0, ,3758280,280456
3554,3962,7855,2018-04-30,0,Yoshino Cherry, ,Prunus yedoensis, ,4,7,19,28,1,0, ,3758270,280459
3555,3963,7856,2018-04-30,0,American Beech, ,Fagus grandifolia, ,5,11,23,35,1,0, ,3758290,280463
3556,3964,7857,2018-04-30,0,Live Oak, ,Quercus Virginiana, ,2,6,14,26,1,0, ,3758270,280471
3557,3965,7858,2018-04-30,0,Live Oak, ,Quercus Virginiana, ,2,12,13,33,1,0, ,3758270,280482
3558,3966,7859,2018-04-30,0,Live Oak, ,Quercus Virginiana, ,3,8,17,30,1,0, ,3758270,280478
3559,3967,7860,2018-04-30,0,American Hornbeam, ,Carpinus carolina, ,13,15,38,44,1,0, ,3758280,280475
3560,3968,7861,2018-04-30,0,American Hornbeam, ,Carpinus carolina, ,11,17,39,46,1,0, ,3758270,280495
3561,3969,7862,2018-04-30,0,River Birch, ,Betula nigra, ,1,4,14,26,1,0, ,3758260,280508
3562,3970,7863,2018-04-30,0,River Birch, ,Betula nigra, ,1,4,14,25,1,0, ,3758260,280511
3563,3971,7864,2010-11-19,0,River Birch, ,Betula nigra, ,1,7,15,29,1,0, ,3758270,280510
3564,3972,7865,2018-04-30,0,River Birch, ,Betula nigra, ,5,8,42,46,1,0, ,3758260,280516
3565,3973,7866,2018-04-30,-99,Eastern Redbud, ,Cercis canadensis, ,4,0,16,0,1,0, ,3758310,280532
3566,3974,7867,2018-04-30,0,Eastern Redbud, ,Cercis canadensis, ,2,4,20,24,1,0, ,3758310,280529
3567,3975,7868,2018-04-30,0,Southern Magnolia, ,Magnolia grandiflora, ,12,16,45,52,1,0, ,3758310,280517
3568,3976,7869,2018-04-30,0,River Birch, ,Betula nigra, ,17,19,59,63,1,0, ,3758330,280533
3569,3977,7870,2018-04-30,-99,River Birch, ,Betula nigra, ,14,0,50,0,1,0, ,3758340,280533
3570,3978,7871,2018-04-30,0,Chinese Elm, ,Ulmus parviflora, ,14,15,44,49,1,0, ,3758330,280551
3571,3979,7872,2018-04-30,0,Zelkova serrata, ,Zelkova serrata, ,6,9,18,25,1,0, ,3758370,280555
3572,3980,7873,2018-04-30,0,Zelkova serrata, ,Zelkova serrata, ,6,7,15,22,1,0, ,3758370,280546
3573,4381,8279,2010-11-19,0,Common Crapemyrtle, ,Lagerstroemia x, ,8,0,33,0,1,0, ,3758450,280157
3574,4382,8280,2010-11-19,0,Common Crapemyrtle, ,Lagerstroemia x, ,8,0,33,0,1,0, ,3758450,280160
3575,4383,8281,2010-11-19,0,Common Crapemyrtle, ,Lagerstroemia x, ,8,0,36,0,1,0, ,3758450,280164
3576,4384,8282,2010-11-19,0,Common Crapemyrtle, ,Lagerstroemia x, ,8,0,28,0,1,0, ,3758460,280168
3577,4385,8283,2010-11-19,0,Willow Oak, ,Quercus phellos, ,5,0,24,0,1,0, ,3758460,280182
3578,4386,8284,2010-11-19,0,Willow Oak, ,Quercus phellos, ,7,0,31,0,1,0, ,3758470,280191
3579,4387,8285,2010-11-19,0,Overcup Oak, ,Quercus lyrata, ,7,0,24,0,1,0, ,3758480,280187
3580,4388,8286,2010-11-19,0,Willow Oak, ,Quercus phellos, ,5,0,24,0,1,0, ,3758480,280178
3581,4389,8287,2010-11-19,0,Overcup Oak, ,Quercus lyrata, ,8,0,34,0,1,0, ,3758490,280162
3582,4390,8288,2010-11-19,0,Southern Magnolia, ,Magnolia grandiflora, ,25,0,54,0,1,0, ,3758470,280163
3583,4391,8289,2010-11-19,0,Southern Magnolia, ,Magnolia grandiflora, ,25,0,53,0,1,0, ,3758470,280168
3584,4392,8290,2010-11-19,0,Saucer Magnolia, ,Magnolia x soulangiana, ,1,0,10,0,1,0, ,3758490,280176
3585,4393,8291,2010-11-19,0,American Holly, ,Ilex opaca, ,4,0,11,0,1,0, ,3758490,280154
3586,4394,8292,2010-11-19,0,American Holly, ,Ilex opaca, ,4,0,10,0,1,0, ,3758500,280149
3587,4395,8293,2010-11-19,0,Overcup Oak, ,Quercus lyrata, ,7,0,30,0,1,0, ,3758510,280149
3588,4396,8294,2010-11-19,0,Overcup Oak, ,Quercus lyrata, ,5,0,24,0,1,0, ,3758520,280158
3589,4397,8295,2010-11-19,0,Overcup Oak, ,Quercus lyrata, ,5,0,24,0,1,0, ,3758530,280146
3590,4398,8296,2010-11-19,0,Shumard Oak, ,Quercus shumardii, ,6,0,30,0,1,0, ,3758540,280143
3591,4399,8297,2010-11-19,0,Shumard Oak, ,Quercus shumardii, ,5,0,21,0,1,0, ,3758520,280140
3592,4400,8298,2010-11-19,0,Japanese Maple, ,Acer palmatum, ,2,0,13,0,1,0, ,3758520,280142
3593,4401,8299,2010-11-19,0,Witch Hazel, ,Hamamelis virginiana, ,1,0,8,0,1,0, ,3758530,280151
3594,4402,8300,2010-11-19,0,Common Crapemyrtle, ,Lagerstroemia x, ,7,0,38,0,1,0, ,3758520,280133
3595,4403,8301,2010-11-19,0,American Holly, ,Ilex opaca, ,18,0,41,0,1,0, ,3758520,280128
3596,4404,8302,2010-11-19,0,Pecan, ,Carya illinoinensis, ,25,0,68,0,1,0, ,3758510,280116
3597,4405,8303,2010-11-19,0,Eastern Redcedar, ,Juniperus virginiana, ,6,0,26,0,1,0, ,3758510,280110
3598,4406,8304,2010-11-19,0,Shumard Oak, ,Quercus shumardii, ,28,0,69,0,1,0, ,3758490,280104
3599,4407,8305,2010-11-19,0,Common Crapemyrtle, ,Lagerstroemia x, ,4,0,22,0,1,0, ,3758500,280119
3600,4408,8306,2010-11-19,0,Common Crapemyrtle, ,Lagerstroemia x, ,5,0,22,0,1,0, ,3758500,280123
3601,4409,8307,2010-11-19,0,Common Crapemyrtle, ,Lagerstroemia x, ,4,0,20,0,1,0, ,3758490,280125
3602,4410,8308,2010-11-19,0,Common Crapemyrtle, ,Lagerstroemia x, ,2,0,14,0,1,0, ,3758480,280129
3603,4411,8309,2010-11-19,0,Common Crapemyrtle, ,Lagerstroemia x, ,3,0,19,0,1,0, ,3758490,280127
3604,4412,8310,2010-11-19,0,Foster Holly, ,Ilex x attenuata 'Fosteri', ,16,0,41,0,1,0, ,3758480,280134
3605,4413,8311,2010-11-19,0,Nuttall Oak, ,Quercus nutallii, ,13,0,36,0,1,0, ,3758480,280076
3606,4414,8312,2010-11-19,0,Overcup Oak, ,Quercus lyrata, ,5,0,23,0,1,0, ,3758490,280082
3607,4415,8313,2010-11-19,0,Nuttall Oak, ,Quercus nutallii, ,5,0,25,0,1,0, ,3758460,280089
3608,4416,8314,2010-11-19,0,Nuttall Oak, ,Quercus nutallii, ,5,0,21,0,1,0, ,3758440,280129
3609,4417,8315,2010-11-19,0,Willow Oak, ,Quercus phellos, ,6,0,26,0,1,0, ,3758440,280138
3610,4418,8316,2010-11-19,0,Willow Oak, ,Quercus phellos, ,6,0,26,0,1,0, ,3758430,280131
3611,4419,8317,2010-11-19,0,Willow Oak, ,Quercus phellos, ,5,0,23,0,1,0, ,3758420,280125
3612,4420,8318,2010-11-19,0,Willow Oak, ,Quercus phellos, ,6,0,25,0,1,0, ,3758420,280117
3613,4421,8319,2010-11-19,0,Willow Oak, ,Quercus phellos, ,6,0,27,0,1,0, ,3758410,280114
3614,4422,8320,2010-11-19,0,Trident Maple, ,Acer buergeranum, ,7,0,21,0,1,0, ,3758430,280105
3615,4423,8321,2018-04-28,0,Oak Hybrid, ,Quercus robur, ,6,7,27,31,1,0, ,3758330,280682
3616,4424,8322,2018-04-28,0,Oak Hybrid, ,Quercus robur, ,8,12,30,35,1,0, ,3758320,280682
3617,4425,8323,2018-04-28,0,Oak Hybrid, ,Quercus robur, ,5,8,26,31,1,0, ,3758310,280684
3618,4426,8324,2018-04-28,0,Oak Hybrid, ,Quercus robur, ,9,11,30,36,1,0, ,3758310,280684
3619,4427,8325,2018-04-28,0,Oak Hybrid, ,Quercus robur, ,6,8,21,27,1,0, ,3758300,280682
3620,4428,8326,2018-04-28,0,Oak Hybrid, ,Quercus robur, ,9,12,29,36,1,0, ,3758300,280681
3621,4429,8327,2018-04-28,0,Willow Oak, ,Quercus phellos, ,6,9,26,31,1,0, ,3758290,280676
3622,4430,8328,2018-04-28,0,Red Maple, ,Acer rubrum, ,15,18,46,50,1,0, ,3758270,280677
3623,4431,8329,2018-04-28,0,Littleleaf Linden, ,Tilia cordata, ,15,18,58,63,1,0, ,3758260,280687
3624,4432,8330,2018-04-28,0,Littleleaf Linden, ,Tilia cordata, ,14,18,56,60,1,0, ,3758250,280709
3625,4433,8331,2018-04-28,0,Yaupon, ,Ilex vomitoria, ,6,6,19,22,1,0, ,3758250,280721
3626,4434,8332,2018-04-28,0,Yaupon, ,Ilex vomitoria, ,6,7,26,29,1,0, ,3758250,280715
3627,4435,8333,2018-04-28,-99,Flowering Dogwood, ,Cornus florida, ,2,0,15,0,1,0, ,3758250,280712
3628,4436,8334,2018-04-28,0,chinese flametree, ,Koelreuteria bipinnata, ,13,14,51,53,1,0, ,3758260,280713
3629,4437,8335,2018-04-28,-99,chinese flametree, ,Koelreuteria bipinnata, ,7,0,26,0,1,0, ,3758260,280705
3630,4438,8336,2018-04-28,-99,Littleleaf Linden, ,Tilia cordata, ,6,0,21,0,1,0, ,3758270,280698
3631,4439,8337,2018-04-28,0,chinese flametree, ,Koelreuteria bipinnata, ,12,14,41,47,1,0, ,3758270,280691
3632,4440,8338,2018-04-28,0,Yaupon, ,Ilex vomitoria, ,4,6,27,30,1,0, ,3758260,280682
3633,4441,8339,2018-04-28,0,Yaupon, ,Ilex vomitoria, ,4,5,20,23,1,0, ,3758260,280679
3634,4442,8340,2018-04-28,0,Yaupon, ,Ilex vomitoria, ,6,6,29,30,1,0, ,3758260,280673
3635,4443,8341,2018-04-28,0,Flowering Dogwood, ,Cornus florida, ,5,6,18,21,1,0, ,3758270,280669
3636,4444,8342,2018-04-28,0,Flowering Dogwood, ,Cornus florida, ,4,5,19,22,1,0, ,3758260,280676
3637,4445,8343,2018-04-28,0,Flowering Dogwood, ,Cornus florida, ,3,3,16,17,1,0, ,3758260,280684
3638,4446,8344,2018-04-28,0,Leyland Cypress, ,X Cupressocyparis leylandii, ,13,20,36,42,1,0, ,3758280,280663
3639,4447,8345,2018-04-28,0,Leyland Cypress, ,X Cupressocyparis leylandii, ,13,26,45,51,1,0, ,3758280,280665
3640,4448,8346,2018-04-28,0,Leyland Cypress, ,X Cupressocyparis leylandii, ,13,16,39,45,1,0, ,3758290,280667
3641,4449,8347,2018-04-28,0,American Holly, ,Ilex opaca, ,4,6,15,25,1,0, ,3758290,280668
3642,4450,8348,2018-04-28,0,American Holly, ,Ilex opaca, ,4,6,14,23,1,0, ,3758300,280667
3643,4451,8349,2018-04-28,0,American Holly, ,Ilex opaca, ,5,7,15,26,1,0, ,3758300,280664
3644,4452,8350,2018-04-28,0,American Holly, ,Ilex opaca, ,6,8,17,27,1,0, ,3758300,280660
3645,4453,8351,2018-04-28,-99,Eastern White Pine, ,Pinus strobus, ,16,0,40,0,1,0, ,3758300,280651
3646,4454,8352,2018-04-28,-99,Kwanzan Cherry, ,Prunus serrulata, ,1,0,12,0,1,0, ,3758300,280656
3647,4455,8353,2018-04-28,-99,Eastern White Pine, ,Pinus strobus, ,18,0,54,0,1,0, ,3758310,280665
3648,4456,8354,2018-04-28,0,Slash Pine, ,Pinus elliottii, ,25,28,75,79,1,0, ,3758310,280668
3649,4457,8355,2018-04-28,-99,Loblolly Pine, ,Pinus taeda, ,17,0,67,0,1,0, ,3758320,280665
3650,4458,8356,2018-04-28,0,Loblolly Pine, ,Pinus taeda, ,18,22,70,74,1,0, ,3758330,280663
3651,4459,8357,2018-04-28,0,Yoshino Cherry, ,Prunus yedoensis, ,1,3,6,15,1,0, ,3758320,280677
3652,4460,8358,2010-11-19,0,Yoshino Cherry, ,Prunus yedoensis, ,3,9,13,24,1,0, ,3758310,280677
3653,4461,8359,2018-04-28,-99,Yoshino Cherry, ,Prunus yedoensis, ,2,0,12,0,1,0, ,3758300,280671
3654,4462,8360,2018-04-28,0,Loblolly Pine, ,Pinus taeda, ,21,26,71,77,1,0, ,3758320,280670
3655,4463,8361,2018-04-28,0,Loblolly Pine, ,Pinus taeda, ,15,18,59,66,1,0, ,3758330,280669
3656,4464,8362,2018-04-28,0,Overcup Oak, ,Quercus lyrata, ,11,17,33,40,1,0, ,3758340,280666
3657,4465,8363,2018-04-28,0,Sawtooth Oak, ,Quercus acutissima, ,10,14,40,48,1,0, ,3758330,280675
3658,4485,8383,2010-11-19,0,Laurel Oak, ,Quercus laurifolia, ,14,0,38,0,1,0, ,3758390,280147
3659,4486,8384,2010-11-19,0,Laurel Oak, ,Quercus laurifolia, ,15,0,36,0,1,0, ,3758390,280153
3660,4487,8385,2010-11-19,0,Laurel Oak, ,Quercus laurifolia, ,17,0,39,0,1,0, ,3758400,280152
3661,4488,8386,2010-11-19,0,Laurel Oak, ,Quercus laurifolia, ,19,0,51,0,1,0, ,3758410,280158
3662,4489,8387,2010-11-19,0,Laurel Oak, ,Quercus laurifolia, ,19,0,48,0,1,0, ,3758400,280161
3663,4490,8388,2010-11-19,0,Laurel Oak, ,Quercus laurifolia, ,19,0,54,0,1,0, ,3758410,280163
3664,4491,8389,2010-11-19,0,Laurel Oak, ,Quercus laurifolia, ,20,0,46,0,1,0, ,3758420,280170
3665,4492,8390,2010-11-19,0,Laurel Oak, ,Quercus laurifolia, ,15,0,33,0,1,0, ,3758420,280178
3666,4493,8391,2010-11-19,0,Laurel Oak, ,Quercus laurifolia, ,19,0,50,0,1,0, ,3758430,280185
3667,4494,8392,2010-11-19,0,Laurel Oak, ,Quercus laurifolia, ,16,0,48,0,1,0, ,3758420,280184
3668,4495,8393,2010-11-19,0,Laurel Oak, ,Quercus laurifolia, ,18,0,47,0,1,0, ,3758420,280176
3669,4496,8394,2010-11-19,0,Laurel Oak, ,Quercus laurifolia, ,17,0,47,0,1,0, ,3758410,280169
3670,4497,8395,2010-11-19,0,Laurel Oak, ,Quercus laurifolia, ,19,0,49,0,1,0, ,3758420,280193
3671,4498,8396,2010-11-19,0,Laurel Oak, ,Quercus laurifolia, ,16,0,54,0,1,0, ,3758430,280192
3672,4499,8397,2010-11-19,0,Laurel Oak, ,Quercus laurifolia, ,15,0,46,0,1,0, ,3758430,280201
3673,4500,8398,2010-11-19,0,Laurel Oak, ,Quercus laurifolia, ,20,0,47,0,1,0, ,3758430,280209
3674,4501,8399,2010-11-19,0,Laurel Oak, ,Quercus laurifolia, ,16,0,48,0,1,0, ,3758420,280207
3675,4517,8415,2010-11-19,0,Northern White Cedar, ,Thuja occidentalis, ,1,0,7,0,1,0, ,3758300,280326
3676,4519,8417,2010-11-19,0,Northern White Cedar, ,Thuja occidentalis, ,1,0,7,0,1,0, ,3758310,280323
3677,4520,8418,2010-11-19,0,Red Maple, ,Acer rubrum, ,3,0,19,0,1,0, ,3758320,280325
3678,4521,8419,2010-11-19,0,Red Maple, ,Acer rubrum, ,4,0,20,0,1,0, ,3758330,280316
3679,4522,8420,2010-11-19,0,Common Crapemyrtle, ,Lagerstroemia x, ,2,0,15,0,1,0, ,3758330,280312
3680,4523,8421,2010-11-19,0,Common Crapemyrtle, ,Lagerstroemia x, ,1,0,16,0,1,0, ,3758330,280309
3681,4524,8422,2010-11-19,0,Common Crapemyrtle, ,Lagerstroemia x, ,1,0,12,0,1,0, ,3758330,280309
3682,4525,8423,2010-11-19,0,Overcup Oak, ,Quercus lyrata, ,4,0,15,0,1,0, ,3758340,280303
3683,4526,8424,2010-11-19,0,Red Maple, ,Acer rubrum, ,9,0,32,0,1,0, ,3758350,280293
3684,4527,8425,2010-11-19,0,Red Maple, ,Acer rubrum, ,8,0,31,0,1,0, ,3758360,280289
3685,4528,8426,2010-11-19,0,Red Maple, ,Acer rubrum, ,10,0,36,0,1,0, ,3758360,280285
3686,4529,8427,2010-11-19,0,Red Maple, ,Acer rubrum, ,10,0,37,0,1,0, ,3758370,280281
3687,4530,8428,2010-11-19,0,Red Maple, ,Acer rubrum, ,10,0,46,0,1,0, ,3758370,280276
3688,4531,8429,2010-11-19,0,Red Maple, ,Acer rubrum, ,8,0,32,0,1,0, ,3758370,280272
3689,4532,8430,2010-11-19,0,Nuttall Oak, ,Quercus nutallii, ,3,0,16,0,1,0, ,3758360,280279
3690,4533,8431,2010-11-19,0,Nuttall Oak, ,Quercus nutallii, ,3,0,16,0,1,0, ,3758360,280283
3691,4534,8432,2010-11-19,0,Nuttall Oak, ,Quercus nutallii, ,3,0,16,0,1,0, ,3758350,280289
3692,4535,8433,2010-11-19,0,Flowering Dogwood, ,Cornus florida, ,1,0,9,0,1,0, ,3758360,280286
3693,4536,8434,2010-11-19,0,Flowering Dogwood, ,Cornus florida, ,1,0,11,0,1,0, ,3758360,280285
3694,4537,8435,2010-11-19,0,Flowering Dogwood, ,Cornus florida, ,4,0,20,0,1,0, ,3758360,280271
3695,4538,8436,2010-11-19,0,American Holly, ,Ilex opaca, ,4,0,21,0,1,0, ,3758350,280273
3696,4539,8437,2010-11-19,0,American Holly, ,Ilex opaca, ,5,0,28,0,1,0, ,3758350,280270
3697,4540,8438,2010-11-19,0,Red Maple, ,Acer rubrum, ,8,0,27,0,1,0, ,3758400,280250
3698,4541,8439,2010-11-19,0,Red Maple, ,Acer rubrum, ,12,0,38,0,1,0, ,3758410,280247
3699,4542,8440,2010-11-19,0,American Holly, ,Ilex opaca, ,1,0,8,0,1,0, ,3758330,280288
3700,4543,8441,2010-11-19,0,Shumard Oak, ,Quercus shumardii, ,50,0,110,0,1,0, ,3758510,280062
3701,4544,8442,2010-11-19,0,Lusterleaf Holly, ,Ilex latifolia, ,7,0,22,0,1,0, ,3758520,280064
3702,4545,8443,2010-11-19,0,Lusterleaf Holly, ,Ilex latifolia, ,6,0,24,0,1,0, ,3758510,280069
3703,4546,8444,2010-11-19,0,American Holly, ,Ilex opaca, ,14,0,29,0,1,0, ,3758520,280078
3704,4547,8445,2010-11-19,0,American Holly, ,Ilex opaca, ,10,0,22,0,1,0, ,3758520,280088
3705,4548,8446,2010-11-19,0,American Holly, ,Ilex opaca, ,4,0,11,0,1,0, ,3758530,280095
3706,4549,8447,2010-11-19,0,American Holly, ,Ilex opaca, ,4,0,10,0,1,0, ,3758530,280101
3707,4550,8448,2010-11-19,0,Foster Holly, ,Ilex x attenuata 'Fosteri', ,11,0,40,0,1,0, ,3758540,280105
3708,4551,8449,2010-11-19,0,Common Crapemyrtle, ,Lagerstroemia x, ,4,0,19,0,1,0, ,3758520,280097
3709,4552,8450,2010-11-19,0,Cherry Plum, ,Prunus cerasifera 'Atropurpurea', ,3,0,12,0,1,0, ,3758540,280117
3710,4553,8451,2010-11-19,0,Southern Magnolia, ,Magnolia grandiflora, ,2,0,13,0,1,0, ,3758550,280121
3711,4554,8452,2010-11-19,0,Red Buckeye, ,Aesculus pavia, ,1,0,8,0,1,0, ,3758550,280126
3712,4555,8453,2010-11-19,0,Red Buckeye, ,Aesculus pavia, ,1,0,7,0,1,0, ,3758550,280129
3713,4556,8454,2010-11-19,0,Mockernut Hickory, ,Carya tomentosa, ,29,0,104,0,1,0, ,3758550,280133
3714,4557,8455,2010-11-19,0,Cherrybark Oak, ,Quercus pagoda, ,47,0,120,0,1,0, ,3758550,280118
3715,4558,8456,2010-11-19,0,Chinese Chestnut, ,Castanea mollissima, ,20,0,55,0,1,0, ,3758570,280119
3716,4559,8457,2010-11-19,0,Chinese Chestnut, ,Castanea mollissima, ,16,0,48,0,1,0, ,3758570,280127
3717,4560,8458,2010-11-19,0,Overcup Oak, ,Quercus lyrata, ,5,0,24,0,1,0, ,3758570,280115
3718,4561,8459,2010-11-19,0,Post Oak, ,Quercus stellata, ,26,0,72,0,1,0, ,3758590,280111
3719,4562,8460,2010-11-19,0,Post Oak, ,Quercus stellata, ,29,0,85,0,1,0, ,3758580,280104
3720,4563,8461,2010-11-19,0,Mockernut Hickory, ,Carya tomentosa, ,28,0,107,0,1,0, ,3758570,280099
3721,4564,8462,2010-11-19,0,Water Oak, ,Quercus nigra, ,44,0,84,0,1,0, ,3758560,280088
3722,4565,8463,2010-11-19,0,Southern Red Oak, ,Quercus falcata, ,44,0,94,0,1,0, ,3758540,280042
3723,4566,8464,2010-11-19,0,Lusterleaf Holly, ,Ilex latifolia, ,8,0,28,0,1,0, ,3758550,280103
3724,4567,8465,2010-11-19,0,Lusterleaf Holly, ,Ilex latifolia, ,8,0,29,0,1,0, ,3758550,280097
3725,4568,8466,2010-11-19,0,Lusterleaf Holly, ,Ilex latifolia, ,5,0,30,0,1,0, ,3758540,280074
3726,4569,8467,2010-11-19,0,Lusterleaf Holly, ,Ilex latifolia, ,7,0,27,0,1,0, ,3758530,280062
3727,4570,8468,2010-11-19,0,Lusterleaf Holly, ,Ilex latifolia, ,8,0,28,0,1,0, ,3758530,280059
3728,4571,8469,2010-11-19,0,Lusterleaf Holly, ,Ilex latifolia, ,8,0,31,0,1,0, ,3758520,280061
3729,4572,8470,2018-04-28,0,Red Maple, ,Acer rubrum, ,12,13,45,48,1,0, ,3758340,280602
3730,4573,8471,2018-04-28,0,Red Maple, ,Acer rubrum, ,12,18,36,45,1,0, ,3758360,280608
3731,4574,8472,2018-04-28,0,Red Maple, ,Acer rubrum, ,10,15,42,48,1,0, ,3758350,280619
3732,4575,8473,2018-04-28,0,Red Maple, ,Acer rubrum, ,9,12,36,42,1,0, ,3758340,280634
3733,4576,8474,2018-04-28,0,Red Maple, ,Acer rubrum, ,11,15,39,44,1,0, ,3758350,280641
3734,4577,8475,2018-04-28,0,Red Maple, ,Acer rubrum, ,9,11,32,37,1,0, ,3758350,280649
3735,4578,8476,2018-04-28,-99,Yoshino Cherry, ,Prunus yedoensis, ,12,0,22,0,1,0, ,3758350,280633
3736,4579,8477,2018-04-28,-99,Yoshino Cherry, ,Prunus yedoensis, ,14,0,31,0,1,0, ,3758350,280628
3737,4580,8478,2018-04-28,0,Yoshino Cherry, ,Prunus yedoensis, ,6,6,27,27,1,0, ,3758340,280631
3738,4581,8479,2018-04-28,0,Yoshino Cherry, ,Prunus yedoensis, ,7,7,25,25,1,0, ,3758340,280625
3739,4582,8480,2018-04-28,0,Autumn Sunset Serviceberry, ,Amelanchier x grandiflora, ,1,3,10,14,1,0, ,3758330,280645
3740,4583,8481,2018-04-28,0,Red Maple, ,Acer rubrum, ,11,15,36,44,1,0, ,3758290,280634
3741,4584,8482,2018-04-28,0,Yoshino Cherry, ,Prunus yedoensis, ,6,9,18,24,1,0, ,3758290,280617
3742,4585,8483,2010-11-19,0,Sweetgum, ,Liquidambar styraciflua, ,6,0,21,0,1,0, ,3758290,280609
3743,4586,8484,2018-04-28,0,Eastern Redbud, ,Cercis canadensis, ,4,10,20,29,1,0, ,3758270,280617
3744,4587,8485,2018-04-28,0,Eastern Redbud, ,Cercis canadensis, ,4,10,22,30,1,0, ,3758270,280612
3745,4588,8486,2018-04-28,0,Flowering Dogwood, ,Cornus florida, ,1,3,11,19,1,0, ,3758270,280609
3746,4589,8487,2018-04-28,0,Goldenrain Tree, ,Koelreuteria paniculata, ,4,8,16,26,1,0, ,3758270,280603
3747,4590,8488,2018-04-28,0,American Holly, ,Ilex opaca, ,6,9,17,25,1,0, ,3758260,280615
3748,4591,8489,2018-04-28,0,American Holly, ,Ilex opaca, ,6,7,18,23,1,0, ,3758260,280615
3749,4592,8490,2018-04-28,0,American Holly, ,Ilex opaca, ,6,9,18,26,1,0, ,3758260,280613
3750,4593,8491,2018-04-28,0,American Holly, ,Ilex opaca, ,7,10,16,30,1,0, ,3758260,280614
3751,4594,8492,2018-04-28,0,Japanese Maple, ,Acer palmatum, ,1,2,6,12,1,0, ,3758260,280607
3752,4595,8493,2018-04-30,0,Chinese Elm, ,Ulmus parviflora, ,20,22,60,64,1,0, ,3758280,280551
3753,4596,8494,2018-04-30,0,Deodar Cedar, ,Cedrus deodora, ,19,22,81,84,1,0, ,3758270,280551
3754,4597,8495,2018-04-30,0,Flowering Dogwood, ,Cornus florida, ,6,6,27,30,1,0, ,3758260,280554
3755,4598,8496,2018-04-30,0,Flowering Dogwood, ,Cornus florida, ,3,4,13,18,1,0, ,3758260,280551
3756,4599,8497,2018-04-30,0,American Elm, ,Ulmus americana, ,1,9,12,34,1,0, ,3758320,280564
3757,4600,8498,2018-04-27,0,Flowering Dogwood, ,Cornus florida, ,3,5,22,31,1,0, ,3758490,280545
3758,4601,8499,2018-04-27,0,Flowering Dogwood, ,Cornus florida, ,3,5,22,30,1,0, ,3758500,280548
3759,4602,8500,2018-04-27,-99,American Holly, ,Ilex opaca, ,7,0,42,0,1,0, ,3758510,280549
3760,4603,8501,2018-04-27,-99,American Holly, ,Ilex opaca, ,6,0,38,0,1,0, ,3758510,280551
3761,4604,8502,2018-04-27,-99,American Holly, ,Ilex opaca, ,7,0,43,0,1,0, ,3758510,280550
3762,4605,8503,2018-04-19,0,Tulip Poplar, ,Liriodendron tulipifera, ,13,16,57,63,1,0, ,3758510,280563
3763,4606,8504,2018-04-19,0,White Oak, ,Quercus alba, ,11,16,41,51,1,0, ,3758520,280563
3764,4607,8505,2018-04-19,0,Swamp Chestnut Oak, ,Quercus michauxii, ,6,10,21,32,1,0, ,3758520,280553
3765,4608,8506,2018-04-19,0,Flowering Dogwood, ,Cornus florida, ,2,4,12,22,1,0, ,3758540,280543
3766,4609,8507,2018-04-19,0,Zelkova serrata, ,Zelkova serrata, ,3,11,18,39,1,0, ,3758540,280552
3767,4610,8508,2018-04-19,0,Zelkova serrata, ,Zelkova serrata, ,3,8,19,35,1,0, ,3758540,280558
3768,4611,8509,2018-04-19,0,Zelkova serrata, ,Zelkova serrata, ,2,9,18,32,1,0, ,3758530,280563
3769,4612,8510,2018-04-19,0,Leyland Cypress, ,X Cupressocyparis leylandii, ,4,8,23,29,1,0, ,3758530,280568
3770,4613,8511,2018-04-19,0,Leyland Cypress, ,X Cupressocyparis leylandii, ,4,6,19,26,1,0, ,3758530,280567
3771,4614,8512,2018-04-19,0,Leyland Cypress, ,X Cupressocyparis leylandii, ,6,9,25,34,1,0, ,3758520,280567
3772,4615,8513,2018-04-27,0,White Oak, ,Quercus alba, ,11,15,55,61,1,0, ,3758530,280576
3773,4616,8514,2018-04-19,0,Eastern Redbud, ,Cercis canadensis, ,5,7,23,30,1,0, ,3758520,280565
3774,4617,8515,2018-04-27,-99,Saucer Magnolia, ,Magnolia x soulangiana, ,3,0,15,0,1,0, ,3758520,280572
3775,4618,8516,2018-04-27,-99,Saucer Magnolia, ,Magnolia x soulangiana, ,1,0,10,0,1,0, ,3758520,280571
3776,4619,8517,2018-04-27,-99,Saucer Magnolia, ,Magnolia x soulangiana, ,1,0,8,0,1,0, ,3758520,280570
3777,4620,8518,2010-11-19,0,American Hornbeam, ,Carpinus carolina, ,5,8,37,41,1,0, ,3758500,280584
3778,4678,8576,2018-04-19,-99,River Birch, ,Betula nigra, ,12,0,63,0,1,0, ,3758540,280600
3779,4679,8577,2018-04-19,0,River Birch, ,Betula nigra, ,12,14,63,67,1,0, ,3758540,280600
3780,4680,8578,2018-04-19,0,River Birch, ,Betula nigra, ,9,11,57,63,1,0, ,3758540,280600
3781,4681,8579,2018-04-19,-99,River Birch, ,Betula nigra, ,8,0,64,0,1,0, ,3758540,280599
3782,4682,8580,2018-04-19,-99,River Birch, ,Betula nigra, ,9,0,64,0,1,0, ,3758540,280599
3783,4683,8581,2018-04-19,-99,River Birch, ,Betula nigra, ,7,0,64,0,1,0, ,3758540,280596
3784,4684,8582,2018-04-19,-99,River Birch, ,Betula nigra, ,7,0,57,0,1,0, ,3758550,280597
3785,4685,8583,2018-04-19,0,River Birch, ,Betula nigra, ,4,5,38,41,1,0, ,3758550,280595
3786,4686,8584,2018-04-19,0,River Birch, ,Betula nigra, ,7,9,47,54,1,0, ,3758550,280593
3787,4687,8585,2018-04-19,0,River Birch, ,Betula nigra, ,6,7,45,49,1,0, ,3758550,280591
3788,4688,8586,2018-04-19,0,River Birch, ,Betula nigra, ,5,5,54,55,1,0, ,3758540,280598
3789,4689,8587,2018-04-19,0,River Birch, ,Betula nigra, ,6,7,65,65,1,0, ,3758550,280590
3790,4690,8588,2018-04-19,-99,River Birch, ,Betula nigra, ,7,0,50,0,1,0, ,3758540,280591
3791,4691,8589,2018-04-19,-99,River Birch, ,Betula nigra, ,6,0,48,0,1,0, ,3758550,280588
3792,4692,8590,2018-04-19,-99,River Birch, ,Betula nigra, ,6,0,46,0,1,0, ,3758540,280589
3793,4693,8591,2018-04-19,-99,River Birch, ,Betula nigra, ,6,0,50,0,1,0, ,3758540,280588
3794,4694,8592,2018-04-19,0,River Birch, ,Betula nigra, ,6,7,48,49,1,0, ,3758540,280584
3795,4695,8593,2018-04-19,0,River Birch, ,Betula nigra, ,6,7,52,53,1,0, ,3758540,280581
3796,4696,8594,2018-04-19,-99,River Birch, ,Betula nigra, ,10,0,63,0,1,0, ,3758540,280578
3797,4697,8595,2018-04-19,0,River Birch, ,Betula nigra, ,6,10,53,57,1,0, ,3758550,280584
3798,4698,8596,2018-04-19,-99,River Birch, ,Betula nigra, ,6,0,58,0,1,0, ,3758550,280586
3799,4699,8597,2018-04-19,-99,River Birch, ,Betula nigra, ,8,0,53,0,1,0, ,3758540,280590
3800,4700,8598,2018-04-19,-99,River Birch, ,Betula nigra, ,9,0,53,0,1,0, ,3758540,280592
3801,4701,8599,2018-04-19,0,River Birch, ,Betula nigra, ,6,6,57,58,1,0, ,3758540,280593
3802,4702,8600,2018-04-19,0,River Birch, ,Betula nigra, ,7,9,51,55,1,0, ,3758540,280590
3803,4703,8601,2010-11-19,0,River Birch, ,Betula nigra, ,5,9,56,59,1,0, ,3758540,280586
3804,4704,8602,2018-04-19,0,River Birch, ,Betula nigra, ,8,9,52,53,1,0, ,3758540,280583
3805,4705,8603,2018-04-19,0,River Birch, ,Betula nigra, ,10,10,58,60,1,0, ,3758540,280582
3806,4706,8604,2018-04-19,0,River Birch, ,Betula nigra, ,6,6,46,46,1,0, ,3758540,280583
3807,4707,8605,2018-04-19,0,River Birch, ,Betula nigra, ,10,11,61,65,1,0, ,3758540,280583
3808,4708,8606,2018-04-19,0,River Birch, ,Betula nigra, ,10,12,60,64,1,0, ,3758530,280584
3809,4709,8607,2018-04-19,0,River Birch, ,Betula nigra, ,6,7,48,49,1,0, ,3758540,280579
3810,4710,8608,2018-04-19,0,River Birch, ,Betula nigra, ,12,12,56,57,1,0, ,3758540,280573
3811,4711,8609,2018-04-19,0,River Birch, ,Betula nigra, ,7,7,58,58,1,0, ,3758540,280574
3812,4712,8610,2018-04-19,0,River Birch, ,Betula nigra, ,6,8,54,54,1,0, ,3758540,280572
3813,4713,8611,2018-04-19,0,River Birch, ,Betula nigra, ,6,7,48,49,1,0, ,3758540,280574
3814,4714,8612,2018-04-19,0,River Birch, ,Betula nigra, ,7,7,54,55,1,0, ,3758540,280575
3815,4715,8613,2018-04-19,0,River Birch, ,Betula nigra, ,6,9,48,50,1,0, ,3758540,280576
3816,4716,8614,2018-04-19,0,River Birch, ,Betula nigra, ,4,5,47,48,1,0, ,3758540,280577
3817,4717,8615,2018-04-19,0,River Birch, ,Betula nigra, ,8,8,54,55,1,0, ,3758540,280575
3818,4718,8616,2018-04-19,0,River Birch, ,Betula nigra, ,8,9,52,54,1,0, ,3758540,280577
3819,4719,8617,2018-04-19,0,Red Maple, ,Acer rubrum, ,15,18,55,59,1,0, ,3758550,280579
3820,4720,8618,2018-04-19,-99,Tulip Poplar, ,Liriodendron tulipifera, ,11,0,61,0,1,0, ,3758550,280579
3821,4721,8619,2018-04-19,-99,Foster Holly, ,Ilex x attenuata 'Fosteri', ,4,0,17,0,1,0, ,3758550,280577
3822,4722,8620,2018-04-19,0,Flowering Dogwood, ,Cornus florida, ,3,4,19,26,1,0, ,3758560,280581
3823,4723,8621,2018-04-19,0,Flowering Dogwood, ,Cornus florida, ,3,3,14,20,1,0, ,3758560,280582
3824,4724,8622,2018-04-19,0,Green Ash, ,Fraxinus pennsylvanica, ,5,10,38,46,1,0, ,3758560,280585
3825,4725,8623,2018-04-25,-99,Flowering Dogwood, ,Cornus florida, ,1,0,3,0,1,0, ,3758570,280591
3826,4726,8624,2018-04-25,0,Flowering Dogwood, ,Cornus florida, ,1,3,7,13,1,0, ,3758570,280587
3827,4727,8625,2018-04-25,0,Eastern Redbud, ,Cercis canadensis, ,4,5,24,27,1,0, ,3758570,280581
3828,4728,8626,2018-04-25,0,Eastern Redbud, ,Cercis canadensis, ,7,8,26,28,1,0, ,3758570,280581
3829,4729,8627,2018-04-25,0,White Mulberry, ,Morus alba, ,9,15,36,44,1,0, ,3758570,280584
3830,4730,8628,2018-04-25,-99,Tulip Poplar, ,Liriodendron tulipifera, ,12,0,62,0,1,0, ,3758570,280592
3831,4731,8629,2018-04-25,-99,Tulip Poplar, ,Liriodendron tulipifera, ,13,0,72,0,1,0, ,3758570,280608
3832,4732,8630,2018-04-25,-99,Tulip Poplar, ,Liriodendron tulipifera, ,13,0,62,0,1,0, ,3758570,280612
3833,4733,8631,2018-04-19,0,Tulip Poplar, ,Liriodendron tulipifera, ,10,13,52,56,1,0, ,3758570,280613
3834,4734,8632,2018-04-25,0,Silky Dogwood, ,Cornus amomum, ,1,2,7,12,1,0, ,3758560,280606
3835,4735,8633,2018-04-25,0,Silky Dogwood, ,Cornus amomum, ,2,3,20,23,1,0, ,3758560,280606
3836,4736,8634,2018-04-25,0,Silky Dogwood, ,Cornus amomum, ,3,3,19,22,1,0, ,3758560,280609
3837,4737,8635,2018-04-25,0,Silky Dogwood, ,Cornus amomum, ,1,2,8,10,1,0, ,3758560,280611
3838,4738,8636,2018-04-25,0,Baldcypress, ,Taxodium distichum, ,13,16,58,64,1,0, ,3758570,280609
3839,4739,8637,2018-04-25,0,Baldcypress, ,Taxodium distichum, ,10,11,53,56,1,0, ,3758570,280612
3840,4740,8638,2018-04-25,0,Baldcypress, ,Taxodium distichum, ,11,13,55,59,1,0, ,3758560,280614
3841,4741,8639,2018-04-25,0,Baldcypress, ,Taxodium distichum, ,9,11,38,45,1,0, ,3758560,280617
3842,4742,8640,2018-04-25,-99,Baldcypress, ,Taxodium distichum, ,11,0,60,0,1,0, ,3758560,280615
3843,4743,8641,2018-04-25,-99,Baldcypress, ,Taxodium distichum, ,9,0,53,0,1,0, ,3758560,280617
3844,4744,8642,2018-04-25,0,Eastern Redbud, ,Cercis canadensis, ,1,2,7,7,1,0, ,3758560,280622
3845,4745,8643,2018-04-27,0,Water Oak, ,Quercus nigra, ,27,30,79,82,1,0, ,3758500,280610
3846,4746,8644,2018-04-27,0,Water Oak, ,Quercus nigra, ,18,20,68,70,1,0, ,3758510,280608
3847,4747,8645,2018-04-27,0,Water Oak, ,Quercus nigra, ,28,31,85,88,1,0, ,3758520,280603
3848,4748,8646,2018-04-27,0,Flowering Dogwood, ,Cornus florida, ,6,6,20,27,1,0, ,3758510,280601
3849,4749,8647,2018-04-27,0,Fringe Tree, ,Chionanthus virginicus, ,2,3,11,15,1,0, ,3758520,280594
3850,4750,8648,2018-04-27,0,Fringe Tree, ,Chionanthus virginicus, ,2,4,14,20,1,0, ,3758520,280595
3851,4751,8649,2018-04-27,0,Southern Magnolia, ,Magnolia grandiflora, ,19,24,39,45,1,0, ,3758520,280589
3852,4752,8650,2018-04-27,-99,Southern Magnolia, ,Magnolia grandiflora, ,19,0,30,0,1,0, ,3758520,280577
3853,4753,8651,2018-04-27,-99,Sweetbay Magnolia, ,Magnolia virginiana, ,4,0,33,0,1,0, ,3758520,280576
3854,4754,8652,2018-04-27,-99,Sweetbay Magnolia, ,Magnolia virginiana, ,2,0,19,0,1,0, ,3758520,280575
3855,4755,8653,2018-04-27,-99,Sweetbay Magnolia, ,Magnolia virginiana, ,3,0,25,0,1,0, ,3758510,280575
3856,4756,8654,2018-04-27,0,River Birch, ,Betula nigra, ,12,13,44,48,1,0, ,3758510,280577
3857,4757,8655,2018-04-27,0,River Birch, ,Betula nigra, ,8,9,53,56,1,0, ,3758510,280579
3858,4758,8656,2018-04-27,0,Black Cherry, ,Prunus serotina, ,4,7,28,32,1,0, ,3758510,280577
3859,4759,8657,2018-04-27,0,American Beech, ,Fagus grandifolia, ,7,11,31,38,1,0, ,3758510,280581
3860,4760,8658,2018-04-27,0,American Beech, ,Fagus grandifolia, ,9,13,37,43,1,0, ,3758510,280584
3861,4761,8659,2018-04-27,-99,American Hornbeam, ,Carpinus carolina, ,7,0,36,0,1,0, ,3758500,280588
3862,4762,8660,2018-04-27,0,Eastern Redbud, ,Cercis canadensis, ,5,7,27,33,1,0, ,3758510,280591
3863,4763,8661,2018-04-25,0,River Birch, ,Betula nigra, ,7,11,43,48,1,0, ,3758550,280611
3864,4764,8662,2018-04-25,0,River Birch, ,Betula nigra, ,9,10,40,44,1,0, ,3758540,280616
3865,4765,8663,2018-04-25,0,River Birch, ,Betula nigra, ,9,9,55,58,1,0, ,3758550,280615
3866,4766,8664,2018-04-25,0,River Birch, ,Betula nigra, ,8,9,47,50,1,0, ,3758550,280616
3867,4767,8665,2018-04-25,0,River Birch, ,Betula nigra, ,8,8,58,59,1,0, ,3758550,280614
3868,4768,8666,2018-04-25,-99,River Birch, ,Betula nigra, ,5,0,49,0,1,0, ,3758550,280617
3869,4769,8667,2018-04-25,0,River Birch, ,Betula nigra, ,14,15,65,68,1,0, ,3758560,280616
3870,4770,8668,2018-04-25,0,River Birch, ,Betula nigra, ,7,8,33,36,1,0, ,3758550,280613
3871,4771,8669,2018-04-25,0,Bigleaf Magnolia, ,Magnolia macrophylla, ,4,6,25,30,1,0, ,3758540,280632
3872,4772,8670,2018-04-25,0,Blackgum, ,Nyssa sylvatica, ,6,8,30,33,1,0, ,3758540,280636
3873,4773,8671,2018-04-25,0,Blackgum, ,Nyssa sylvatica, ,6,9,23,30,1,0, ,3758540,280637
3874,4774,8672,2018-04-25,0,Blackgum, ,Nyssa sylvatica, ,8,12,30,38,1,0, ,3758540,280644
3875,4775,8673,2018-04-25,0,American Hornbeam, ,Carpinus carolina, ,10,13,34,38,1,0, ,3758520,280626
3876,4776,8674,2018-04-25,0,American Hornbeam, ,Carpinus carolina, ,10,11,27,33,1,0, ,3758520,280626
3877,4777,8675,2018-04-25,0,American Hornbeam, ,Carpinus carolina, ,5,5,17,20,1,0, ,3758520,280620
3878,4778,8676,2018-04-27,0,Blackgum, ,Nyssa sylvatica, ,10,12,45,48,1,0, ,3758470,280614
3879,4779,8677,2018-04-27,0,Loblolly Pine, ,Pinus taeda, ,19,22,73,76,1,0, ,3758450,280653
3880,4780,8678,2018-04-27,0,Loblolly Pine, ,Pinus taeda, ,18,21,74,77,1,0, ,3758450,280650
3881,4781,8679,2018-04-27,0,Loblolly Pine, ,Pinus taeda, ,18,20,77,79,1,0, ,3758450,280647
3882,4782,8680,2018-04-27,0,Slash Pine, ,Pinus elliottii, ,18,20,80,81,1,0, ,3758460,280648
3883,4783,8681,2018-04-27,0,Loblolly Pine, ,Pinus taeda, ,25,27,75,78,1,0, ,3758450,280645
3884,4784,8682,2018-04-27,0,Slash Pine, ,Pinus elliottii, ,20,22,68,72,1,0, ,3758460,280642
3885,4785,8683,2018-04-27,0,Loblolly Pine, ,Pinus taeda, ,24,26,76,80,1,0, ,3758460,280642
3886,4786,8684,2018-04-27,0,Southern Redcedar, ,Juniperus virginiana var silicic, ,10,11,40,42,1,0, ,3758470,280645
3887,4787,8685,2018-04-27,0,American Yellowwood, ,Cladrastis kentukea, ,3,3,16,18,1,0, ,3758460,280631
3888,4788,8686,2018-04-27,0,Slash Pine, ,Pinus elliottii, ,23,25,66,72,1,0, ,3758460,280626
3889,4789,8687,2018-04-27,0,Sawtooth Oak, ,Quercus acutissima, ,22,26,66,69,1,0, ,3758460,280617
3890,4790,8688,2018-04-27,0,Loblolly Pine, ,Pinus taeda, ,14,16,72,75,1,0, ,3758460,280621
3891,4791,8689,2018-04-27,0,Loblolly Pine, ,Pinus taeda, ,14,16,77,79,1,0, ,3758460,280626
3892,4792,8690,2018-04-27,0,Loblolly Pine, ,Pinus taeda, ,10,13,66,70,1,0, ,3758460,280623
3893,4793,8691,2018-04-27,0,Loblolly Pine, ,Pinus taeda, ,16,17,80,81,1,0, ,3758460,280621
3894,4794,8692,2018-04-27,0,Loblolly Pine, ,Pinus taeda, ,20,22,76,79,1,0, ,3758470,280623
3895,4795,8693,2018-04-27,0,Slash Pine, ,Pinus elliottii, ,20,23,69,72,1,0, ,3758470,280622
3896,4796,8694,2018-04-27,0,Eastern White Pine, ,Pinus strobus, ,15,16,26,30,1,0, ,3758480,280624
3897,4797,8695,2018-04-27,0,Red Maple, ,Acer rubrum, ,9,11,44,48,1,0, ,3758480,280630
3898,4798,8696,2018-04-25,0,Flowering Dogwood, ,Cornus florida, ,1,3,10,21,1,0, ,3758490,280630
3899,4799,8697,2018-04-25,0,Flowering Dogwood, ,Cornus florida, ,5,6,19,23,1,0, ,3758490,280634
3900,4800,8698,2018-04-25,0,Flowering Dogwood, ,Cornus florida, ,4,5,14,17,1,0, ,3758480,280635
3901,4801,8699,2018-04-25,0,Flowering Dogwood, ,Cornus florida, ,6,6,21,25,1,0, ,3758490,280638
3902,4802,8700,2018-04-25,0,Slash Pine, ,Pinus elliottii, ,25,27,83,85,1,0, ,3758490,280643
3903,4803,8701,2018-04-25,0,Slash Pine, ,Pinus elliottii, ,20,24,69,74,1,0, ,3758490,280637
3904,4804,8702,2018-04-25,0,Japanese Red Cedar, ,Cryptomeria japonica, ,12,14,60,65,1,0, ,3758480,280642
3905,4805,8703,2018-04-25,0,Eastern White Pine, ,Pinus strobus, ,20,22,62,67,1,0, ,3758480,280650
3906,4806,8704,2018-04-25,0,Eastern White Pine, ,Pinus strobus, ,10,12,45,49,1,0, ,3758480,280648
3907,4807,8705,2018-04-25,0,Eastern White Pine, ,Pinus strobus, ,17,19,45,52,1,0, ,3758470,280652
3908,4808,8706,2018-04-25,0,Downey Serviceberry, ,Amelanchier arborea, ,1,2,8,15,1,0, ,3758470,280653
3909,4809,8707,2018-04-25,0,Downey Serviceberry, ,Amelanchier arborea, ,1,3,8,17,1,0, ,3758470,280654
3910,4810,8708,2018-04-25,0,Downey Serviceberry, ,Amelanchier arborea, ,1,2,10,17,1,0, ,3758470,280656
3911,4811,8709,2018-04-25,0,Flowering Dogwood, ,Cornus florida, ,5,6,25,28,1,0, ,3758470,280651
3912,4812,8710,2018-04-25,0,Flowering Dogwood, ,Cornus florida, ,8,9,36,39,1,0, ,3758480,280662
3913,4813,8711,2018-04-25,0,Flowering Dogwood, ,Cornus florida, ,6,10,20,32,1,0, ,3758470,280662
3914,4814,8712,2018-04-25,-99,Flowering Dogwood, ,Cornus florida, ,8,0,22,0,1,0, ,3758470,280664
3915,4815,8713,2018-04-27,0,Red Buckeye, ,Aesculus pavia, ,3,4,9,16,1,0, ,3758460,280663
3916,4816,8714,2018-04-25,0,Sweetbay Magnolia, ,Magnolia virginiana, ,4,5,31,33,1,0, ,3758480,280665
3917,4817,8715,2018-04-25,-99,Sweetbay Magnolia, ,Magnolia virginiana, ,6,0,33,0,1,0, ,3758480,280666
3918,4818,8716,2018-04-25,-99,Sweetbay Magnolia, ,Magnolia virginiana, ,5,0,35,0,1,0, ,3758480,280665
3919,4819,8717,2018-04-25,-99,Sweetbay Magnolia, ,Magnolia virginiana, ,4,0,30,0,1,0, ,3758480,280669
3920,4820,8718,2018-04-25,-99,Sweetbay Magnolia, ,Magnolia virginiana, ,3,0,25,0,1,0, ,3758470,280672
3921,4821,8719,2018-04-25,0,Sweetbay Magnolia, ,Magnolia virginiana, ,3,4,23,27,1,0, ,3758470,280675
3922,4822,8720,2018-04-25,0,Loblolly Pine, ,Pinus taeda, ,23,26,76,80,1,0, ,3758470,280673
3923,4823,8721,2018-04-25,0,Loblolly Pine, ,Pinus taeda, ,20,22,68,70,1,0, ,3758470,280678
3924,4824,8722,2018-04-27,-99,Slash Pine, ,Pinus elliottii, ,21,0,64,0,1,0, ,3758460,280671
3925,4825,8723,2018-04-27,-99,Eastern Redbud, ,Cercis canadensis, ,9,0,22,0,1,0, ,3758460,280669
3926,4826,8724,2018-04-27,0,Flowering Dogwood, ,Cornus florida, ,6,6,13,24,1,0, ,3758450,280670
3927,4827,8725,2018-04-25,0,Dawn Redwood, ,Metasequoia glyptostroboides, ,4,6,12,27,1,0, ,3758490,280694
3928,4828,8726,2018-04-25,0,Southern Magnolia, ,Magnolia grandiflora, ,6,9,22,29,1,0, ,3758480,280729
3929,4829,8727,2018-04-25,0,Southern Magnolia, ,Magnolia grandiflora, ,9,11,25,33,1,0, ,3758480,280736
3930,4830,8728,2018-04-25,0,Loblolly Pine, ,Pinus taeda, ,9,14,37,44,1,0, ,3758470,280729
3931,4831,8729,2018-04-25,0,Loblolly Pine, ,Pinus taeda, ,11,16,45,54,1,0, ,3758470,280726
3932,4832,8730,2018-04-25,0,Loblolly Pine, ,Pinus taeda, ,5,9,40,44,1,0, ,3758470,280725
3933,4833,8731,2018-04-25,0,Loblolly Pine, ,Pinus taeda, ,11,13,42,47,1,0, ,3758470,280718
3934,4834,8732,2018-04-25,0,Loblolly Pine, ,Pinus taeda, ,8,8,40,40,1,0, ,3758470,280716
3935,4835,8733,2018-04-25,0,Loblolly Pine, ,Pinus taeda, ,8,11,40,42,1,0, ,3758480,280717
3936,4836,8734,2018-04-25,0,Loblolly Pine, ,Pinus taeda, ,20,22,47,56,1,0, ,3758480,280715
3937,4837,8735,2018-04-25,0,Sweetbay Magnolia, ,Magnolia virginiana, ,5,6,22,27,1,0, ,3758470,280730
3938,4838,8736,2018-04-25,0,Sweetbay Magnolia, ,Magnolia virginiana, ,4,5,19,22,1,0, ,3758470,280732
3939,4839,8737,2018-04-25,0,Sweetbay Magnolia, ,Magnolia virginiana, ,4,5,22,25,1,0, ,3758470,280734
3940,4840,8738,2018-04-25,0,Sweetbay Magnolia, ,Magnolia virginiana, ,3,4,15,18,1,0, ,3758470,280737
3941,4841,8739,2018-04-25,0,Sweetbay Magnolia, ,Magnolia virginiana, ,4,5,20,23,1,0, ,3758470,280736
3942,4842,8740,2018-04-25,0,Loblolly Pine, ,Pinus taeda, ,10,15,35,46,1,0, ,3758460,280733
3943,4843,8741,2018-04-25,0,Loblolly Pine, ,Pinus taeda, ,10,14,25,37,1,0, ,3758460,280737
3944,4844,8742,2018-04-25,0,Loblolly Pine, ,Pinus taeda, ,12,16,55,63,1,0, ,3758370,280837
3945,4845,8743,2018-04-25,0,Loblolly Pine, ,Pinus taeda, ,13,17,51,62,1,0, ,3758360,280837
3946,4846,8744,2018-04-25,0,Loblolly Pine, ,Pinus taeda, ,13,14,53,56,1,0, ,3758360,280840
3947,4847,8745,2018-04-25,0,Loblolly Pine, ,Pinus taeda, ,16,18,55,60,1,0, ,3758350,280833
3948,4848,8746,2018-04-25,0,Loblolly Pine, ,Pinus taeda, ,2,4,8,13,1,0, ,3758350,280838
3949,4849,8747,2018-04-25,0,Loblolly Pine, ,Pinus taeda, ,15,18,46,51,1,0, ,3758350,280837
3950,4850,8748,2018-04-25,0,Loblolly Pine, ,Pinus taeda, ,12,15,53,58,1,0, ,3758350,280835
3951,4851,8749,2018-04-25,0,Loblolly Pine, ,Pinus taeda, ,12,14,59,63,1,0, ,3758350,280842
3952,4852,8750,2018-04-25,0,Loblolly Pine, ,Pinus taeda, ,10,11,56,59,1,0, ,3758350,280842
3953,4853,8751,2018-04-25,0,Loblolly Pine, ,Pinus taeda, ,11,13,66,68,1,0, ,3758360,280845
3954,4854,8752,2018-04-25,0,Loblolly Pine, ,Pinus taeda, ,16,17,66,70,1,0, ,3758360,280846
3955,4855,8753,2018-04-25,0,Loblolly Pine, ,Pinus taeda, ,10,13,59,64,1,0, ,3758370,280844
3956,4856,8754,2018-04-25,0,Loblolly Pine, ,Pinus taeda, ,10,13,59,63,1,0, ,3758370,280843
3957,4857,8755,2018-04-25,0,Loblolly Pine, ,Pinus taeda, ,10,12,61,64,1,0, ,3758360,280841
3958,4858,8756,2010-11-19,0,Nuttall Oak, ,Quercus nutallii, ,3,0,17,0,1,0, ,3758210,280589
3959,4859,8757,2010-11-19,0,Nuttall Oak, ,Quercus nutallii, ,3,0,18,0,1,0, ,3758210,280583
3960,4860,8758,2010-11-19,0,Nuttall Oak, ,Quercus nutallii, ,3,0,18,0,1,0, ,3758220,280577
3961,4887,8785,2018-04-19,-99,Loblolly Pine, ,Pinus taeda, ,10,0,38,0,1,0, ,3758570,280625
3962,4888,8786,2018-04-19,0,Loblolly Pine, ,Pinus taeda, ,16,19,67,75,1,0, ,3758580,280627
3963,4889,8787,2018-04-19,0,Loblolly Pine, ,Pinus taeda, ,4,6,20,31,1,0, ,3758570,280629
3964,4890,8788,2018-04-19,0,Loblolly Pine, ,Pinus taeda, ,4,9,30,44,1,0, ,3758570,280631
3965,4891,8789,2018-04-19,0,Loblolly Pine, ,Pinus taeda, ,5,7,30,35,1,0, ,3758570,280633
3966,4892,8790,2018-04-19,0,Loblolly Pine, ,Pinus taeda, ,13,14,69,73,1,0, ,3758570,280631
3967,4893,8791,2018-04-19,0,Loblolly Pine, ,Pinus taeda, ,8,11,50,57,1,0, ,3758570,280634
3968,4894,8792,2018-04-19,0,Loblolly Pine, ,Pinus taeda, ,4,5,28,32,1,0, ,3758570,280635
3969,4895,8793,2018-04-19,0,Loblolly Pine, ,Pinus taeda, ,10,12,65,71,1,0, ,3758570,280635
3970,4896,8794,2018-04-19,0,Loblolly Pine, ,Pinus taeda, ,15,16,80,83,1,0, ,3758570,280635
3971,4897,8795,2018-04-19,0,Loblolly Pine, ,Pinus taeda, ,12,14,71,76,1,0, ,3758570,280638
3972,4898,8796,2018-04-19,0,Loblolly Pine, ,Pinus taeda, ,9,11,59,63,1,0, ,3758570,280637
3973,4899,8797,2018-04-19,0,Eastern Redcedar, ,Juniperus virginiana, ,2,3,13,20,1,0, ,3758570,280623
3974,4900,8798,2018-04-19,0,Carolina Laurelcherry, ,Prunus caroliniana, ,3,7,15,34,1,0, ,3758570,280621
3975,4901,8799,2018-04-19,-99,Carolina Laurelcherry, ,Prunus caroliniana, ,6,0,18,0,1,0, ,3758570,280620
3976,4902,8800,2018-04-19,0,Carolina Laurelcherry, ,Prunus caroliniana, ,4,11,14,38,1,0, ,3758580,280618
3977,4903,8801,2018-04-19,0,Carolina Laurelcherry, ,Prunus caroliniana, ,4,10,24,35,1,0, ,3758580,280610
3978,4904,8802,2018-04-19,0,Carolina Laurelcherry, ,Prunus caroliniana, ,4,9,15,29,1,0, ,3758580,280606
3979,4905,8803,2018-04-25,0,Carolina Laurelcherry, ,Prunus caroliniana, ,8,10,28,33,1,0, ,3758570,280607
3980,4906,8804,2018-04-06,0,Water Oak, ,Quercus nigra, ,11,14,46,49,1,0, ,3758660,280431
3981,4907,8805,2018-04-06,0,White Pine, ,Pinus strobus, ,18,20,80,90,1,0, ,3758670,280417
3982,4908,8806,2018-04-06,0,Ginkgo, ,Ginkgo biloba, ,8,9,33,37,1,0, ,3758670,280388
3983,4909,8807,2018-04-06,0,Southern Magnolia, ,Magnolia grandiflora, ,0,10,44,50,1,0, ,3758670,280520
3984,4910,8808,2018-04-06,0,Shortleaf Pine, ,Pinus echinata, ,18,19,67,73,1,0, ,3758670,280405
3985,4911,8809,2010-11-19,0,Shortleaf Pine, ,Pinus echinata, ,24,25,78,82,1,0, ,3758670,280398
3986,4912,8810,2018-04-06,-99,Pin Oak, ,Quercus palustris, ,25,0,68,0,1,0, ,3758670,280414
3987,4913,8811,2018-04-06,0,Shortleaf Pine, ,Pinus echinata, ,14,15,59,67,1,0, ,3758670,280403
3988,4914,8812,2018-05-05,0,Dawn Redwood, ,Metasequoia glyptostroboides, ,15,29,55,71,1,0, ,3758670,280547
3989,4915,8813,2018-04-06,0,Flowering Dogwood, ,Cornus florida, ,11,11,32,33,1,0, ,3758670,280527
3990,4916,8814,2018-04-06,0,Southern Magnolia, ,Magnolia grandiflora, ,15,16,52,55,1,0, ,3758670,280522
3991,4917,8815,2018-04-04,0,Loblolly Pine, ,Pinus taeda, ,21,23,65,72,1,0, ,3758870,280549
3992,4918,8816,2018-04-02,0,Nellie Stevens Holly, ,Ilex x 'Nellie R. Stevens', ,7,9,21,31,1,0, ,3758870,280582
3993,4919,8817,2018-04-02,0,Nellie Stevens Holly, ,Ilex x 'Nellie R. Stevens', ,3,4,14,24,1,0, ,3758870,280579
3994,4920,8818,2018-04-02,0,Goldenraintree, ,Koelreuteria paniculata, ,8,16,36,41,1,0, ,3758880,280576
3995,4921,8819,2018-04-02,0,Nellie Stevens Holly, ,Ilex x 'Nellie R. Stevens', ,3,5,16,25,1,0, ,3758880,280579
3996,4922,8820,2018-04-04,0,Willow Oak, ,Quercus phellos, ,30,36,72,76,1,0, ,3758880,280536
3997,4923,8821,2018-04-06,0,Japanese Zelkova, ,Zelkova serrata, ,15,25,40,49,1,0, ,3758880,280420
3998,4924,8822,2018-04-04,0,River Birch, ,Betula nigra, ,13,14,60,66,1,0, ,3758880,280488
3999,4925,8823,2018-04-02,0,Black Maple (Acer nigrum), ,Acer sp., ,17,19,54,60,1,0, ,3758880,280675
4000,4926,8825,2018-04-02,0,Southern Magnolia, ,Magnolia grandiflora, ,20,24,42,50,1,0, ,3758880,280564
4001,4927,8826,2018-04-04,0,White Oak, ,Quercus alba, ,16,23,46,55,1,0, ,3758890,280519
4002,4928,8827,2018-04-02,0,Eastern Red Cedar, ,Juniperus virginiana, ,23,25,48,51,1,0, ,3758890,280573
4003,4929,8829,2018-04-13,-99,Pin Oak, ,Quercus palustris, ,21,0,47,0,1,0, ,3758310,280360
4004,4930,8830,2018-04-13,0,Pin Oak, ,Quercus palustris, ,30,31,53,55,1,0, ,3758320,280342
4005,4931,8831,2018-04-12,-99,American Elm, ,Ulmus americana, ,27,0,41,0,1,0, ,3758380,280297
4006,4932,8832,2018-04-12,0,Pecan, ,Carya illinoinensis, ,26,28,60,62,1,0, ,3758400,280279
4007,4933,8833,2018-04-12,-99,Pecan, ,Carya illinoinensis, ,28,0,63,0,1,0, ,3758420,280267
4008,4934,8834,2018-04-12,0,Pecan, ,Carya illinoinensis, ,29,30,67,69,1,0, ,3758430,280257
4009,4935,8835,2018-04-12,0,Pecan, ,Carya illinoinensis, ,25,27,59,64,1,0, ,3758440,280247
4010,4936,8836,2018-04-13,0,Pecan, ,Carya illinoinensis, ,29,29,125,125,1,0, ,3758450,280453
4011,4937,8837,2018-04-02,-99,Leyland Cypress, ,X Cupressocyparis leylandii, ,11,0,51,0,1,0, ,3758830,280586
4012,4938,8838,2018-04-02,-99,Leyland Cypress, ,X Cupressocyparis leylandii, ,10,0,46,0,1,0, ,3758830,280585
4013,4939,8839,2018-04-02,0,Sugar Maple, ,Acer saccharum, ,16,17,42,48,1,0, ,3758830,280661
4014,4940,8840,2018-04-04,0,Eastern Red Cedar, ,Juniperus virginiana, ,11,13,37,45,1,0, ,3758840,280567
4015,4941,8841,2018-04-04,0,Water Oak, ,Quercus nigra, ,38,40,54,62,1,0, ,3758840,280563
4016,4942,8842,2018-04-02,-99,Sugar Maple, ,Acer saccharum, ,13,0,24,0,1,0, ,3758830,280691
4017,4943,8844,2018-04-06,0,Water Oak, ,Quercus nigra, ,40,45,66,71,1,0, ,3758840,280514
4018,4944,8845,2018-04-02,0,Leyland Cypress, ,X Cupressocyparis leylandii, ,8,12,37,48,1,0, ,3758840,280581
4019,4945,8846,2018-04-02,0,Leyland Cypress, ,X Cupressocyparis leylandii, ,10,12,41,48,1,0, ,3758840,280579
4020,4946,8847,2018-04-04,0,Water Oak, ,Quercus nigra, ,43,47,57,65,1,0, ,3758850,280561
4021,4947,8848,2018-04-06,-99,Crabapple, ,Malus spp., ,4,0,21,0,1,0, ,3758850,280499
4022,4948,8849,2018-04-04,0,Eastern Red Cedar, ,Juniperus virginiana, ,19,20,34,42,1,0, ,3758850,280537
4023,4949,8850,2018-04-02,0,Leyland Cypress, ,X Cupressocyparis leylandii, ,11,13,38,44,1,0, ,3758850,280578
4024,4950,8851,2018-04-13,0,Lacebark Elm, ,Ulmus parviflora, ,14,16,64,67,1,0, ,3758450,280446
4025,4951,8852,2018-04-13,0,Lacebark Elm, ,Ulmus parviflora, ,36,38,75,80,1,0, ,3758460,280450
4026,4952,8853,2018-04-13,0,Lacebark Elm, ,Ulmus parviflora, ,24,25,65,68,1,0, ,3758460,280443
4027,4953,8854,2018-04-13,0,Lacebark Elm, ,Ulmus parviflora, ,16,18,70,75,1,0, ,3758460,280460
4028,4954,8855,2018-04-13,0,Lacebark Elm, ,Ulmus parviflora, ,15,16,90,92,1,0, ,3758460,280458
4029,4955,8856,2018-04-13,0,Lacebark Elm, ,Ulmus parviflora, ,20,22,59,64,1,0, ,3758460,280448
4030,4956,8857,2018-03-30,0,Willow Oak, ,Quercus phellos, ,39,41,83,88,1,0, ,3758510,280198
4031,4957,8858,2018-03-30,0,Willow Oak, ,Quercus phellos, ,37,40,76,80,1,0, ,3758510,280190
4032,4958,8859,2018-04-13,0,Chinese Fringetree, ,Chionanthus retusus, ,10,12,33,39,1,0, ,3758520,280414
4033,4959,8860,2018-03-30,0,Pecan, ,Carya illinoinensis, ,25,27,61,66,1,0, ,3758530,280182
4034,4960,8861,2018-04-13,0,Trident Maple, ,Acer buergeranum, ,11,19,50,61,1,0, ,3758520,280409
4035,4961,8862,2018-03-30,0,Southern Magnolia, ,Magnolia grandiflora, ,30,46,67,74,1,0, ,3758540,280206
4036,4962,8863,2018-03-30,0,Pecan, ,Carya illinoinensis, ,30,32,71,78,1,0, ,3758540,280169
4037,4963,8864,2018-03-30,0,Willow Oak, ,Quercus phellos, ,45,48,85,88,1,0, ,3758540,280181
4038,4964,8865,2018-03-30,0,Willow Oak, ,Quercus phellos, ,37,40,83,86,1,0, ,3758560,280155
4039,4965,8866,2018-03-30,0,Pecan, ,Carya illinoinensis, ,16,27,77,84,1,0, ,3758560,280178
4040,4966,8868,2018-03-30,0,Pecan, ,Carya illinoinensis, ,33,35,89,95,1,0, ,3758580,280172
4041,4967,8869,2018-03-30,0,Pecan, ,Carya illinoinensis, ,29,33,75,80,1,0, ,3758580,280180
4042,4968,8870,2018-03-30,0,Pecan, ,Carya illinoinensis, ,39,40,101,101,1,0, ,3758590,280180
4043,4969,8871,2018-03-30,0,Ginkgo, ,Ginkgo biloba, ,4,10,20,34,1,0, ,3758600,280158
4044,4970,8872,2018-04-11,-99,Eastern Redbud, ,Cercis canadensis, ,6,0,25,0,1,0, ,3758590,280489
4045,4971,8873,2018-04-11,0,Eastern Redbud, ,Cercis canadensis, ,4,5,16,21,1,0, ,3758590,280492
4046,4972,8874,2018-04-11,-99,Crapemyrtle, ,Lagerstroemia x, ,3,0,17,0,1,0, ,3758590,280447
4047,4973,8875,2018-03-30,0,Post Oak, ,Quercus stellata, ,35,38,76,80,1,0, ,3758610,280140
4048,4974,8876,2018-04-11,0,Eastern Redbud, ,Cercis canadensis, ,5,7,23,29,1,0, ,3758600,280492
4049,4975,8877,2018-03-30,-99,Pecan, ,Carya illinoinensis, ,25,0,81,0,1,0, ,3758600,280194
4050,4976,8878,2018-03-30,0,Nuttall Oak, ,Quercus nutallii, ,8,19,37,56,1,0, ,3758600,280310
4051,4977,8879,2018-04-11,0,Nellie Stevens Holly, ,Ilex x 'Nellie R. Stevens', ,8,9,23,27,1,0, ,3758600,280498
4052,4978,8880,2018-03-30,-99,Pin Oak, ,Quercus palustris, ,27,0,58,0,1,0, ,3758610,280312
4053,4979,8881,2018-03-30,0,Willow Oak, ,Quercus phellos, ,36,41,95,99,1,0, ,3758610,280149
4054,4980,8883,2018-03-30,-99,Wax Myrtle, ,Myrica cerifera, ,3,0,12,0,1,0, ,3758610,280336
4055,4981,8884,2018-03-30,0,Pecan, ,Carya illinoinensis, ,26,29,61,63,1,0, ,3758620,280252
4056,4982,8885,2018-03-30,0,Willow Oak, ,Quercus phellos, ,38,44,91,95,1,0, ,3758630,280160
4057,4983,8886,2018-03-30,0,Pecan, ,Carya illinoinensis, ,29,35,73,78,1,0, ,3758630,280234
4058,4984,8887,2018-03-30,-99,Water Oak, ,Quercus nigra, ,56,0,75,0,1,0, ,3758640,280182
4059,4985,8888,2018-03-30,0,Red Maple, ,Acer Rubrum, ,9,13,32,45,1,0, ,3758630,280226
4060,4986,8889,2018-04-11,0,Persian Parrotia, ,Parrotia persica, ,4,5,26,30,1,0, ,3758630,280502
4061,4987,8890,2018-04-11,0,Persian Parrotia, ,Parrotia persica, ,6,8,32,37,1,0, ,3758630,280496
4062,4988,8891,2018-04-11,0,Nellie Stevens Holly, ,Ilex x 'Nellie R. Stevens', ,6,7,28,34,1,0, ,3758630,280485
4063,4989,8892,2018-04-02,0,Sugar Maple, ,Acer saccharum, ,18,20,51,58,1,0, ,3758620,280843
4064,4990,8893,2018-04-11,0,Nellie Stevens Holly, ,Ilex x 'Nellie R. Stevens', ,6,8,29,36,1,0, ,3758640,280471
4065,4991,8894,2018-04-11,0,Persian Parrotia, ,Parrotia persica, ,4,5,30,34,1,0, ,3758640,280461
4066,4992,8895,2018-04-11,0,Persian Parrotia, ,Parrotia persica, ,5,6,29,33,1,0, ,3758640,280456
4067,4993,8896,2018-04-11,-99,Pin Oak, ,Quercus palustris, ,37,0,71,0,1,0, ,3758640,280504
4068,4994,8897,2018-04-11,0,Water Oak, ,Quercus nigra, ,14,20,50,57,1,0, ,3758650,280489
4069,4995,8898,2018-04-06,0,Water Oak, ,Quercus nigra, ,35,37,84,88,1,0, ,3758660,280437
4070,4996,8899,2018-03-30,0,Yaupon Holly, ,Ilex vomitoria, ,5,6,27,35,1,0, ,3758660,280339
4071,4997,8900,2018-04-06,0,Flowering Dogwood, ,Cornus florida, ,5,5,20,23,1,0, ,3758660,280427
4072,4998,8901,2018-04-06,0,Flowering Dogwood, ,Cornus florida, ,7,8,20,25,1,0, ,3758660,280423
4073,4999,8902,2018-04-06,0,Water Oak, ,Quercus nigra, ,15,21,45,52,1,0, ,3758660,280445
4074,5000,8903,2018-04-06,0,Flowering Dogwood, ,Cornus florida, ,4,5,15,22,1,0, ,3758660,280423
4075,5001,8905,2018-04-04,-99,White Oak, ,Quercus alba, ,41,0,74,0,1,0, ,3758760,280593
4076,5002,8906,2018-04-02,0,Flowering Dogwood, ,Cornus florida, ,9,10,25,32,1,0, ,3758770,280632
4077,5003,8907,2018-04-02,0,American Elm, ,Ulmus americana, ,29,30,47,51,1,0, ,3758770,280668
4078,5004,8908,2018-04-02,0,Nellie Stevens Holly, ,Ilex x 'Nellie R. Stevens', ,4,7,20,26,1,0, ,3758770,280610
4079,5005,8909,2018-04-02,-99,Cherry Laurel, ,Prunus caroliniana, ,20,0,34,0,1,0, ,3758780,280612
4080,5006,8910,2018-04-02,-99,Sugar Maple, ,Acer saccharum, ,20,0,38,0,1,0, ,3758770,280689
4081,5007,8911,2018-04-02,-99,Flowering Dogwood, ,Cornus florida, ,10,0,28,0,1,0, ,3758780,280611
4082,5008,8912,2018-04-02,0,Eastern Red Cedar, ,Juniperus virginiana, ,12,15,40,49,1,0, ,3758780,280664
4083,5009,8914,2018-04-04,0,Water Oak, ,Quercus nigra, ,40,41,81,84,1,0, ,3758790,280586
4084,5010,8915,2018-04-04,-99,Tulip Poplar, ,Liriodendron tulipifera, ,11,0,58,0,1,0, ,3758790,280569
4085,5011,8916,2018-04-02,-99,Kousa Dogwood, ,Cornus kousa, ,1,0,12,0,1,0, ,3758790,280610
4086,5012,8917,2018-04-02,0,Deodar Cedar, ,Cedrus deodora, ,36,41,76,81,1,0, ,3758800,280616
4087,5013,8918,2018-04-04,0,Tulip Poplar, ,Liriodendron tulipifera, ,13,14,67,71,1,0, ,3758800,280572
4088,5014,8919,2018-04-02,0,Nuttall Oak, ,Quercus nutallii, ,13,19,43,49,1,0, ,3758800,280668
4089,5015,8920,2018-04-02,-99,Leyland Cypress, ,X Cupressocyparis leylandii, ,14,0,37,0,1,0, ,3758800,280644
4090,5016,8921,2018-04-04,0,Formosan Sweetgum, ,Liquidambar formosana, ,30,34,61,70,1,0, ,3758800,280584
4091,5017,8922,2010-11-19,0,Leyland Cypress, ,X Cupressocyparis leylandii, ,15,21,41,52,1,0, ,3758800,280640
4092,5018,8923,2018-04-02,-99,Leyland Cypress, ,X Cupressocyparis leylandii, ,12,0,44,0,1,0, ,3758800,280635
4093,5019,8924,2018-04-02,0,Eastern Red Cedar, ,Juniperus virginiana, ,4,6,8,15,1,0, ,3758800,280614
4094,5020,8925,2018-04-02,-99,Leyland Cypress, ,X Cupressocyparis leylandii, ,16,0,47,0,1,0, ,3758800,280626
4095,5021,8926,2018-04-02,0,Eastern Red Cedar, ,Juniperus virginiana, ,4,6,15,21,1,0, ,3758810,280616
4096,5022,8927,2018-04-02,-99,Leyland Cypress, ,X Cupressocyparis leylandii, ,10,0,47,0,1,0, ,3758810,280622
4097,5023,8928,2018-04-02,0,Eastern Red Cedar, ,Juniperus virginiana, ,5,7,8,18,1,0, ,3758810,280615
4098,5024,8929,2018-04-02,0,Leyland Cypress, ,X Cupressocyparis leylandii, ,12,14,44,55,1,0, ,3758810,280618
4099,5025,8930,2018-04-02,0,Nuttall Oak, ,Quercus nutallii, ,13,19,38,47,1,0, ,3758810,280673
4100,5026,8931,2018-04-02,0,Southern Magnolia, ,Magnolia grandiflora, ,15,17,46,48,1,0, ,3758820,280594
4101,5027,8932,2018-04-02,0,Sugar Maple, ,Acer saccharum, ,6,12,20,35,1,0, ,3758820,280685
4102,5028,8934,2018-04-06,0,Live Oak, ,Quercus virginiana, ,35,37,72,77,1,0, ,3758830,280531
4103,5029,8936,2018-04-02,0,Nuttall Oak, ,Quercus nutallii, ,11,16,38,44,1,0, ,3758830,280674
4104,5030,8937,2018-04-04,0,Chaste Tree, ,Vitex agnus-castus, ,4,5,17,20,1,0, ,3758830,280570
4105,5031,8938,2018-04-04,0,Southern Magnolia, ,Magnolia grandiflora, ,22,24,64,66,1,0, ,3758850,280508
4106,5032,8939,2018-04-02,0,Sugar Maple, ,Acer saccharum, ,13,22,0,45,1,0, ,3758850,280687
4107,5033,8940,2018-04-04,0,Water Oak, ,Quercus nigra, ,43,44,81,89,1,0, ,3758860,280543
4108,5034,8941,2018-04-02,0,Crapemyrtle, ,Lagerstroemia x, ,11,12,31,36,1,0, ,3758850,280676
4109,5035,8942,2018-04-02,0,Deodar Cedar, ,Cedrus deodora, ,42,57,64,76,1,0, ,3758850,280666
4110,5036,8943,2018-04-02,0,Flowering Dogwood, ,Cornus florida, ,5,10,26,32,1,0, ,3758850,280683
4111,5037,8944,2018-04-02,0,Crapemyrtle, ,Lagerstroemia x, ,8,9,33,36,1,0, ,3758850,280679
4112,5038,8945,2018-04-02,0,Crapemyrtle, ,Lagerstroemia x, ,8,9,40,41,1,0, ,3758860,280676
4113,5039,8946,2018-04-04,0,Southern Magnolia, ,Magnolia grandiflora, ,23,25,52,62,1,0, ,3758860,280527
4114,5040,8947,2018-04-06,-99,American Beech, ,Fagus grandifolia, ,31,0,61,0,1,0, ,3758860,280490
4115,5041,8948,2018-04-02,0,Flowering Dogwood, ,Cornus florida, ,5,12,26,34,1,0, ,3758860,280685
4116,5042,8949,2018-04-02,0,Dawn Redwood, ,Metasequoia glyptostroboides, ,23,27,75,81,1,0, ,3758860,280579
4117,5043,8950,2018-04-02,0,European Hornbeam, ,Carpinus betulus, ,5,8,25,32,1,0, ,3758860,280615
4118,5044,8951,2018-04-02,-99,Foster's Holly #2, ,Ilex x attenuata 'Fosteri', ,3,0,10,0,1,0, ,3758860,280622
4119,5045,8952,2018-04-02,0,European Hornbeam, ,Carpinus betulus, ,5,8,26,30,1,0, ,3758860,280608
4120,5046,8953,2018-04-06,0,Deodar Cedar, ,Cedrus deodora, ,40,42,67,75,1,0, ,3758870,280451
4121,5047,8954,2018-04-02,0,European Hornbeam, ,Carpinus betulus, ,5,8,24,31,1,0, ,3758860,280611
4122,5048,8955,2018-04-02,0,Foster's Holly #2, ,Ilex x attenuata 'Fosteri', ,3,4,13,23,1,0, ,3758860,280616
4123,5049,8956,2018-04-04,0,Live Oak, ,Quercus virginiana, ,5,24,42,58,1,0, ,3758870,280542
4124,5050,8957,2018-04-02,0,Sugar Maple, ,Acer saccharum, ,9,12,31,89,1,0, ,3758860,280676
4125,5051,8959,2018-04-04,0,Water Oak, ,Quercus nigra, ,52,54,78,81,1,0, ,3758870,280506
4126,5052,8962,2018-04-04,0,Southern Magnolia, ,Magnolia grandiflora, ,8,23,54,60,1,0, ,3758870,280495
4127,5053,8963,2018-04-02,0,Eastern Red Cedar, ,Juniperus virginiana, ,23,25,50,55,1,0, ,3758890,280575
4128,5054,8964,2018-04-04,0,Flowering Dogwood, ,Cornus florida, ,5,9,23,31,1,0, ,3758890,280530
4129,5055,8966,2018-04-02,-99,Pin Oak, ,Quercus palustris, ,41,0,82,0,1,0, ,3758890,280565
4130,5056,8967,2018-04-02,0,Eastern Red Cedar, ,Juniperus virginiana, ,18,19,55,62,1,0, ,3758890,280577
4131,5057,8968,2018-04-02,0,Flowering Dogwood, ,Cornus florida, ,7,8,22,25,1,0, ,3758890,280656
4132,5058,8969,2018-04-02,-99,Eastern Redbud, ,Cercis canadensis, ,6,0,20,0,1,0, ,3758900,280600
4133,5059,8970,2018-04-02,0,Sugar Maple, ,Acer saccharum, ,18,19,45,51,1,0, ,3758900,280635
4134,5060,8971,2018-04-02,0,Sugar Maple, ,Acer saccharum, ,11,14,40,48,1,0, ,3758900,280646
4135,5061,8972,2018-04-02,-99,Eastern Redbud, ,Cercis canadensis, ,11,0,30,0,1,0, ,3758900,280606
4136,5062,8973,2018-04-02,0,Ginkgo, ,Ginkgo biloba, ,8,11,36,41,1,0, ,3758900,280556
4137,5063,8974,2018-04-02,-99,Pearl Bush, ,Unknown tree, ,3,0,16,0,1,0, ,3758900,280602
4138,5064,8975,2018-04-02,0,White Oak, ,Quercus alba, ,40,43,71,81,1,0, ,3758910,280575
4139,5065,8976,2018-04-02,0,Flowering Dogwood, ,Cornus florida, ,6,8,24,33,1,0, ,3758900,280626
4140,5066,8977,2018-04-02,0,Cherry Laurel, ,Prunus caroliniana, ,9,11,33,38,1,0, ,3758910,280603
4141,5067,8978,2010-11-19,0,Weeping Cherry, ,Prunus subhirtella 'Pendulata', ,12,0,38,0,1,0, ,3758720,280424
4142,5068,8979,2018-04-06,-99,Black Walnut, ,Juglans nigra, ,23,0,27,0,1,0, ,3758720,280396
4143,5069,8980,2018-04-06,0,Crapemyrtle, ,Lagerstroemia x, ,7,9,26,34,1,0, ,3758710,280403
4144,5070,8981,2018-04-06,-99,White Pine, ,Pinus strobus, ,21,0,71,0,1,0, ,3758700,280406
4145,5071,8982,2018-04-06,0,Southern Magnolia, ,Magnolia grandiflora, ,27,33,68,72,1,0, ,3758700,280400
4146,5072,8983,2018-04-06,0,Ginkgo, ,Ginkgo biloba, ,30,41,50,55,1,0, ,3758700,280394
4147,5073,8984,2010-11-19,-99,Water Oak, ,Quercus nigra, ,46,0,77,0,1,0, ,3758690,280426
4148,5074,8985,2018-04-06,-99,Eastern Redbud, ,Cercis canadensis, ,6,0,17,0,1,0, ,3758680,280430
4149,5075,8986,2018-04-06,-99,Pin Oak, ,Quercus palustris, ,14,0,47,0,1,0, ,3758680,280455
4150,5076,8987,2018-04-06,-99,Pin Oak, ,Quercus palustris, ,48,0,84,0,1,0, ,3758670,280465
4151,5077,8988,2018-05-05,-99,Japanese Zelkova, ,Zelkova serrata, ,18,0,48,0,1,0, ,3758670,280566
4152,5078,8989,2018-05-05,0,Dawn Redwood, ,Metasequoia glyptostroboides, ,16,27,54,73,1,0, ,3758690,280554
4153,5079,8990,2018-05-05,-99,Japanese Zelkova, ,Zelkova serrata, ,22,0,56,0,1,0, ,3758700,280573
4154,5080,8991,2018-05-05,-99,Japanese Zelkova, ,Zelkova serrata, ,17,0,36,0,1,0, ,3758680,280568
4155,5081,8992,2018-05-05,0,Dawn Redwood, ,Metasequoia glyptostroboides, ,13,22,54,70,1,0, ,3758710,280562
4156,5082,8993,2018-05-05,-99,Japanese Zelkova, ,Zelkova serrata, ,21,0,56,0,1,0, ,3758700,280576
4157,5083,8994,2018-04-04,0,Flowering Dogwood, ,Cornus florida, ,6,7,20,24,1,0, ,3758730,280560
4158,5084,8995,2018-04-04,0,Flowering Dogwood, ,Cornus florida, ,9,10,25,29,1,0, ,3758730,280557
4159,5085,8996,2018-04-04,0,Lusterleaf Holly, ,Ilex latifolia, ,8,11,22,36,1,0, ,3758730,280570
4160,5086,8997,2018-04-04,0,Yaupon Holly, ,Ilex vomitoria, ,5,6,14,25,1,0, ,3758740,280546
4161,5087,8998,2018-04-04,0,Yaupon Holly, ,Ilex vomitoria, ,7,8,19,24,1,0, ,3758730,280546
4162,5088,8999,2018-04-04,0,Yaupon Holly, ,Ilex vomitoria, ,6,7,22,29,1,0, ,3758740,280543
4163,5089,9000,2010-11-19,0,Yaupon Holly, ,Ilex vomitoria, ,7,0,18,0,1,0, ,3758740,280538
4164,5090,9001,2018-04-04,0,Flowering Dogwood, ,Cornus florida, ,10,12,24,30,1,0, ,3758730,280554
4165,5091,9002,2018-05-05,0,Dawn Redwood, ,Metasequoia glyptostroboides, ,15,24,57,68,1,0, ,3758680,280549
4166,5092,9003,2018-04-06,0,Shortleaf Pine, ,Pinus echinata, ,21,23,80,89,1,0, ,3758680,280402
4167,5093,9004,2018-04-06,0,Shortleaf Pine, ,Pinus echinata, ,15,16,60,68,1,0, ,3758680,280398
4168,5094,9005,2018-04-06,0,American Holly, ,Ilex opaca, ,9,10,32,36,1,0, ,3758680,280393
4169,5095,9006,2018-04-06,0,Shortleaf Pine, ,Pinus echinata, ,22,24,59,64,1,0, ,3758680,280387
4170,5096,9007,2018-04-06,0,Water Oak, ,Quercus nigra, ,17,24,52,56,1,0, ,3758710,280433
4171,5097,9008,2018-04-02,0,Loblolly Pine, ,Pinus taeda, ,18,21,61,68,1,0, ,3758670,280738
4172,5098,9009,2010-11-19,0,Southern Magnolia, ,Magnolia grandiflora, ,17,21,66,74,1,0, ,3758680,280703
4173,5099,9010,2018-04-02,-99,Cherry Laurel, ,Prunus caroliniana, ,3,0,14,0,1,0, ,3758680,280699
4174,5100,9011,2018-04-04,-99,Water Oak, ,Quercus nigra, ,19,0,54,0,1,0, ,3758780,280466
4175,5101,9012,2018-04-06,-99,Pin Oak, ,Quercus palustris, ,41,0,89,0,1,0, ,3758770,280460
4176,5102,9013,2018-04-04,-99,Georgia Oak, ,Quercus georgiana, ,6,0,17,0,1,0, ,3758740,280533
4177,5103,9014,2018-04-04,0,Nuttall Oak, ,Quercus nutallii, ,5,15,24,38,1,0, ,3758760,280524
4178,5104,9015,2018-04-02,0,Cherry Laurel, ,Prunus caroliniana, ,15,18,28,32,1,0, ,3758660,280748
4179,5105,9016,2018-04-02,0,Lacebark Elm, ,Ulmus parviflora, ,15,18,47,51,1,0, ,3758670,280723
4180,5106,9017,2018-04-02,0,Sugar Maple, ,Acer saccharum, ,17,19,50,55,1,0, ,3758630,280835
4181,5107,9018,2018-04-02,0,Sugar Maple, ,Acer saccharum, ,14,16,46,51,1,0, ,3758630,280820
4182,5108,9019,2018-04-02,0,Sugar Maple, ,Acer saccharum, ,18,20,41,50,1,0, ,3758640,280812
4183,5109,9020,2018-04-02,0,Sugar Maple, ,Acer saccharum, ,21,23,53,58,1,0, ,3758640,280803
4184,5110,9021,2018-04-02,0,Crapemyrtle, ,Lagerstroemia x, ,6,7,35,39,1,0, ,3758640,280796
4185,5111,9022,2018-04-02,0,Crapemyrtle, ,Lagerstroemia x, ,5,9,31,38,1,0, ,3758640,280792
4186,5112,9023,2018-04-02,0,Loblolly Pine, ,Pinus taeda, ,26,28,70,78,1,0, ,3758720,280686
4187,5113,9024,2018-04-02,0,Serviceberry, ,Amelanchier arborea, ,1,2,15,19,1,0, ,3758780,280631
4188,5114,9025,2018-04-02,0,Serviceberry, ,Amelanchier arborea, ,1,2,12,18,1,0, ,3758770,280638
4189,5115,9026,2018-04-02,0,Chinese Fringetree, ,Chionanthus retusus, ,5,7,16,24,1,0, ,3758790,280665
4190,5116,9027,2018-04-02,0,Chinese Fringetree, ,Chionanthus retusus, ,1,9,10,30,1,0, ,3758790,280669
4191,5117,9028,2018-04-02,0,Chinese Fringetree, ,Chionanthus retusus, ,6,8,18,30,1,0, ,3758790,280668
4192,5118,9029,2018-04-02,0,Sugar Maple, ,Acer saccharum, ,5,9,26,37,1,0, ,3758780,280685
4193,5119,9030,2018-04-02,0,Sugar Maple, ,Acer saccharum, ,6,9,27,40,1,0, ,3758790,280685
4194,5120,9031,2018-04-02,0,Sugar Maple, ,Acer saccharum, ,7,11,28,42,1,0, ,3758790,280684
4195,5121,9032,2018-04-02,-99,Sugar Maple, ,Acer saccharum, ,5,0,24,0,1,0, ,3758800,280687
4196,5122,9033,2018-04-02,0,Sugar Maple, ,Acer saccharum, ,7,10,25,36,1,0, ,3758810,280684
4197,5123,9034,2018-04-02,0,Sugar Maple, ,Acer saccharum, ,6,12,28,37,1,0, ,3758820,280686
4198,5124,9035,2018-04-02,0,Sugar Maple, ,Acer saccharum, ,6,8,19,25,1,0, ,3758830,280682
4199,5125,9036,2018-04-02,-99,Sugar Maple, ,Acer saccharum, ,9,0,31,0,1,0, ,3758830,280684
4200,5126,9037,2018-04-02,0,Nuttall Oak, ,Quercus nutallii, ,12,20,39,46,1,0, ,3758800,280652
4201,5127,9038,2018-04-02,0,Sugar Maple, ,Acer saccharum, ,4,5,17,26,1,0, ,3758830,280653
4202,5128,9039,2018-04-02,0,Sugar Maple, ,Acer saccharum, ,5,6,18,27,1,0, ,3758840,280650
4203,5129,9040,2018-04-02,0,Sugar Maple, ,Acer saccharum, ,6,7,25,31,1,0, ,3758840,280646
4204,5130,9041,2018-04-02,0,Sugar Maple, ,Acer saccharum, ,6,7,26,32,1,0, ,3758840,280641
4205,5131,9042,2018-04-02,0,Sugar Maple, ,Acer saccharum, ,7,8,31,38,1,0, ,3758840,280638
4206,5132,9043,2018-04-02,0,Sugar Maple, ,Acer saccharum, ,7,8,31,35,1,0, ,3758840,280634
4207,5133,9044,2018-04-02,0,Sugar Maple, ,Acer saccharum, ,7,9,27,41,1,0, ,3758840,280628
4208,5134,9045,2018-04-02,0,Sugar Maple, ,Acer saccharum, ,8,9,30,37,1,0, ,3758840,280626
4209,5135,9046,2018-04-02,0,Sugar Maple, ,Acer saccharum, ,8,9,31,38,1,0, ,3758840,280621
4210,5136,9047,2018-04-02,-99,Eastern Red Cedar, ,Juniperus virginiana, ,5,0,10,0,1,0, ,3758800,280613
4211,5137,9048,2018-04-02,0,Crabapple, ,Malus spp., ,6,9,17,23,1,0, ,3758850,280591
4212,5138,9049,2018-04-02,0,Southern Sugar Maple, ,Acer barbatum, ,7,9,30,38,1,0, ,3758850,280596
4213,5139,9050,2018-04-02,0,Southern Sugar Maple, ,Acer barbatum, ,6,8,27,33,1,0, ,3758850,280601
4214,5140,9051,2018-04-02,0,Southern Sugar Maple, ,Acer barbatum, ,5,7,22,30,1,0, ,3758850,280604
4215,5141,9052,2018-04-02,0,European Hornbeam, ,Carpinus betulus, ,5,8,23,31,1,0, ,3758860,280627
4216,5142,9053,2018-04-02,0,European Hornbeam, ,Carpinus betulus, ,3,6,24,30,1,0, ,3758860,280625
4217,5143,9054,2018-04-02,0,European Hornbeam, ,Carpinus betulus, ,3,6,21,30,1,0, ,3758860,280621
4218,5144,9055,2018-04-02,-99,Flowering Dogwood, ,Cornus florida, ,2,0,14,0,1,0, ,3758900,280578
4219,5145,9056,2018-04-02,0,Douglas Fir, ,Pseudotsuga menziesii, ,12,13,44,50,1,0, ,3758890,280585
4220,5146,9057,2018-04-02,-99,Flowering Dogwood, ,Cornus florida, ,5,0,21,0,1,0, ,3758900,280584
4221,5147,9058,2018-04-02,-99,Flowering Dogwood, ,Cornus florida, ,3,0,17,0,1,0, ,3758910,280586
4222,5148,9059,2018-04-02,0,Willow Oak, ,Quercus phellos, ,2,9,10,39,1,0, ,3758910,280592
4223,5149,9060,2018-04-02,0,Cherry Laurel, ,Prunus caroliniana, ,7,8,24,31,1,0, ,3758910,280604
4224,5150,9061,2018-04-02,-99,Cherry Laurel, ,Prunus caroliniana, ,5,0,23,0,1,0, ,3758910,280605
4225,5151,9062,2018-04-02,0,Flowering Dogwood, ,Cornus florida, ,3,4,18,22,1,0, ,3758900,280641
4226,5152,9063,2018-04-02,0,Flowering Dogwood, ,Cornus florida, ,2,3,12,16,1,0, ,3758910,280640
4227,5153,9064,2018-04-02,0,Black Walnut, ,Juglans nigra, ,28,29,71,74,1,0, ,3758880,280662
4228,5154,9065,2018-04-02,0,Chaste Tree, ,Vitex agnus-castus, ,4,5,21,28,1,0, ,3758860,280577
4229,5155,9066,2018-04-02,0,Chaste Tree, ,Vitex agnus-castus, ,4,5,23,28,1,0, ,3758860,280578
4230,5156,9067,2018-04-02,0,Chaste Tree, ,Vitex agnus-castus, ,3,4,25,32,1,0, ,3758860,280581
4231,5157,9068,2018-04-02,0,Japanese Maple, ,Acer palmatum, ,2,6,23,32,1,0, ,3758840,280670
4232,5158,9069,2018-04-02,0,Japanese Maple, ,Acer palmatum, ,3,5,19,27,1,0, ,3758840,280674
4233,5159,9070,2018-04-02,0,Japanese Maple, ,Acer palmatum, ,3,8,18,33,1,0, ,3758840,280673
4234,5160,9071,2018-04-02,0,Crabapple, ,Malus spp., ,4,6,13,20,1,0, ,3758840,280677
4235,5161,9072,2010-11-19,0,Crabapple, ,Malus spp., ,2,0,16,0,1,0, ,3758850,280679
4236,5162,9073,2018-04-02,-99,Sugar Maple, ,Acer saccharum, ,10,0,29,0,1,0, ,3758840,280682
4237,5163,9074,2018-04-02,0,Flowering Dogwood, ,Cornus florida, ,5,8,16,19,1,0, ,3758840,280685
4238,5164,9075,2018-04-02,0,Eastern Redbud, ,Cercis canadensis, ,2,4,10,16,1,0, ,3758870,280676
4239,5165,9076,2018-04-02,0,Scarlet Oak, ,Quercus coccinea, ,20,25,63,70,1,0, ,3758890,280647
4240,5166,9077,2018-04-02,0,Flowering Dogwood, ,Cornus florida, ,5,8,27,31,1,0, ,3758890,280635
4241,5167,9078,2018-04-02,0,Flowering Dogwood, ,Cornus florida, ,7,8,29,35,1,0, ,3758890,280620
4242,5168,9079,2018-04-02,0,Saucer Magnolia, ,Magnolia x soulangiana, ,5,6,27,32,1,0, ,3758880,280653
4243,5169,9080,2018-04-02,0,Saucer Magnolia, ,Magnolia x soulangiana, ,3,4,24,31,1,0, ,3758880,280657
4244,5170,9081,2018-04-02,0,Saucer Magnolia, ,Magnolia x soulangiana, ,3,8,16,22,1,0, ,3758880,280660
4245,5171,9082,2018-04-02,0,Kousa Dogwood, ,Cornus kousa, ,2,4,16,23,1,0, ,3758790,280647
4246,5172,9083,2010-11-19,0,Kousa Dogwood, ,Cornus kousa, ,2,3,15,20,1,0, ,3758790,280644
4247,5173,9084,2018-04-02,0,Kousa Dogwood, ,Cornus kousa, ,2,3,19,24,1,0, ,3758790,280640
4248,5174,9085,2018-04-02,0,Kousa Dogwood, ,Cornus kousa, ,1,3,16,22,1,0, ,3758800,280633
4249,5175,9086,2018-04-02,0,Kousa Dogwood, ,Cornus kousa, ,2,3,14,21,1,0, ,3758800,280637
4250,5176,9087,2018-04-02,0,Kousa Dogwood, ,Cornus kousa, ,2,3,14,21,1,0, ,3758800,280625
4251,5177,9089,2018-04-04,-99,Flowering Dogwood, ,Cornus florida, ,2,0,13,0,1,0, ,3758750,280597
4252,5178,9092,2018-05-05,-99,Japanese Privet, ,Ligustrum japonicum, ,5,0,28,0,1,0, ,3758740,280587
4253,5179,9093,2018-05-05,-99,Winged Elm, ,Ulmus alata, ,4,0,33,0,1,0, ,3758730,280598
4254,5180,9094,2018-05-05,0,Lacebark Elm, ,Ulmus parviflora, ,5,11,32,44,1,0, ,3758730,280600
4255,5181,9095,2018-05-05,-99,Red Maple, ,Acer rubrum, ,2,0,13,0,1,0, ,3758720,280615
4256,5182,9096,2018-05-05,-99,Red Maple, ,Acer rubrum, ,2,0,13,0,1,0, ,3758720,280620
4257,5183,9097,2018-05-05,0,Dawn Redwood, ,Metasequoia glyptostroboides, ,15,24,63,75,1,0, ,3758680,280552
4258,5184,9098,2018-04-06,0,Savannah Holly, ,Ilex x attenuata ' Savanah', ,6,9,25,35,1,0, ,3758650,280533
4259,5185,9099,2018-04-06,0,Savannah Holly, ,Ilex x attenuata ' Savanah', ,5,7,26,35,1,0, ,3758650,280530
4260,5186,9100,2018-04-06,0,Savannah Holly, ,Ilex x attenuata ' Savanah', ,6,7,21,34,1,0, ,3758650,280526
4261,5187,9101,2018-04-06,0,Savannah Holly, ,Ilex x attenuata ' Savanah', ,6,9,20,34,1,0, ,3758650,280522
4262,5188,9102,2018-04-06,0,Savannah Holly, ,Ilex x attenuata ' Savanah', ,5,6,16,27,1,0, ,3758660,280519
4263,5189,9103,2018-04-06,0,Savannah Holly, ,Ilex x attenuata ' Savanah', ,6,8,26,34,1,0, ,3758660,280514
4264,5190,9104,2018-04-06,0,Savannah Holly, ,Ilex x attenuata ' Savanah', ,7,9,30,36,1,0, ,3758660,280510
4265,5191,9105,2018-04-06,0,Southern Magnolia, ,Magnolia grandiflora, ,11,12,41,47,1,0, ,3758670,280517
4266,5192,9106,2018-04-06,0,Southern Magnolia, ,Magnolia grandiflora, ,14,15,53,56,1,0, ,3758670,280517
4267,5193,9107,2018-04-06,0,Flowering Dogwood, ,Cornus florida, ,9,11,26,31,1,0, ,3758660,280533
4268,5194,9108,2018-05-05,0,Yaupon Holly, ,Ilex vomitoria, ,3,4,15,23,1,0, ,3758700,280561
4269,5195,9109,2018-05-05,0,Yaupon Holly, ,Ilex vomitoria, ,3,4,14,21,1,0, ,3758700,280563
4270,5196,9110,2018-04-04,-99,Flowering Dogwood, ,Cornus florida, ,1,0,7,0,1,0, ,3758730,280559
4271,5197,9111,2018-04-04,0,Flowering Dogwood, ,Cornus florida, ,1,3,11,18,1,0, ,3758730,280557
4272,5198,9112,2018-04-04,0,Flowering Dogwood, ,Cornus florida, ,1,3,12,20,1,0, ,3758730,280553
4273,5199,9113,2018-04-04,0,Northern Red Oak, ,Quercus rubra, ,8,16,29,40,1,0, ,3758740,280551
4274,5200,9114,2018-04-04,0,Sweetbay Magnolia, ,Magnolia virginiana, ,16,20,52,64,1,0, ,3758720,280529
4275,5201,9116,2018-04-04,0,Flowering Dogwood, ,Cornus florida, ,4,6,16,23,1,0, ,3758760,280543
4276,5202,9117,2018-04-04,0,Flowering Dogwood, ,Cornus florida, ,3,5,17,22,1,0, ,3758750,280544
4277,5203,9118,2018-04-04,-99,Flowering Dogwood, ,Cornus florida, ,4,0,17,0,1,0, ,3758750,280549
4278,5204,9119,2018-04-04,0,Northern Red Oak, ,Quercus rubra, ,7,14,26,36,1,0, ,3758750,280553
4279,5205,9120,2018-04-04,-99,Flowering Dogwood, ,Cornus florida, ,4,0,14,0,1,0, ,3758750,280559
4280,5206,9121,2018-04-04,0,Flowering Dogwood, ,Cornus florida, ,3,6,15,20,1,0, ,3758750,280562
4281,5207,9122,2018-04-04,0,Flowering Dogwood, ,Cornus florida, ,3,6,16,21,1,0, ,3758750,280563
4282,5208,9123,2018-04-04,0,Flowering Dogwood, ,Cornus florida, ,3,4,16,16,1,0, ,3758750,280567
4283,5209,9124,2018-04-04,0,Northern Red Oak, ,Quercus rubra, ,2,12,15,35,1,0, ,3758750,280570
4284,5210,9125,2018-04-04,0,Chinese Pistache, ,Pistacia chinensis, ,3,12,17,29,1,0, ,3758760,280541
4285,5211,9126,2018-04-04,0,Chinese Pistache, ,Pistacia chinensis, ,4,11,19,25,1,0, ,3758750,280572
4286,5212,9127,2018-04-04,0,Eastern Redbud, ,Cercis canadensis, ,3,9,14,20,1,0, ,3758780,280580
4287,5213,9128,2018-04-04,0,Eastern Redbud, ,Cercis canadensis, ,2,4,19,23,1,0, ,3758820,280574
4288,5214,9129,2018-04-04,-99,Eastern Redbud, ,Cercis canadensis, ,7,0,27,0,1,0, ,3758820,280571
4289,5215,9130,2018-04-04,-99,Eastern Redbud, ,Cercis canadensis, ,6,0,24,0,1,0, ,3758820,280574
4290,5216,9131,2018-04-06,0,Tulip Poplar, ,Liriodendron tulipifera, ,25,28,76,86,1,0, ,3758830,280547
4291,5217,9132,2018-04-06,0,Tulip Poplar, ,Liriodendron tulipifera, ,17,19,69,71,1,0, ,3758820,280545
4292,5218,9133,2018-04-06,0,Tulip Poplar, ,Liriodendron tulipifera, ,21,24,80,85,1,0, ,3758810,280543
4293,5219,9134,2018-04-06,0,Tulip Poplar, ,Liriodendron tulipifera, ,17,19,72,77,1,0, ,3758800,280540
4294,5220,9135,2018-04-06,0,Tulip Poplar, ,Liriodendron tulipifera, ,15,16,71,74,1,0, ,3758790,280535
4295,5221,9136,2018-04-06,0,Tulip Poplar, ,Liriodendron tulipifera, ,21,23,72,76,1,0, ,3758790,280533
4296,5222,9137,2018-04-06,0,Tulip Poplar, ,Liriodendron tulipifera, ,18,19,70,75,1,0, ,3758790,280525
4297,5223,9138,2018-04-06,0,Tulip Poplar, ,Liriodendron tulipifera, ,8,9,42,48,1,0, ,3758800,280527
4298,5224,9139,2018-04-06,0,Tulip Poplar, ,Liriodendron tulipifera, ,21,23,81,84,1,0, ,3758800,280530
4299,5225,9140,2018-04-06,0,Tulip Poplar, ,Liriodendron tulipifera, ,22,25,87,89,1,0, ,3758810,280532
4300,5226,9141,2018-04-06,0,Tulip Poplar, ,Liriodendron tulipifera, ,26,27,85,89,1,0, ,3758800,280517
4301,5227,9142,2018-04-06,0,Tulip Poplar, ,Liriodendron tulipifera, ,21,24,72,75,1,0, ,3758790,280515
4302,5228,9143,2010-11-19,0,Leyland Cypress, ,X Cupressocyparis leylandii, ,21,27,62,65,1,0, ,3758820,280519
4303,5229,9144,2018-04-06,0,Southern Magnolia, ,Magnolia grandiflora, ,15,36,51,66,1,0, ,3758840,280486
4304,5230,9145,2018-04-06,0,Leyland Cypress, ,X Cupressocyparis leylandii, ,13,23,55,61,1,0, ,3758830,280481
4305,5231,9146,2018-04-06,0,Photinia, ,Photinia species, ,10,24,36,42,1,0, ,3758840,280472
4306,5232,9147,2018-04-06,0,Flowering Dogwood, ,Cornus florida, ,1,4,8,22,1,0, ,3758870,280478
4307,5233,9148,2018-04-06,0,Water Oak, ,Quercus nigra, ,34,38,68,74,1,0, ,3758870,280480
4308,5234,9149,2018-04-06,0,Flowering Dogwood, ,Cornus florida, ,5,6,17,28,1,0, ,3758880,280474
4309,5235,9150,2018-04-04,0,Lusterleaf Holly, ,Ilex latifolia, ,5,6,16,23,1,0, ,3758770,280526
4310,5236,9151,2018-04-04,0,Lusterleaf Holly, ,Ilex latifolia, ,5,6,19,26,1,0, ,3758770,280523
4311,5237,9152,2018-04-04,0,Lusterleaf Holly, ,Ilex latifolia, ,4,6,20,24,1,0, ,3758770,280520
4312,5238,9153,2018-04-04,-99,Lusterleaf Holly, ,Ilex latifolia, ,4,0,20,0,1,0, ,3758770,280514
4313,5239,9154,2018-04-04,-99,Lusterleaf Holly, ,Ilex latifolia, ,4,0,19,0,1,0, ,3758770,280519
4314,5240,9155,2018-04-04,0,Crapemyrtle, ,Lagerstroemia x, ,2,3,9,14,1,0, ,3758830,280561
4315,5241,9156,2018-04-06,0,Crapemyrtle, ,Lagerstroemia x, ,2,4,13,24,1,0, ,3758840,280550
4316,5242,9157,2018-04-04,0,Southern Magnolia, ,Magnolia grandiflora, ,2,3,6,18,1,0, ,3758850,280554
4317,5243,9158,2018-04-04,0,Southern Magnolia, ,Magnolia grandiflora, ,2,4,9,20,1,0, ,3758850,280552
4318,5244,9159,2018-04-04,0,Southern Magnolia, ,Magnolia grandiflora, ,2,4,11,21,1,0, ,3758850,280554
4319,5245,9160,2018-04-06,-99,Crabapple, ,Malus spp., ,0,0,22,0,1,0, ,3758840,280535
4320,5246,9161,2018-04-04,0,Willow Oak, ,Quercus phellos, ,8,12,36,44,1,0, ,3758860,280554
4321,5247,9162,2018-04-04,0,Darlington Oak, ,Quercus hemisphaerica, ,16,21,48,58,1,0, ,3758840,280527
4322,5248,9163,2018-04-06,0,Japanese Zelkova, ,Zelkova serrata, ,11,22,52,64,1,0, ,3758880,280455
4323,5249,9164,2010-11-19,0,Japanese Zelkova, ,Zelkova serrata, ,13,30,39,57,1,0, ,3758880,280443
4324,5250,9165,2018-04-06,0,Japanese Zelkova, ,Zelkova serrata, ,12,25,35,47,1,0, ,3758880,280432
4325,5251,9166,2018-04-06,0,Saucer Magnolia, ,Magnolia x soulangiana, ,3,5,21,34,1,0, ,3758870,280425
4326,5252,9167,2018-04-06,0,Saucer Magnolia, ,Magnolia x soulangiana, ,3,5,24,33,1,0, ,3758880,280428
4327,5253,9168,2018-04-06,0,Saucer Magnolia, ,Magnolia x soulangiana, ,4,5,21,34,1,0, ,3758870,280431
4328,5254,9169,2018-04-06,0,White Oak, ,Quercus alba, ,34,37,75,79,1,0, ,3758870,280465
4329,5255,9170,2018-04-06,0,Tulip Poplar, ,Liriodendron tulipifera, ,15,17,55,61,1,0, ,3758790,280448
4330,5256,9171,2018-04-06,0,Tulip Poplar, ,Liriodendron tulipifera, ,20,23,62,67,1,0, ,3758790,280426
4331,5257,9172,2018-04-06,0,Overcup Oak, ,Quercus lyrata, ,33,38,72,75,1,0, ,3758800,280420
4332,5258,9174,2018-04-06,0,Green Ash, ,Fraxinus pennsylvanica, ,16,19,37,45,1,0, ,3758870,280413
4333,5259,9175,2018-04-06,0,Green Ash, ,Fraxinus pennsylvanica, ,2,4,15,23,1,0, ,3758870,280422
4334,5260,9176,2018-04-06,0,Green Ash, ,Fraxinus pennsylvanica, ,3,5,15,27,1,0, ,3758860,280427
4335,5261,9177,2018-04-06,0,Southern Magnolia, ,Magnolia grandiflora, ,21,22,48,52,1,0, ,3758880,280411
4336,5262,9178,2018-04-06,0,Southern Magnolia, ,Magnolia grandiflora, ,15,19,49,56,1,0, ,3758870,280402
4337,5263,9179,2018-04-06,0,Flowering Dogwood, ,Cornus florida, ,8,9,32,37,1,0, ,3758870,280405
4338,5264,9180,2018-04-06,0,Japanese Maple, ,Acer palmatum, ,4,7,19,25,1,0, ,3758860,280437
4339,5265,9181,2010-11-19,0,Flowering Dogwood, ,Cornus florida, ,9,10,26,32,1,0, ,3758850,280436
4340,5266,9182,2018-04-06,0,Flowering Dogwood, ,Cornus florida, ,8,9,30,37,1,0, ,3758840,280441
4341,5267,9183,2018-04-06,-99,Green Ash, ,Fraxinus pennsylvanica, ,15,0,41,0,1,0, ,3758840,280432
4342,5268,9184,2018-04-06,0,Crapemyrtle, ,Lagerstroemia x, ,4,7,35,39,1,0, ,3758840,280428
4343,5269,9185,2018-04-06,0,Crapemyrtle, ,Lagerstroemia x, ,4,6,27,34,1,0, ,3758830,280427
4344,5270,9186,2018-04-06,0,Crapemyrtle, ,Lagerstroemia x, ,5,8,25,35,1,0, ,3758840,280426
4345,5271,9187,2018-04-06,0,Green Ash, ,Fraxinus pennsylvanica, ,3,6,15,25,1,0, ,3758830,280428
4346,5272,9188,2018-04-06,0,Flowering Dogwood, ,Cornus florida, ,8,10,31,36,1,0, ,3758820,280433
4347,5273,9189,2018-04-06,0,Flowering Dogwood, ,Cornus florida, ,8,9,33,38,1,0, ,3758820,280433
4348,5274,9190,2018-04-06,0,Flowering Dogwood, ,Cornus florida, ,9,11,27,31,1,0, ,3758820,280427
4349,5275,9191,2018-04-04,-99,Wax Myrtle, ,Myrica cerifera, ,6,0,18,0,1,0, ,3758790,280463
4350,5276,9192,2018-04-04,-99,Wax Myrtle, ,Myrica cerifera, ,7,0,20,0,1,0, ,3758780,280461
4351,5277,9193,2018-04-04,0,Willow Oak, ,Quercus phellos, ,10,15,31,42,1,0, ,3758800,280471
4352,5278,9194,2018-04-04,0,Water Oak, ,Quercus nigra, ,18,22,56,31,1,0, ,3758780,280468
4353,5279,9195,2018-04-04,-99,Flowering Dogwood, ,Cornus florida, ,3,0,13,0,1,0, ,3758770,280492
4354,5280,9196,2018-04-04,0,Flowering Dogwood, ,Cornus florida, ,4,5,17,21,1,0, ,3758780,280479
4355,5281,9197,2018-04-04,-99,Flowering Dogwood, ,Cornus florida, ,2,0,11,0,1,0, ,3758770,280492
4356,5282,9198,2018-04-04,-99,Flowering Dogwood, ,Cornus florida, ,2,0,12,0,1,0, ,3758770,280497
4357,5283,9200,2018-04-04,-99,Flowering Dogwood, ,Cornus florida, ,1,0,8,0,1,0, ,3758770,280502
4358,5284,9203,2018-04-06,0,Foster's Holly #2, ,Ilex x attenuata 'Fosteri', ,9,10,35,39,1,0, ,3758750,280511
4359,5285,9204,2018-04-06,0,Foster's Holly #2, ,Ilex x attenuata 'Fosteri', ,7,8,31,36,1,0, ,3758750,280514
4360,5286,9205,2018-04-06,0,Foster's Holly #2, ,Ilex x attenuata 'Fosteri', ,8,9,39,41,1,0, ,3758750,280514
4361,5287,9206,2010-11-19,0,Southern Magnolia, ,Magnolia grandiflora, ,3,5,23,31,1,0, ,3758750,280508
4362,5288,9207,2018-04-06,0,Southern Magnolia, ,Magnolia grandiflora, ,17,19,63,67,1,0, ,3758750,280505
4363,5289,9208,2010-11-19,0,Southern Magnolia, ,Magnolia grandiflora, ,2,0,17,0,1,0, ,3758750,280511
4364,5290,9209,2018-04-06,0,Southern Magnolia, ,Magnolia grandiflora, ,13,19,57,62,1,0, ,3758740,280509
4365,5291,9210,2018-04-06,0,Southern Magnolia, ,Magnolia grandiflora, ,15,20,55,70,1,0, ,3758740,280500
4366,5292,9211,2018-04-06,0,Northern Red Oak, ,Quercus rubra, ,48,51,81,89,1,0, ,3758750,280456
4367,5293,9212,2018-04-06,-99,Pin Oak, ,Quercus palustris, ,38,0,90,0,1,0, ,3758740,280445
4368,5294,9213,2018-04-06,0,Foster's Holly #2, ,Ilex x attenuata 'Fosteri', ,7,11,29,40,1,0, ,3758760,280440
4369,5295,9214,2018-04-06,0,Japanese Black Pine, ,Pinus thunbergiana, ,6,11,14,25,1,0, ,3758770,280448
4370,5296,9215,2018-04-06,0,Star Magnolia, ,Magnolia stellata, ,6,7,27,34,1,0, ,3758770,280435
4371,5297,9216,2018-04-06,0,Southern Magnolia, ,Magnolia grandiflora, ,22,25,44,51,1,0, ,3758780,280428
4372,5298,9217,2018-04-06,-99,Lacebark Pine, ,Pinus bungeanea, ,12,0,42,0,1,0, ,3758780,280419
4373,5299,9218,2018-04-06,-99,Lacebark Pine, ,Pinus bungeanea, ,4,0,23,0,1,0, ,3758780,280419
4374,5300,9219,2018-04-06,0,Lacebark Pine, ,Pinus bungeanea, ,5,6,27,36,1,0, ,3758780,280420
4375,5301,9220,2018-04-06,-99,Lacebark Pine, ,Pinus bungeanea, ,4,0,19,0,1,0, ,3758780,280416
4376,5302,9221,2010-11-19,0,Lacebark Pine, ,Pinus bungeanea, ,4,7,22,38,1,0, ,3758780,280414
4377,5303,9222,2018-04-06,-99,Japanese Black Pine, ,Pinus thunbergiana, ,8,0,30,0,1,0, ,3758780,280416
4378,5304,9223,2018-04-06,-99,Black Walnut, ,Juglans nigra, ,19,0,42,0,1,0, ,3758770,280411
4379,5305,9224,2018-04-06,-99,Water Oak, ,Quercus nigra, ,36,0,67,0,1,0, ,3758770,280421
4380,5306,9225,2018-04-06,0,Flowering Dogwood, ,Cornus florida, ,10,11,28,35,1,0, ,3758750,280418
4381,5307,9226,2018-04-06,0,Overcup Oak, ,Quercus lyrata, ,30,33,71,77,1,0, ,3758740,280401
4382,5308,9227,2018-04-06,0,Nellie Stevens Holly, ,Ilex x 'Nellie R. Stevens', ,6,8,19,29,1,0, ,3758720,280405
4383,5309,9228,2018-04-06,0,American Holly, ,Ilex opaca, ,11,13,40,46,1,0, ,3758680,280438
4384,5310,9229,2018-04-06,0,American Holly, ,Ilex opaca, ,11,12,40,45,1,0, ,3758680,280437
4385,5311,9230,2018-04-06,0,American Holly, ,Ilex opaca, ,10,12,37,44,1,0, ,3758680,280440
4386,5312,9231,2018-04-06,0,American Holly, ,Ilex opaca, ,10,11,39,44,1,0, ,3758680,280440
4387,5313,9232,2018-04-06,0,American Holly, ,Ilex opaca, ,12,16,42,49,1,0, ,3758680,280444
4388,5314,9233,2018-04-06,0,Foster's Holly #2, ,Ilex x attenuata 'Fosteri', ,2,4,13,21,1,0, ,3758700,280422
4389,5315,9234,2018-04-06,0,Compton Oak, ,Quercus x Comptoniae, ,19,25,60,0,1,0, ,3758730,280444
4390,5316,9235,2018-04-06,0,Water Oak, ,Quercus nigra, ,19,23,49,56,1,0, ,3758720,280436
4391,5317,9236,2018-04-06,0,Crapemyrtle, ,Lagerstroemia x, ,5,7,25,34,1,0, ,3758730,280432
4392,5318,9237,2018-04-06,-99,Crapemyrtle, ,Lagerstroemia x, ,4,0,25,0,1,0, ,3758740,280430
4393,5319,9238,2018-04-06,0,Baldcypress, ,Taxodium distichum, ,10,12,45,51,1,0, ,3758740,280464
4394,5320,9239,2018-04-06,0,Baldcypress, ,Taxodium distichum, ,15,20,56,61,1,0, ,3758740,280461
4395,5321,9240,2018-04-06,0,Baldcypress, ,Taxodium distichum, ,19,23,66,73,1,0, ,3758720,280458
4396,5322,9241,2018-04-06,0,Baldcypress, ,Taxodium distichum, ,17,20,52,60,1,0, ,3758710,280453
4397,5323,9242,2018-04-06,0,Baldcypress, ,Taxodium distichum, ,17,19,54,59,1,0, ,3758700,280449
4398,5324,9243,2018-04-06,0,Southern Magnolia, ,Magnolia grandiflora, ,3,6,17,33,1,0, ,3758690,280450
4399,5325,9244,2018-04-06,0,Blackgum, ,Nyssa sylvatica, ,2,7,14,36,1,0, ,3758690,280455
4400,5326,9245,2018-04-06,0,Blackgum, ,Nyssa sylvatica, ,2,6,11,34,1,0, ,3758690,280456
4401,5327,9246,2018-04-06,0,Blackgum, ,Nyssa sylvatica, ,2,6,15,34,1,0, ,3758690,280458
4402,5328,9247,2018-04-06,0,Blackgum, ,Nyssa sylvatica, ,2,6,13,31,1,0, ,3758680,280465
4403,5329,9248,2018-04-06,0,Blackgum, ,Nyssa sylvatica, ,2,6,11,32,1,0, ,3758690,280466
4404,5330,9249,2018-04-06,0,Blackgum, ,Nyssa sylvatica, ,2,7,13,34,1,0, ,3758690,280469
4405,5331,9250,2018-04-06,0,Green Giant, ,Thuja (standishii x plicata), ,3,7,14,37,1,0, ,3758680,280472
4406,5332,9251,2018-04-06,0,Green Giant, ,Thuja (standishii x plicata), ,3,6,13,33,1,0, ,3758680,280477
4407,5333,9252,2018-04-06,0,Sweetbay Magnolia, ,Magnolia virginiana, ,1,2,12,20,1,0, ,3758670,280475
4408,5334,9253,2018-04-06,0,Sweetbay Magnolia, ,Magnolia virginiana, ,2,3,12,22,1,0, ,3758670,280475
4409,5335,9254,2018-04-06,0,Sweetbay Magnolia, ,Magnolia virginiana, ,1,2,9,12,1,0, ,3758660,280481
4410,5336,9255,2018-04-06,0,Sweetbay Magnolia, ,Magnolia virginiana, ,1,4,11,24,1,0, ,3758660,280483
4411,5337,9256,2010-11-19,0,Sweetbay Magnolia, ,Magnolia virginiana, ,2,2,14,21,1,0, ,3758660,280494
4412,5338,9257,2010-11-19,0,Sweetbay Magnolia, ,Magnolia virginiana, ,2,3,13,21,1,0, ,3758660,280496
4413,5339,9258,2010-11-19,0,Sweetbay Magnolia, ,Magnolia virginiana, ,2,3,12,20,1,0, ,3758660,280499
4414,5340,9259,2010-11-19,0,Sweetbay Magnolia, ,Magnolia virginiana, ,2,3,12,20,1,0, ,3758660,280502
4415,5341,9260,2018-04-06,0,Sweetbay Magnolia, ,Magnolia virginiana, ,2,3,13,22,1,0, ,3758660,280504
4416,5342,9261,2018-04-06,0,Sweetbay Magnolia, ,Magnolia virginiana, ,4,6,20,29,1,0, ,3758650,280516
4417,5343,9262,2018-04-06,0,Sweetbay Magnolia, ,Magnolia virginiana, ,3,5,18,28,1,0, ,3758650,280518
4418,5344,9263,2018-04-06,0,Sweetbay Magnolia, ,Magnolia virginiana, ,3,6,15,26,1,0, ,3758650,280521
4419,5345,9264,2018-04-06,0,Ginkgo, ,Ginkgo biloba, ,16,18,31,36,1,0, ,3758660,280380
4420,5346,9265,2018-04-06,0,Dawn Redwood, ,Metasequoia glyptostroboides, ,17,19,63,69,1,0, ,3758650,280388
4421,5347,9266,2018-04-06,0,Dawn Redwood, ,Metasequoia glyptostroboides, ,15,17,64,72,1,0, ,3758660,280387
4422,5348,9267,2018-04-06,0,Dawn Redwood, ,Metasequoia glyptostroboides, ,18,20,64,72,1,0, ,3758660,280390
4423,5349,9268,2018-04-11,0,Overcup Oak, ,Quercus lyrata, ,19,23,66,69,1,0, ,3758640,280381
4424,5350,9269,2018-04-11,0,Overcup Oak, ,Quercus lyrata, ,20,23,67,71,1,0, ,3758630,280382
4425,5351,9270,2018-04-11,0,Bradford Pear, ,Pyrus calleryana, ,12,24,42,45,1,0, ,3758640,280375
4426,5352,9271,2018-04-11,0,Bradford Pear, ,Pyrus calleryana, ,8,24,38,43,1,0, ,3758630,280374
4427,5353,9272,2018-04-11,0,Bradford Pear, ,Pyrus calleryana, ,13,22,34,40,1,0, ,3758620,280373
4428,5354,9273,2018-04-11,-99,Crapemyrtle, ,Lagerstroemia x, ,3,0,13,0,1,0, ,3758600,280419
4429,5355,9274,2018-04-11,0,Saucer Magnolia, ,Magnolia x soulangiana, ,3,4,16,19,1,0, ,3758600,280436
4430,5356,9275,2018-04-11,0,Saucer Magnolia, ,Magnolia x soulangiana, ,3,4,15,20,1,0, ,3758600,280437
4431,5357,9276,2018-04-11,0,Saucer Magnolia, ,Magnolia x soulangiana, ,3,4,17,20,1,0, ,3758600,280439
4432,5358,9278,2018-04-11,0,Flowering Dogwood, ,Cornus florida, ,8,13,31,37,1,0, ,3758620,280437
4433,5359,9279,2018-04-11,-99,Crapemyrtle, ,Lagerstroemia x, ,1,0,10,0,1,0, ,3758590,280459
4434,5360,9280,2018-04-11,-99,Crapemyrtle, ,Lagerstroemia x, ,1,0,11,0,1,0, ,3758590,280462
4435,5361,9281,2018-04-11,-99,Crapemyrtle, ,Lagerstroemia x, ,1,0,11,0,1,0, ,3758590,280466
4436,5362,9282,2018-04-11,-99,Crapemyrtle, ,Lagerstroemia x, ,5,0,23,0,1,0, ,3758580,280472
4437,5363,9283,2018-04-11,-99,Crapemyrtle, ,Lagerstroemia x, ,4,0,15,0,1,0, ,3758580,280476
4438,5364,9284,2018-04-11,-99,Crapemyrtle, ,Lagerstroemia x, ,3,0,26,0,1,0, ,3758580,280479
4439,5365,9285,2018-04-11,0,Crapemyrtle, ,Lagerstroemia x, ,2,7,16,28,1,0, ,3758580,280482
4440,5366,9286,2018-04-11,-99,Fringetree, ,Chionanthus virginicus, ,1,0,9,0,1,0, ,3758580,280489
4441,5367,9287,2018-04-11,-99,Fringetree, ,Chionanthus virginicus, ,1,0,6,0,1,0, ,3758590,280492
4442,5368,9288,2018-04-11,-99,Fringetree, ,Chionanthus virginicus, ,1,0,7,0,1,0, ,3758590,280497
4443,5369,9290,2018-04-11,0,Willow Oak, ,Quercus phellos, ,5,15,28,39,1,0, ,3758640,280528
4444,5370,9291,2018-04-11,-99,Fringetree, ,Chionanthus virginicus, ,1,0,6,0,1,0, ,3758640,280526
4445,5371,9292,2018-04-11,-99,Fringetree, ,Chionanthus virginicus, ,1,0,8,0,1,0, ,3758640,280524
4446,5372,9293,2018-04-11,-99,Fringetree, ,Chionanthus virginicus, ,1,0,9,0,1,0, ,3758640,280521
4447,5373,9294,2018-04-11,0,Fringetree, ,Chionanthus virginicus, ,1,3,8,20,1,0, ,3758640,280513
4448,5374,9295,2018-04-11,0,Fringetree, ,Chionanthus virginicus, ,1,2,6,11,1,0, ,3758640,280512
4449,5375,9296,2018-04-11,0,Willow Oak, ,Quercus phellos, ,6,1,30,42,1,0, ,3758630,280520
4450,5376,9297,2018-04-11,0,Flowering Dogwood, ,Cornus florida, ,1,3,11,21,1,0, ,3758640,280493
4451,5377,9298,2018-04-11,0,Fringetree, ,Chionanthus virginicus, ,1,2,10,18,1,0, ,3758630,280509
4452,5378,9299,2018-04-11,0,Persian Parrotia, ,Parrotia persica, ,4,5,27,31,1,0, ,3758630,280503
4453,5379,9300,2018-04-11,0,Willow Oak, ,Quercus phellos, ,6,9,25,32,1,0, ,3758650,280470
4454,5380,9301,2018-04-11,0,Persian Parrotia, ,Parrotia persica, ,4,5,20,26,1,0, ,3758650,280455
4455,5381,9302,2018-04-11,-99,Kousa Dogwood, ,Cornus kousa, ,3,0,20,0,1,0, ,3758660,280465
4456,5382,9303,2018-04-11,0,Water Oak, ,Quercus nigra, ,2,9,17,34,1,0, ,3758660,280460
4457,5383,9304,2018-04-06,0,Yaupon Holly, ,Ilex vomitoria, ,1,3,9,22,1,0, ,3758650,280442
4458,5384,9305,2018-04-06,0,Yaupon Holly, ,Ilex vomitoria, ,2,3,15,28,1,0, ,3758650,280438
4459,5385,9306,2018-04-06,0,Yaupon Holly, ,Ilex vomitoria, ,2,3,14,27,1,0, ,3758660,280430
4460,5386,9307,2018-04-06,0,Yaupon Holly, ,Ilex vomitoria, ,2,4,17,25,1,0, ,3758660,280418
4461,5387,9308,2018-04-06,0,Yaupon Holly, ,Ilex vomitoria, ,4,5,17,30,1,0, ,3758660,280412
4462,5388,9309,2018-04-06,0,Ohio Buckeye, ,Aesculus glabra, ,4,5,19,25,1,0, ,3758660,280408
4463,5389,9310,2018-04-06,0,Ohio Buckeye, ,Aesculus glabra, ,4,5,19,24,1,0, ,3758660,280401
4464,5390,9311,2018-04-06,0,Ohio Buckeye, ,Aesculus glabra, ,4,8,24,31,1,0, ,3758660,280405
4465,5391,9312,2018-04-06,-99,Flowering Dogwood, ,Cornus florida, ,4,0,7,0,1,0, ,3758670,280405
4466,5392,9313,2018-04-06,0,Flowering Dogwood, ,Cornus florida, ,2,4,13,20,1,0, ,3758670,280402
4467,5393,9314,2018-04-06,0,Flowering Dogwood, ,Cornus florida, ,2,3,14,18,1,0, ,3758670,280409
4468,5394,9315,2018-04-06,0,Flowering Dogwood, ,Cornus florida, ,4,5,20,22,1,0, ,3758670,280419
4469,5395,9316,2018-04-06,-99,Flowering Dogwood, ,Cornus florida, ,1,0,8,0,1,0, ,3758670,280421
4470,5396,9317,2018-04-11,0,Fringetree, ,Chionanthus virginicus, ,1,2,10,17,1,0, ,3758630,280509
4471,5397,9318,2010-11-19,0,Fringetree, ,Chionanthus virginicus, ,1,0,9,0,1,0, ,3758630,280506
4472,5398,9319,2010-11-19,0,Flowering Dogwood, ,Cornus florida, ,1,0,6,0,1,0, ,3758630,280507
4473,5399,9320,2018-04-11,-99,Chinese Fringetree, ,Chionanthus retusus, ,2,0,5,0,1,0, ,3758630,280513
4474,5400,9321,2018-04-11,0,Willow Oak, ,Quercus phellos, ,7,14,33,44,1,0, ,3758630,280514
4475,5401,9322,2018-04-11,0,European Hornbeam, ,Carpinus betulus, ,5,7,25,34,1,0, ,3758620,280505
4476,5402,9323,2018-04-11,-99,European Hornbeam, ,Carpinus betulus, ,4,0,20,0,1,0, ,3758620,280508
4477,5403,9324,2018-04-11,0,Willow Oak, ,Quercus phellos, ,6,12,29,39,1,0, ,3758620,280509
4478,5404,9325,2018-04-11,0,Willow Oak, ,Quercus phellos, ,7,13,29,40,1,0, ,3758610,280507
4479,5405,9326,2018-04-11,0,European Hornbeam, ,Carpinus betulus, ,3,5,23,30,1,0, ,3758620,280504
4480,5406,9327,2018-04-11,0,European Hornbeam, ,Carpinus betulus 'Fastigiata', ,6,7,30,35,1,0, ,3758600,280501
4481,5407,9328,2018-04-11,0,European Hornbeam, ,Carpinus betulus, ,5,7,33,38,1,0, ,3758610,280500
4482,5408,9329,2018-04-11,0,European Hornbeam, ,Carpinus betulus, ,5,7,32,38,1,0, ,3758600,280499
4483,5409,9330,2018-04-11,0,Fringetree, ,Chionanthus virginicus, ,1,2,10,16,1,0, ,3758580,280494
4484,5410,9331,2018-04-11,-99,Fringetree, ,Chionanthus virginicus, ,1,0,8,0,1,0, ,3758580,280503
4485,5411,9332,2018-04-11,0,Willow Oak, ,Quercus phellos, ,5,12,25,36,1,0, ,3758580,280507
4486,5412,9333,2018-04-11,0,Willow Oak, ,Quercus phellos, ,7,15,31,40,1,0, ,3758570,280511
4487,5413,9334,2018-04-11,0,Chinese Pistache, ,Pistacia chinensis, ,4,11,23,35,1,0, ,3758590,280512
4488,5414,9335,2018-04-11,0,Chinese Pistache, ,Pistacia chinensis, ,4,12,20,37,1,0, ,3758590,280516
4489,5415,9336,2018-04-11,0,Chinese Pistache, ,Pistacia chinensis, ,5,12,23,34,1,0, ,3758590,280513
4490,5416,9337,2018-04-11,0,Ginkgo, ,Ginkgo biloba, ,3,4,23,28,1,0, ,3758580,280530
4491,5417,9338,2018-04-11,0,Water Oak, ,Quercus nigra, ,18,22,44,49,1,0, ,3758600,280542
4492,5418,9339,2018-04-11,0,Willow Oak, ,Quercus phellos, ,22,26,53,58,1,0, ,3758610,280550
4493,5419,9340,2018-04-11,0,Lacebark Elm, ,Ulmus parviflora, ,9,12,30,35,1,0, ,3758620,280532
4494,5420,9341,2018-04-11,0,Willow Oak, ,Quercus phellos, ,6,15,25,40,1,0, ,3758620,280556
4495,5421,9342,2018-04-11,0,Willow Oak, ,Quercus phellos, ,6,14,24,39,1,0, ,3758630,280552
4496,5422,9343,2018-03-30,0,Pecan, ,Carya illinoinensis, ,28,29,50,52,1,0, ,3758710,280378
4497,5423,9344,2018-03-30,-99,Japanese Snowbell, ,Styrax japonicus, ,2,0,6,0,1,0, ,3758720,280369
4498,5424,9345,2018-03-30,0,Japanese Snowbell, ,Styrax japonicus, ,2,3,8,13,1,0, ,3758710,280365
4499,5425,9346,2018-03-30,0,Japanese Snowbell, ,Styrax japonicus, ,1,2,8,10,1,0, ,3758720,280365
4500,5426,9347,2018-03-30,0,Okame Cherry, ,Prunus x incamp 'Okame', ,2,5,13,22,1,0, ,3758700,280375
4501,5427,9348,2018-03-30,0,Okame Cherry, ,Prunus x incamp 'Okame', ,2,5,11,23,1,0, ,3758700,280375
4502,5428,9349,2018-03-30,0,Okame Cherry, ,Prunus x incamp 'Okame', ,2,4,11,19,1,0, ,3758690,280373
4503,5429,9350,2018-03-30,0,Japanese Snowbell, ,Styrax japonicus, ,3,3,8,8,1,0, ,3758680,280370
4504,5430,9351,2018-03-30,0,Japanese Snowbell, ,Styrax japonicus, ,3,3,12,12,1,0, ,3758680,280368
4505,5431,9352,2018-03-30,0,Japanese Snowbell, ,Styrax japonicus, ,4,5,14,20,1,0, ,3758670,280361
4506,5432,9353,2018-03-30,0,Japanese Snowbell, ,Styrax japonicus, ,4,5,14,20,1,0, ,3758680,280356
4507,5433,9354,2018-03-30,0,Southern Red Oak, ,Quercus falcata, ,45,48,89,91,1,0, ,3758700,280361
4508,5434,9355,2018-03-30,0,Water Oak, ,Quercus nigra, ,39,43,71,77,1,0, ,3758710,280369
4509,5435,9356,2018-03-30,0,Pin Oak, ,Quercus palustris, ,31,33,69,74,1,0, ,3758670,280350
4510,5436,9357,2018-03-30,0,Japanese Snowbell, ,Styrax japonicus, ,3,4,7,12,1,0, ,3758730,280374
4511,5437,9358,2018-03-30,0,Japanese Snowbell, ,Styrax japonicus, ,2,3,7,8,1,0, ,3758730,280370
4512,5438,9359,2018-03-30,0,Overcup Oak, ,Quercus lyrata, ,4,12,19,39,1,0, ,3758730,280373
4513,5439,9360,2018-03-28,-99,Wax Myrtle, ,Myrica cerifera, ,3,0,12,0,1,0, ,3758740,280373
4514,5440,9361,2018-03-28,-99,Savannah Holly, ,Ilex x attenuata ' Savanah', ,3,0,19,0,1,0, ,3758740,280373
4515,5441,9362,2018-03-28,0,Savannah Holly, ,Ilex x attenuata ' Savanah', ,4,7,21,31,1,0, ,3758740,280373
4516,5442,9363,2018-03-28,0,Savannah Holly, ,Ilex x attenuata ' Savanah', ,3,6,18,30,1,0, ,3758750,280374
4517,5443,9364,2018-03-28,0,Savannah Holly, ,Ilex x attenuata ' Savanah', ,5,7,25,32,1,0, ,3758750,280378
4518,5444,9365,2018-03-28,0,Savannah Holly, ,Ilex x attenuata ' Savanah', ,5,8,27,32,1,0, ,3758760,280377
4519,5445,9366,2018-03-28,0,Savannah Holly, ,Ilex x attenuata ' Savanah', ,4,7,24,29,1,0, ,3758760,280379
4520,5446,9367,2018-03-28,-99,Wax Myrtle, ,Myrica cerifera, ,4,0,9,0,1,0, ,3758760,280383
4521,5447,9368,2010-11-19,0,Wax Myrtle, ,Myrica cerifera, ,4,7,15,22,1,0, ,3758760,280382
4522,5448,9369,2018-03-28,0,Wax Myrtle, ,Myrica cerifera, ,2,5,10,19,1,0, ,3758760,280380
4523,5449,9370,2018-03-28,0,Wax Myrtle, ,Myrica cerifera, ,2,7,14,21,1,0, ,3758760,280377
4524,5450,9371,2018-03-30,0,Swamp Chestnut Oak, ,Quercus michauxii, ,13,17,46,49,1,0, ,3758770,280383
4525,5451,9372,2018-03-30,0,Swamp Chestnut Oak, ,Quercus michauxii, ,10,13,41,45,1,0, ,3758780,280385
4526,5452,9373,2018-03-28,0,Post Oak, ,Quercus stellata, ,24,27,59,72,1,0, ,3758800,280323
4527,5453,9374,2018-03-28,-99,Southern Red Oak, ,Quercus falcata, ,32,0,68,0,1,0, ,3758800,280332
4528,5454,9375,2018-03-28,-99,Southern Red Oak, ,Quercus falcata, ,36,0,69,0,1,0, ,3758790,280339
4529,5455,9376,2018-03-28,0,Water Oak, ,Quercus nigra, ,38,40,59,65,1,0, ,3758790,280360
4530,5456,9377,2018-03-30,-99,Southern Red Oak, ,Quercus falcata, ,32,0,53,0,1,0, ,3758780,280378
4531,5457,9378,2018-03-28,-99,Water Oak, ,Quercus nigra, ,36,0,55,0,1,0, ,3758730,280356
4532,5458,9379,2018-03-28,0,Water Oak, ,Quercus nigra, ,62,75,75,86,1,0, ,3758730,280339
4533,5459,9380,2018-03-28,0,Water Oak, ,Quercus nigra, ,51,53,80,88,1,0, ,3758730,280322
4534,5460,9381,2018-03-28,-99,Water Oak, ,Quercus nigra, ,45,0,74,0,1,0, ,3758750,280306
4535,5461,9382,2018-03-30,0,Ginkgo, ,Ginkgo biloba, ,5,8,28,36,1,0, ,3758740,280386
4536,5462,9383,2018-03-30,-99,Japanese Maple, ,Acer palmatum, ,1,0,11,0,1,0, ,3758750,280386
4537,5463,9384,2018-03-30,0,Ginkgo, ,Ginkgo biloba, ,5,6,24,31,1,0, ,3758750,280389
4538,5464,9385,2018-03-30,0,Swamp Chestnut Oak, ,Quercus michauxii, ,11,15,39,44,1,0, ,3758780,280393
4539,5465,9386,2018-03-30,0,Japanese Snowbell, ,Styrax japonicus, ,4,6,16,25,1,0, ,3758790,280388
4540,5466,9387,2010-11-19,0,Japanese Snowbell, ,Styrax japonicus, ,10,0,15,0,1,0, ,3758810,280395
4541,5467,9388,2010-11-19,0,Ginkgo, ,Ginkgo biloba, ,6,0,30,0,1,0, ,3758820,280397
4542,5468,9389,2010-11-19,0,Crapemyrtle, ,Lagerstroemia x, ,3,0,27,0,1,0, ,3758820,280391
4543,5469,9390,2010-11-19,0,Southern Magnolia, ,Magnolia grandiflora, ,23,0,62,0,1,0, ,3758830,280393
4544,5470,9391,2010-11-19,0,Southern Magnolia, ,Magnolia grandiflora, ,21,0,51,0,1,0, ,3758850,280391
4545,5471,9392,2010-11-19,0,Ginkgo, ,Ginkgo biloba, ,2,0,8,0,1,0, ,3758820,280403
4546,5472,9393,2010-11-19,0,Crapemyrtle, ,Lagerstroemia x, ,3,0,17,0,1,0, ,3758830,280405
4547,5473,9394,2010-11-19,0,Ginkgo, ,Ginkgo biloba, ,4,0,23,0,1,0, ,3758830,280406
4548,5474,9395,2010-11-19,0,Crapemyrtle, ,Lagerstroemia x, ,1,0,6,0,1,0, ,3758820,280406
4549,5475,9396,2018-03-28,0,Chinese Pistache, ,Pistacia chinensis, ,19,24,43,49,1,0, ,3758860,280354
4550,5476,9397,2018-03-28,0,Water Oak, ,Quercus nigra, ,25,30,63,69,1,0, ,3758850,280361
4551,5477,9398,2018-03-28,0,Northern Red Oak, ,Quercus rubra, ,31,35,70,75,1,0, ,3758840,280360
4552,5478,9399,2018-03-28,-99,Pin Oak, ,Quercus palustris, ,25,0,66,0,1,0, ,3758840,280346
4553,5479,9400,2018-03-28,-99,Crapemyrtle, ,Lagerstroemia x, ,5,0,32,0,1,0, ,3758830,280347
4554,5480,9401,2018-03-28,-99,Crapemyrtle, ,Lagerstroemia x, ,6,0,30,0,1,0, ,3758830,280345
4555,5481,9402,2018-03-28,-99,Crapemyrtle, ,Lagerstroemia x, ,6,0,28,0,1,0, ,3758830,280344
4556,5482,9403,2018-03-28,-99,Sugar Maple, ,Acer saccharum, ,8,0,28,0,1,0, ,3758850,280332
4557,5483,9405,2018-03-28,0,Crapemyrtle, ,Lagerstroemia x, ,7,9,24,27,1,0, ,3758880,280373
4558,5484,9406,2018-03-28,0,Crapemyrtle, ,Lagerstroemia x, ,6,9,20,25,1,0, ,3758880,280372
4559,5485,9407,2018-03-28,0,Red Maple, ,Acer rubrum, ,5,10,22,36,1,0, ,3758880,280363
4560,5486,9408,2018-03-28,0,Red Maple, ,Acer rubrum, ,4,10,19,34,1,0, ,3758880,280354
4561,5487,9409,2018-03-28,0,Lusterleaf Holly, ,Ilex latifolia, ,5,6,17,21,1,0, ,3758870,280350
4562,5488,9410,2018-03-28,0,Red Maple, ,Acer rubrum, ,4,10,20,35,1,0, ,3758880,280344
4563,5489,9411,2018-03-28,0,Lusterleaf Holly, ,Ilex latifolia, ,4,6,15,20,1,0, ,3758870,280340
4564,5490,9412,2018-03-28,-99,Foster's Holly #2, ,Ilex x attenuata 'Fosteri', ,17,0,39,0,1,0, ,3758830,280326
4565,5491,9413,2018-03-28,-99,Foster's Holly #2, ,Ilex x attenuata 'Fosteri', ,11,0,34,0,1,0, ,3758840,280329
4566,5492,9414,2018-03-28,0,Southern Magnolia, ,Magnolia grandiflora, ,25,27,50,55,1,0, ,3758840,280314
4567,5493,9415,2018-03-28,-99,Crapemyrtle, ,Lagerstroemia x, ,3,0,9,0,1,0, ,3758830,280330
4568,5494,9416,2018-03-28,-99,Crapemyrtle, ,Lagerstroemia x, ,5,0,29,0,1,0, ,3758830,280332
4569,5495,9417,2018-03-28,-99,Crapemyrtle, ,Lagerstroemia x, ,5,0,27,0,1,0, ,3758840,280333
4570,5496,9418,2018-03-28,0,Southern Magnolia, ,Magnolia grandiflora, ,3,5,13,27,1,0, ,3758730,280359
4571,5497,9419,2018-03-28,0,Southern Magnolia, ,Magnolia grandiflora, ,3,5,15,19,1,0, ,3758740,280302
4572,5498,9420,2018-03-30,0,Overcup Oak, ,Quercus lyrata, ,25,27,65,70,1,0, ,3758700,280287
4573,5499,9421,2018-03-30,0,Overcup Oak, ,Quercus lyrata, ,22,23,49,61,1,0, ,3758710,280270
4574,5500,9422,2018-03-30,0,Southern Red Oak, ,Quercus falcata, ,27,30,72,76,1,0, ,3758720,280266
4575,5501,9423,2018-03-28,0,Southern Red Oak, ,Quercus falcata, ,27,28,67,69,1,0, ,3758730,280270
4576,5502,9424,2018-03-30,0,Water Oak, ,Quercus nigra, ,29,30,53,57,1,0, ,3758700,280302
4577,5503,9425,2018-03-30,0,Southern Red Oak, ,Quercus falcata, ,44,49,68,75,1,0, ,3758690,280321
4578,5504,9426,2018-03-30,-99,Southern Red Oak, ,Quercus falcata, ,33,0,71,0,1,0, ,3758690,280335
4579,5505,9427,2018-03-30,0,Southern Red Oak, ,Quercus falcata, ,32,34,83,87,1,0, ,3758680,280343
4580,5506,9428,2018-03-30,0,Southern Red Oak, ,Quercus falcata, ,44,45,82,85,1,0, ,3758720,280227
4581,5507,9429,2018-03-30,0,Southern Magnolia, ,Magnolia grandiflora, ,15,17,41,50,1,0, ,3758710,280255
4582,5508,9430,2018-03-30,0,Southern Magnolia, ,Magnolia grandiflora, ,17,18,53,56,1,0, ,3758710,280249
4583,5509,9431,2018-03-30,0,Crapemyrtle, ,Lagerstroemia x, ,4,5,27,31,1,0, ,3758710,280257
4584,5510,9432,2018-03-30,0,Southern Magnolia, ,Magnolia grandiflora, ,16,17,59,64,1,0, ,3758720,280242
4585,5511,9433,2018-03-28,0,Red Maple, ,Acer rubrum, ,3,7,19,36,1,0, ,3758730,280262
4586,5512,9434,2018-03-28,0,Red Maple, ,Acer rubrum, ,3,6,17,32,1,0, ,3758740,280253
4587,5513,9435,2018-03-28,0,Red Maple, ,Acer rubrum, ,3,7,19,33,1,0, ,3758750,280257
4588,5514,9436,2018-03-28,0,Nuttall Oak, ,Quercus nutallii, ,3,12,19,37,1,0, ,3758760,280262
4589,5515,9437,2018-03-28,0,Sawtooth Oak, ,Quercus acutissima, ,37,42,61,71,1,0, ,3758750,280253
4590,5516,9438,2018-03-28,0,Sweetbay Magnolia, ,Magnolia virginiana, ,1,2,8,28,1,0, ,3758740,280237
4591,5517,9439,2018-03-28,0,Sweetbay Magnolia, ,Magnolia virginiana, ,1,2,8,29,1,0, ,3758740,280240
4592,5518,9440,2018-03-28,0,Sweetbay Magnolia, ,Magnolia virginiana, ,1,2,9,31,1,0, ,3758740,280238
4593,5519,9441,2018-03-28,0,Sweetbay Magnolia, ,Magnolia virginiana, ,1,2,8,30,1,0, ,3758740,280240
4594,5520,9442,2018-03-28,0,Sweetbay Magnolia, ,Magnolia virginiana, ,1,2,8,31,1,0, ,3758740,280243
4595,5521,9443,2018-03-28,0,Japanese Maple, ,Acer palmatum, ,1,2,6,18,1,0, ,3758760,280245
4596,5522,9444,2018-03-28,0,Japanese Zelkova, ,Zelkova serrata, ,2,5,17,31,1,0, ,3758760,280251
4597,5523,9445,2018-03-28,0,Japanese Zelkova, ,Zelkova serrata, ,2,8,17,37,1,0, ,3758760,280255
4598,5524,9446,2018-03-28,0,Southern Magnolia, ,Magnolia grandiflora, ,3,6,19,33,1,0, ,3758760,280250
4599,5525,9447,2018-03-28,0,Southern Magnolia, ,Magnolia grandiflora, ,3,7,21,39,1,0, ,3758770,280251
4600,5526,9448,2010-11-19,0,Southern Magnolia, ,Magnolia grandiflora, ,3,7,17,31,1,0, ,3758770,280252
4601,5527,9449,2018-03-28,0,Crapemyrtle, ,Lagerstroemia x, ,1,5,9,29,1,0, ,3758770,280264
4602,5528,9450,2018-03-28,0,Crapemyrtle, ,Lagerstroemia x, ,1,5,10,31,1,0, ,3758800,280271
4603,5529,9451,2018-03-28,0,Nuttall Oak, ,Quercus nutallii, ,3,10,17,37,1,0, ,3758810,280280
4604,5530,9452,2018-03-28,0,Japanese Zelkova, ,Zelkova serrata, ,3,10,15,38,1,0, ,3758810,280270
4605,5531,9453,2018-03-28,0,Japanese Zelkova, ,Zelkova serrata, ,2,10,15,39,1,0, ,3758820,280272
4606,5532,9454,2010-11-19,0,Southern Magnolia, ,Magnolia grandiflora, ,4,6,19,38,1,0, ,3758810,280266
4607,5533,9455,2010-11-19,0,Southern Magnolia, ,Magnolia grandiflora, ,4,8,21,41,1,0, ,3758810,280267
4608,5534,9456,2018-03-28,0,Southern Magnolia, ,Magnolia grandiflora, ,4,7,20,38,1,0, ,3758820,280268
4609,5535,9457,2018-03-28,0,Japanese Maple, ,Acer palmatum, ,1,3,6,18,1,0, ,3758820,280268
4610,5536,9458,2018-03-28,0,Tulip Poplar, ,Liriodendron tulipifera, ,3,8,23,42,1,0, ,3758820,280278
4611,5537,9459,2018-03-28,0,Red Maple, ,Acer rubrum, ,3,9,17,34,1,0, ,3758820,280284
4612,5538,9460,2018-03-28,0,Southern Red Oak, ,Quercus falcata, ,45,49,84,90,1,0, ,3758830,280288
4613,5539,9461,2018-03-28,-99,Fringetree, ,Chionanthus virginicus, ,1,0,6,0,1,0, ,3758820,280295
4614,5540,9462,2018-03-28,-99,Fringetree, ,Chionanthus virginicus, ,1,0,5,0,1,0, ,3758830,280302
4615,5541,9463,2018-03-28,-99,Fringetree, ,Chionanthus virginicus, ,1,0,5,0,1,0, ,3758830,280305
4616,5542,9464,2018-03-28,-99,Fringetree, ,Chionanthus virginicus, ,1,0,4,0,1,0, ,3758830,280306
4617,5543,9465,2018-03-28,0,Fringetree, ,Chionanthus virginicus, ,1,2,6,15,1,0, ,3758740,280268
4618,5544,9466,2018-03-30,0,Tulip Poplar, ,Liriodendron tulipifera, ,14,17,46,55,1,0, ,3758650,280358
4619,5545,9467,2018-03-30,0,Tulip Poplar, ,Liriodendron tulipifera, ,10,13,48,51,1,0, ,3758640,280350
4620,5546,9468,2018-03-30,0,White Pine, ,Pinus strobus, ,28,29,62,67,1,0, ,3758640,280352
4621,5547,9469,2018-03-30,-99,Pin Oak, ,Quercus palustris, ,31,0,83,0,1,0, ,3758640,280335
4622,5548,9470,2018-03-30,-99,Norway Maple, ,Acer platanoides, ,10,0,34,0,1,0, ,3758630,280355
4623,5549,9471,2018-03-30,0,Flowering Dogwood, ,Cornus florida, ,4,5,16,29,1,0, ,3758620,280332
4624,5550,9472,2018-03-30,0,Lacebark Elm, ,Ulmus parviflora, ,14,17,38,44,1,0, ,3758610,280342
4625,5551,9473,2018-03-30,-99,Wax Myrtle, ,Myrica cerifera, ,3,0,15,0,1,0, ,3758610,280338
4626,5552,9474,2018-03-30,-99,Wax Myrtle, ,Myrica cerifera, ,4,0,16,0,1,0, ,3758610,280337
4627,5553,9475,2018-03-30,-99,Wax Myrtle, ,Myrica cerifera, ,3,0,13,0,1,0, ,3758610,280329
4628,5554,9476,2018-03-30,-99,Carolina Silverbell, ,Halesia tetraptera, ,2,0,15,0,1,0, ,3758610,280330
4629,5555,9477,2018-03-30,-99,Wax Myrtle, ,Myrica cerifera, ,3,0,14,0,1,0, ,3758610,280326
4630,5556,9478,2018-03-30,-99,Japanese Cryptomeria, ,Cryptomeria japonica, ,6,0,24,0,1,0, ,3758600,280320
4631,5557,9479,2018-03-30,0,Japanese Cryptomeria, ,Cryptomeria japonica, ,7,10,27,37,1,0, ,3758600,280317
4632,5558,9480,2018-03-30,0,Japanese Cryptomeria, ,Cryptomeria japonica, ,11,15,34,43,1,0, ,3758600,280319
4633,5559,9481,2010-11-19,0,Nuttall Oak, ,Quercus nutallii, ,7,0,34,0,1,0, ,3758610,280303
4634,5560,9482,2018-03-30,-99,Crapemyrtle, ,Lagerstroemia x, ,3,0,21,0,1,0, ,3758590,280309
4635,5561,9483,2018-03-30,-99,Crapemyrtle, ,Lagerstroemia x, ,3,0,19,0,1,0, ,3758600,280307
4636,5562,9484,2018-03-30,0,Crapemyrtle, ,Lagerstroemia x, ,3,5,22,28,1,0, ,3758600,280305
4637,5563,9485,2018-03-30,0,Crapemyrtle, ,Lagerstroemia x, ,3,5,20,29,1,0, ,3758600,280299
4638,5564,9486,2018-03-30,0,Crapemyrtle, ,Lagerstroemia x, ,3,4,22,24,1,0, ,3758600,280303
4639,5565,9487,2018-03-30,-99,Flowering Dogwood, ,Cornus florida, ,7,0,17,0,1,0, ,3758610,280308
4640,5566,9488,2018-03-30,0,Hardy Orange, ,Ponicrus trifoliata, ,3,4,12,19,1,0, ,3758610,280313
4641,5567,9489,2018-03-30,-99,Crapemyrtle, ,Lagerstroemia x, ,3,0,16,0,1,0, ,3758620,280291
4642,5568,9490,2018-03-30,0,Crapemyrtle, ,Lagerstroemia x, ,3,4,21,25,1,0, ,3758620,280288
4643,5569,9491,2018-03-30,0,Crapemyrtle, ,Lagerstroemia x, ,2,3,17,23,1,0, ,3758620,280285
4644,5570,9492,2018-03-30,0,Crapemyrtle, ,Lagerstroemia x, ,2,3,17,24,1,0, ,3758620,280282
4645,5571,9493,2018-03-30,-99,Red Maple, ,Acer rubrum, ,5,0,33,0,1,0, ,3758600,280262
4646,5572,9494,2018-03-30,0,Deodar Cedar, ,Cedrus deodora, ,10,17,51,59,1,0, ,3758610,280268
4647,5573,9495,2018-03-30,0,Flowering Dogwood, ,Cornus florida, ,3,4,13,23,1,0, ,3758620,280239
4648,5574,9496,2018-03-30,0,Flowering Dogwood, ,Cornus florida, ,3,3,12,12,1,0, ,3758620,280242
4649,5575,9497,2018-03-30,-99,Saucer Magnolia, ,Magnolia x soulangiana, ,2,0,15,0,1,0, ,3758630,280240
4650,5576,9498,2018-03-30,0,Fringetree, ,Chionanthus virginicus, ,1,2,6,14,1,0, ,3758620,280235
4651,5577,9499,2018-03-30,-99,Saucer Magnolia, ,Magnolia x soulangiana, ,1,0,10,0,1,0, ,3758640,280227
4652,5578,9500,2010-11-19,0,Flowering Dogwood, ,Cornus florida, ,3,0,15,0,1,0, ,3758630,280221
4653,5579,9501,2018-03-30,0,Flowering Dogwood, ,Cornus florida, ,2,3,13,21,1,0, ,3758630,280218
4654,5580,9502,2018-03-30,0,Flowering Dogwood, ,Cornus florida, ,3,4,18,26,1,0, ,3758630,280214
4655,5581,9503,2018-03-30,0,Japanese Maple, ,Acer palmatum, ,2,4,9,21,1,0, ,3758640,280239
4656,5582,9504,2018-03-30,0,Japanese Maple, ,Acer palmatum, ,3,4,9,18,1,0, ,3758650,280232
4657,5583,9505,2018-03-30,0,Japanese Maple, ,Acer palmatum, ,3,4,10,18,1,0, ,3758650,280234
4658,5584,9506,2018-03-30,0,Pecan, ,Carya illinoinensis, ,25,27,81,84,1,0, ,3758650,280225
4659,5585,9507,2018-03-30,0,Scarlet Oak, ,Quercus coccinea, ,4,11,21,33,1,0, ,3758650,280208
4660,5586,9508,2018-03-30,0,Water Oak, ,Quercus nigra, ,53,55,85,90,1,0, ,3758670,280198
4661,5587,9509,2018-03-30,-99,Sweetbay Magnolia, ,Magnolia virginiana, ,2,0,7,0,1,0, ,3758660,280231
4662,5588,9510,2018-03-30,0,Sweetbay Magnolia, ,Magnolia virginiana, ,3,5,19,28,1,0, ,3758660,280233
4663,5589,9511,2018-03-30,0,Sweetbay Magnolia, ,Magnolia virginiana, ,2,4,17,27,1,0, ,3758660,280230
4664,5590,9513,2018-03-30,0,Water Oak, ,Quercus nigra, ,36,39,76,81,1,0, ,3758690,280191
4665,5591,9514,2018-03-30,-99,Scarlet Oak, ,Quercus coccinea, ,9,0,38,0,1,0, ,3758700,280191
4666,5592,9515,2018-03-30,0,Post Oak, ,Quercus stellata, ,34,37,74,80,1,0, ,3758720,280198
4667,5593,9516,2018-03-30,-99,Washington Hawthorne, ,Crataegus phaenopyrum, ,3,0,18,0,1,0, ,3758720,280206
4668,5594,9517,2010-11-19,0,Water Oak, , , ,34,38,66,68,1,0, ,3758730,280204
4669,5595,9518,2018-03-30,0,Flowering Dogwood, ,Cornus florida, ,3,4,14,21,1,0, ,3758740,280200
4670,5596,9519,2018-03-30,0,Flowering Dogwood, ,Cornus florida, ,3,4,15,23,1,0, ,3758740,280206
4671,5597,9520,2018-03-30,0,Flowering Dogwood, ,Cornus florida, ,2,3,13,18,1,0, ,3758730,280211
4672,5598,9521,2018-03-30,0,Flowering Dogwood, ,Cornus florida, ,3,4,16,22,1,0, ,3758740,280211
4673,5599,9522,2018-03-30,0,Sugar Maple, ,Acer saccharum, ,11,15,47,52,1,0, ,3758750,280214
4674,5600,9523,2018-03-30,0,Northern Red Oak, ,Quercus rubra, ,20,26,51,60,1,0, ,3758760,280219
4675,5601,9524,2018-03-30,0,Flowering Dogwood, ,Cornus florida, ,6,7,17,25,1,0, ,3758750,280207
4676,5602,9525,2018-03-30,0,Sugar Maple, ,Acer saccharum, ,6,16,41,46,1,0, ,3758770,280209
4677,5603,9526,2018-03-30,0,Foster's Holly #2, ,Ilex x attenuata 'Fosteri', ,4,6,21,29,1,0, ,3758780,280226
4678,5604,9527,2018-03-30,0,Flowering Dogwood, ,Cornus florida, ,6,7,21,28,1,0, ,3758780,280235
4679,5605,9528,2018-03-30,0,Water Oak, ,Quercus nigra, ,52,55,90,94,1,0, ,3758790,280220
4680,5606,9529,2018-03-30,0,Flowering Dogwood, ,Cornus florida, ,3,4,18,23,1,0, ,3758780,280212
4681,5607,9530,2018-03-30,0,Flowering Dogwood, ,Cornus florida, ,2,3,12,17,1,0, ,3758790,280216
4682,5608,9531,2018-03-30,0,Flowering Dogwood, ,Cornus florida, ,3,4,18,23,1,0, ,3758790,280213
4683,5609,9532,2018-03-30,0,Flowering Dogwood, ,Cornus florida, ,1,3,15,19,1,0, ,3758790,280219
4684,5610,9533,2018-03-30,0,Flowering Dogwood, ,Cornus florida, ,2,3,11,18,1,0, ,3758800,280216
4685,5611,9534,2018-03-30,0,Pin Oak, ,Quercus palustris, ,44,46,88,90,1,0, ,3758810,280235
4686,5612,9535,2018-03-30,0,Pin Oak, ,Quercus palustris, ,31,32,82,87,1,0, ,3758820,280224
4687,5613,9536,2018-03-30,0,Water Oak, ,Quercus nigra, ,48,55,72,76,1,0, ,3758840,280233
4688,5614,9537,2018-03-30,0,Pin Oak, ,Quercus palustris, ,42,45,99,99,1,0, ,3758850,280233
4689,5615,9538,2018-03-30,0,Winged Elm, ,Ulmus alata, ,42,19,90,90,1,0,Decreased dbh,3758860,280234
4690,5616,9539,2018-03-30,0,Winged Elm, ,Ulmus alata, ,23,0,75,81,1,0, ,3758860,280237
4691,5617,9540,2018-03-30,-99,Pin Oak, ,Quercus palustris, ,27,0,50,0,1,0, ,3758870,280243
4692,5618,9541,2010-11-19,0,Flowering Dogwood, ,Cornus florida, ,3,4,14,20,1,0, ,3758860,280247
4693,5619,9542,2018-03-30,0,Flowering Dogwood, ,Cornus florida, ,3,4,12,18,1,0, ,3758860,280243
4694,5620,9543,2018-03-30,0,Flowering Dogwood, ,Cornus florida, ,2,4,14,22,1,0, ,3758850,280245
4695,5621,9544,2018-03-30,0,Burford Holly, ,Ilex cornuta, ,2,4,9,16,1,0, ,3758850,280241
4696,5622,9545,2018-03-30,0,Flowering Dogwood, ,Cornus florida, ,2,3,10,17,1,0, ,3758860,280239
4697,5623,9546,2018-03-30,0,Flowering Dogwood, ,Cornus florida, ,3,4,10,20,1,0, ,3758820,280221
4698,5624,9547,2018-03-30,0,Flowering Dogwood, ,Cornus florida, ,3,4,16,19,1,0, ,3758820,280223
4699,5625,9548,2018-03-30,0,Flowering Dogwood, ,Cornus florida, ,4,5,17,25,1,0, ,3758810,280220
4700,5626,9549,2018-03-30,0,Flowering Dogwood, ,Cornus florida, ,3,4,12,20,1,0, ,3758810,280223
4701,5627,9550,2018-03-30,0,Flowering Dogwood, ,Cornus florida, ,2,3,9,18,1,0, ,3758810,280228
4702,5628,9551,2018-03-30,0,Flowering Dogwood, ,Cornus florida, ,1,3,8,17,1,0, ,3758810,280226
4703,5629,9552,2018-03-30,0,Flowering Dogwood, ,Cornus florida, ,3,4,14,21,1,0, ,3758810,280230
4704,5630,9553,2018-03-30,0,Flowering Dogwood, ,Cornus florida, ,4,5,18,26,1,0, ,3758810,280235
4705,5631,9554,2018-03-30,0,Flowering Dogwood, ,Cornus florida, ,6,7,20,23,1,0, ,3758810,280244
4706,5632,9555,2018-03-30,-99,Norway Maple, ,Acer platanoides, ,15,0,34,0,1,0, ,3758810,280246
4707,5633,9556,2018-03-30,0,Flowering Dogwood, ,Cornus florida, ,1,3,11,16,1,0, ,3758790,280226
4708,5634,9557,2018-03-30,0,Flowering Dogwood, ,Cornus florida, ,2,3,9,15,1,0, ,3758800,280222
4709,5635,9558,2018-03-30,0,Flowering Dogwood, ,Cornus florida, ,2,3,12,7,1,0, ,3758790,280221
4710,5636,9559,2018-03-30,0,Flowering Dogwood, ,Cornus florida, ,2,3,15,19,1,0, ,3758800,280219
4711,5637,9560,2018-03-28,0,Red Maple, ,Acer rubrum, ,4,9,20,30,1,0, ,3758870,280270
4712,5638,9561,2018-03-28,0,Red Maple, ,Acer rubrum, ,4,8,19,28,1,0, ,3758870,280259
4713,5639,9562,2018-03-28,0,Red Maple, ,Acer rubrum, ,3,6,17,27,1,0, ,3758870,280249
4714,5640,9563,2018-03-30,-99,Southern Magnolia, ,Magnolia grandiflora, ,2,0,8,0,1,0, ,3758640,280186
4715,5641,9564,2018-03-30,-99,Southern Magnolia, ,Magnolia grandiflora, ,1,0,9,0,1,0, ,3758640,280187
4716,5642,9565,2018-03-30,-99,Southern Magnolia, ,Magnolia grandiflora, ,1,0,10,0,1,0, ,3758640,280190
4717,5643,9566,2018-03-30,-99,Flowering Dogwood, ,Cornus florida, ,1,0,13,0,1,0, ,3758630,280191
4718,5644,9567,2018-03-30,0,Flowering Dogwood, ,Cornus florida, ,2,3,11,19,1,0, ,3758620,280191
4719,5645,9568,2018-03-30,-99,Persian Parrotia, ,Parrotia persica, ,1,0,6,0,1,0, ,3758620,280186
4720,5646,9569,2018-03-30,0,Southern Magnolia, ,Magnolia grandiflora, ,6,10,25,41,1,0, ,3758620,280187
4721,5647,9570,2018-03-30,0,Southern Magnolia, ,Magnolia grandiflora, ,6,10,24,42,1,0, ,3758620,280188
4722,5648,9571,2018-03-30,0,Southern Magnolia, ,Magnolia grandiflora, ,4,9,21,37,1,0, ,3758610,280187
4723,5649,9572,2018-03-30,0,Nellie Stevens Holly, ,Ilex x 'Nellie R. Stevens', ,2,4,13,28,1,0, ,3758610,280189
4724,5650,9573,2018-03-30,0,Nellie Stevens Holly, ,Ilex x 'Nellie R. Stevens', ,2,4,14,27,1,0, ,3758610,280190
4725,5651,9574,2018-03-30,0,Willow Oak, ,Quercus phellos, ,7,14,30,45,1,0, ,3758640,280169
4726,5652,9575,2018-03-30,-99,Flowering Dogwood, ,Cornus florida, ,2,0,8,0,1,0, ,3758620,280151
4727,5653,9576,2018-03-30,-99,Flowering Dogwood, ,Cornus florida, ,2,0,9,0,1,0, ,3758620,280152
4728,5654,9577,2018-03-30,-99,Flowering Dogwood, ,Cornus florida, ,2,0,9,0,1,0, ,3758630,280154
4729,5655,9578,2018-03-30,0,Yoshino Cherry, ,Prunus yedoensis, ,13,15,33,41,1,0, ,3758590,280145
4730,5656,9579,2018-03-30,0,Yoshino Cherry, ,Prunus yedoensis, ,8,16,38,45,1,0, ,3758580,280150
4731,5657,9580,2018-03-30,0,Yoshino Cherry, ,Prunus yedoensis, ,12,14,36,40,1,0, ,3758580,280153
4732,5658,9581,2018-03-30,0,Yoshino Cherry, ,Prunus yedoensis, ,11,13,34,39,1,0, ,3758580,280157
4733,5659,9582,2018-03-30,0,Yoshino Cherry, ,Prunus yedoensis, ,12,13,32,38,1,0, ,3758580,280165
4734,5660,9583,2018-03-30,0,Yoshino Cherry, ,Prunus yedoensis, ,8,11,30,37,1,0, ,3758580,280168
4735,5661,9584,2018-03-30,0,Pecan, ,Carya illinoinensis, ,24,26,73,77,1,0, ,3758580,280142
4736,5662,9585,2018-03-30,0,Yoshino Cherry, ,Prunus yedoensis, ,3,4,15,20,1,0, ,3758570,280172
4737,5663,9586,2018-03-30,0,Yoshino Cherry, ,Prunus yedoensis, ,12,13,37,40,1,0, ,3758570,280175
4738,5664,9587,2018-03-30,0,Yoshino Cherry, ,Prunus yedoensis, ,11,12,36,39,1,0, ,3758570,280179
4739,5665,9588,2010-11-19,0,Flowering dogwood, , , ,2,3,9,16,1,0, ,3758590,280184
4740,5666,9589,2018-03-30,0,Flowering Dogwood, ,Cornus florida, ,3,4,12,20,1,0, ,3758590,280185
4741,5667,9590,2018-03-30,0,Flowering Dogwood, ,Cornus florida, ,2,4,11,18,1,0, ,3758600,280181
4742,5668,9591,2018-03-30,0,Flowering Dogwood, ,Cornus florida, ,3,4,12,19,1,0, ,3758590,280178
4743,5669,9592,2018-03-30,0,Japanese Maple, ,Acer palmatum, ,2,3,16,28,1,0, ,3758600,280196
4744,5670,9593,2018-03-30,0,Savannah Holly, ,Ilex x attenuata ' Savanah', ,2,8,17,33,1,0, ,3758600,280204
4745,5671,9594,2018-03-30,0,Pecan, ,Carya illinoinensis, ,35,37,90,93,1,0, ,3758580,280198
4746,5672,9595,2018-03-30,0,Japanese Maple, ,Acer palmatum, ,2,4,18,26,1,0, ,3758580,280213
4747,5673,9596,2018-03-30,0,Japanese Maple, ,Acer palmatum, ,3,4,19,24,1,0, ,3758580,280209
4748,5674,9597,2018-03-30,0,Pecan, ,Carya illinoinensis, ,24,28,71,75,1,0, ,3758560,280213
4749,5675,9598,2018-03-30,0,Trident Maple, ,Acer buergeranum, ,6,7,35,43,1,0, ,3758560,280206
4750,5676,9599,2018-03-30,0,Trident Maple, ,Acer buergeranum, ,4,5,26,32,1,0, ,3758560,280210
4751,5677,9600,2018-03-30,0,Trident Maple, ,Acer buergeranum, ,6,7,26,32,1,0, ,3758560,280214
4752,5678,9601,2010-11-19,0,Trident Maple, ,Acer buergeranum, ,8,9,44,49,1,0, ,3758560,280218
4753,5679,9602,2018-03-30,0,Trident Maple, ,Acer buergeranum, ,5,6,27,34,1,0, ,3758560,280220
4754,5680,9603,2018-03-30,-99,Trident Maple, ,Acer buergeranum, ,3,0,17,0,1,0, ,3758560,280217
4755,5681,9604,2018-03-30,0,Trident Maple, ,Acer buergeranum, ,4,5,22,29,1,0, ,3758560,280218
4756,5682,9605,2018-03-30,0,Trident Maple, ,Acer buergeranum, ,6,8,31,39,1,0, ,3758560,280222
4757,5683,9606,2018-03-30,0,Trident Maple, ,Acer buergeranum, ,4,5,20,32,1,0, ,3758570,280220
4758,5684,9607,2018-03-30,0,Trident Maple, ,Acer buergeranum, ,4,5,19,28,1,0, ,3758570,280224
4759,5685,9608,2018-03-30,0,Deodar Cedar, ,Cedrus deodora, ,2,3,6,8,1,0, ,3758580,280219
4760,5686,9609,2018-03-30,0,Deodar Cedar, ,Cedrus deodora, ,1,2,5,7,1,0, ,3758590,280215
4761,5687,9610,2018-03-30,0,Deodar Cedar, ,Cedrus deodora, ,1,2,4,6,1,0, ,3758590,280210
4762,5688,9611,2018-04-13,-99,Pin Oak, ,Quercus palustris, ,12,0,45,0,1,0, ,3758300,280377
4763,5689,9612,2018-04-13,-99,Northern Red Oak, ,Quercus rubra, ,17,0,33,0,1,0, ,3758300,280396
4764,5690,9613,2018-04-13,-99,Nuttall Oak, ,Quercus nutallii, ,5,0,22,0,1,0, ,3758340,280328
4765,5691,9614,2018-04-12,0,Pin Oak, ,Quercus palustris, ,11,12,37,41,1,0, ,3758360,280311
4766,5692,9615,2018-04-12,0,Nuttall Oak, ,Quercus nutallii, ,2,7,12,29,1,0, ,3758370,280307
4767,5693,9616,2018-04-12,-99,Nuttall Oak, ,Quercus nutallii, ,2,0,12,0,1,0, ,3758380,280288
4768,5694,9617,2018-04-12,-99,Okame Cherry, ,Prunus x incamp 'Okame', ,2,0,11,0,1,0, ,3758460,280243
4769,5695,9618,2018-04-12,0,Willow Oak, ,Quercus phellos, ,17,22,47,52,1,0, ,3758470,280260
4770,5696,9619,2018-04-12,0,Baldcypress, ,Taxodium distichum, ,4,7,17,24,1,0, ,3758460,280266
4771,5697,9620,2018-04-12,0,Baldcypress, ,Taxodium distichum, ,5,10,17,33,1,0, ,3758450,280267
4772,5698,9621,2018-04-12,0,Baldcypress, ,Taxodium distichum, ,6,10,23,36,1,0, ,3758450,280272
4773,5699,9622,2018-04-12,0,River Birch, ,Betula nigra, ,5,8,29,32,1,0, ,3758440,280277
4774,5700,9623,2018-04-12,0,River Birch, ,Betula nigra, ,4,6,25,29,1,0, ,3758430,280281
4775,5701,9624,2018-04-12,0,River Birch, ,Betula nigra, ,4,6,20,28,1,0, ,3758430,280288
4776,5702,9625,2018-04-12,0,River Birch, ,Betula nigra, ,3,8,21,31,1,0, ,3758420,280296
4777,5703,9626,2018-04-12,0,Red Maple, ,Acer rubrum, ,5,7,25,30,1,0, ,3758410,280302
4778,5704,9627,2018-04-12,0,Red Maple, ,Acer rubrum, ,5,9,24,32,1,0, ,3758400,280306
4779,5705,9628,2018-04-12,0,Red Maple, ,Acer rubrum, ,6,10,27,34,1,0, ,3758400,280315
4780,5706,9629,2018-04-12,0,Baldcypress, ,Taxodium distichum, ,5,12,23,38,1,0, ,3758390,280319
4781,5707,9630,2018-04-12,0,Baldcypress, ,Taxodium distichum, ,6,10,22,37,1,0, ,3758380,280317
4782,5708,9631,2010-11-19,0,Baldcypress, ,Taxodium distichum, ,6,12,20,35,1,0, ,3758380,280326
4783,5709,9632,2018-04-12,0,Baldcypress, ,Taxodium distichum, ,6,12,21,36,1,0, ,3758380,280327
4784,5710,9633,2018-04-12,0,Baldcypress, ,Taxodium distichum, ,5,10,21,34,1,0, ,3758370,280331
4785,5711,9634,2018-04-13,-99,Baldcypress, ,Taxodium distichum, ,5,0,17,0,1,0, ,3758360,280339
4786,5712,9635,2018-04-13,-99,Baldcypress, ,Taxodium distichum, ,6,0,22,0,1,0, ,3758360,280341
4787,5713,9636,2018-04-13,-99,Baldcypress, ,Taxodium distichum, ,7,0,21,0,1,0, ,3758350,280347
4788,5714,9637,2018-04-13,-99,Red Maple, ,Acer rubrum, ,6,0,27,0,1,0, ,3758350,280352
4789,5715,9638,2018-04-13,-99,Red Maple, ,Acer rubrum, ,5,0,23,0,1,0, ,3758340,280356
4790,5716,9639,2018-04-13,-99,Red Maple, ,Acer rubrum, ,5,0,21,0,1,0, ,3758330,280364
4791,5717,9640,2018-04-13,-99,River Birch, ,Betula nigra, ,5,0,23,0,1,0, ,3758330,280368
4792,5718,9641,2018-04-13,-99,River Birch, ,Betula nigra, ,5,0,27,0,1,0, ,3758320,280373
4793,5719,9642,2018-04-13,-99,River Birch, ,Betula nigra, ,4,0,20,0,1,0, ,3758320,280379
4794,5720,9643,2018-04-13,-99,River Birch, ,Betula nigra, ,4,0,21,0,1,0, ,3758320,280383
4795,5721,9644,2018-04-13,-99,River Birch, ,Betula nigra, ,4,0,23,0,1,0, ,3758310,280387
4796,5722,9645,2018-04-13,-99,Sugar Maple, ,Acer saccharum, ,15,0,43,0,1,0, ,3758380,280358
4797,5723,9646,2018-04-12,0,Sugar Maple, ,Acer saccharum, ,23,26,46,50,1,0, ,3758390,280346
4798,5724,9647,2018-04-12,0,Sugar Maple, ,Acer saccharum, ,17,20,44,49,1,0, ,3758410,280330
4799,5725,9648,2018-04-12,0,Sugar Maple, ,Acer saccharum, ,20,25,51,58,1,0, ,3758420,280324
4800,5726,9649,2018-04-12,-99,Pecan, ,Carya illinoinensis, ,20,0,67,0,1,0, ,3758440,280309
4801,5727,9650,2018-04-12,0,Pecan, ,Carya illinoinensis, ,32,37,66,71,1,0, ,3758450,280296
4802,5728,9651,2018-03-30,-99,Okame Cherry, ,Prunus x incamp 'Okame', ,4,0,15,0,1,0, ,3758500,280259
4803,5729,9652,2018-03-30,-99,Okame Cherry, ,Prunus x incamp 'Okame', ,3,0,12,0,1,0, ,3758490,280253
4804,5730,9653,2018-03-30,-99,Okame Cherry, ,Prunus x incamp 'Okame', ,7,0,15,0,1,0, ,3758490,280247
4805,5731,9654,2018-03-30,-99,Okame Cherry, ,Prunus x incamp 'Okame', ,5,0,14,0,1,0, ,3758480,280241
4806,5732,9655,2018-03-30,-99,Okame Cherry, ,Prunus x incamp 'Okame', ,8,0,18,0,1,0, ,3758480,280235
4807,5733,9656,2018-03-30,0,Willow Oak, ,Quercus phellos, ,7,18,23,41,1,0, ,3758480,280226
4808,5734,9659,2018-03-30,0,Willow Oak, ,Quercus phellos, ,41,43,75,79,1,0, ,3758500,280199
4809,5735,9660,2018-03-30,-99,Unknown Tree, ,Unknown tree, ,1,0,8,0,1,0, ,3758510,280192
4810,5736,9661,2018-03-30,-99,Unknown Tree, ,Unknown tree, ,1,0,7,0,1,0, ,3758510,280194
4811,5737,9662,2018-03-30,-99,Flowering Dogwood, ,Cornus florida, ,1,0,12,0,1,0, ,3758490,280214
4812,5738,9663,2018-03-30,0,Flowering Dogwood, ,Cornus florida, ,2,4,14,22,1,0, ,3758520,280197
4813,5739,9664,2018-03-30,0,Serviceberry, ,Amelanchier arborea, ,1,3,7,17,1,0, ,3758520,280200
4814,5740,9665,2018-03-30,0,Flowering Dogwood, ,Cornus florida, ,2,4,13,23,1,0, ,3758530,280189
4815,5741,9666,2018-03-30,0,Flowering Dogwood, ,Cornus florida, ,2,3,8,14,1,0, ,3758560,280150
4816,5742,9667,2018-03-30,0,Flowering Dogwood, ,Cornus florida, ,1,2,7,12,1,0, ,3758560,280154
4817,5743,9668,2018-03-30,0,Flowering Dogwood, ,Cornus florida, ,1,2,12,18,1,0, ,3758560,280163
4818,5744,9669,2018-03-30,0,Pecan, ,Carya illinoinensis, ,36,38,100,100,1,0, ,3758550,280246
4819,5745,9670,2018-03-30,0,Flowering Dogwood, ,Cornus florida, ,6,7,16,27,1,0, ,3758560,280255
4820,5746,9671,2018-03-30,0,Flowering Dogwood, ,Cornus florida, ,5,6,29,36,1,0, ,3758550,280249
4821,5747,9672,2018-03-30,0,Flowering Dogwood, ,Cornus florida, ,6,7,35,41,1,0, ,3758550,280251
4822,5748,9673,2018-03-30,0,Flowering Dogwood, ,Cornus florida, ,5,6,30,38,1,0, ,3758550,280253
4823,5749,9674,2018-03-30,0,Flowering Dogwood, ,Cornus florida, ,6,7,34,39,1,0, ,3758560,280254
4824,5750,9675,2018-04-12,0,Pin Oak, ,Quercus palustris, ,30,33,73,78,1,0, ,3758490,280276
4825,5751,9676,2018-04-12,-99,Texas Redbud, ,Cercis texensis, ,2,0,15,0,1,0, ,3758490,280278
4826,5752,9677,2018-04-12,-99,Texas Redbud, ,Cercis texensis, ,1,0,9,0,1,0, ,3758490,280288
4827,5753,9678,2018-04-12,-99,Texas Redbud, ,Cercis texensis, ,1,0,7,0,1,0, ,3758490,280284
4828,5754,9679,2018-04-12,0,Southern Magnolia, ,Magnolia grandiflora, ,18,21,49,54,1,0, ,3758480,280288
4829,5755,9680,2018-04-12,0,Pecan, ,Carya illinoinensis, ,32,38,81,86,1,0, ,3758470,280301
4830,5756,9681,2018-04-12,-99,Pin Oak, ,Quercus palustris, ,42,0,86,0,1,0, ,3758490,280292
4831,5757,9682,2018-04-12,0,Pin Oak, ,Quercus palustris, ,32,37,93,100,1,0, ,3758500,280292
4832,5758,9683,2018-04-12,0,Water Oak, ,Quercus nigra, ,36,38,81,88,1,0, ,3758480,280310
4833,5759,9684,2018-04-12,0,Saucer Magnolia, ,Magnolia x soulangiana, ,6,7,31,35,1,0, ,3758480,280311
4834,5760,9685,2018-04-12,0,Lacebark Elm, ,Ulmus parviflora, ,7,12,32,42,1,0, ,3758460,280308
4835,5761,9686,2018-04-12,0,Flowering Dogwood, ,Cornus florida, ,5,7,16,23,1,0, ,3758450,280325
4836,5762,9687,2018-04-12,0,Flowering Dogwood, ,Cornus florida, ,4,6,15,21,1,0, ,3758450,280321
4837,5763,9688,2018-04-12,0,Flowering Dogwood, ,Cornus florida, ,5,6,16,20,1,0, ,3758440,280320
4838,5764,9689,2018-04-12,0,Flowering Dogwood, ,Cornus florida, ,4,5,15,18,1,0, ,3758440,280318
4839,5765,9690,2018-04-12,0,Flowering Dogwood, ,Cornus florida, ,3,4,16,19,1,0, ,3758440,280315
4840,5766,9691,2018-04-12,-99,Eastern Redbud, ,Cercis canadensis, ,8,0,19,0,1,0, ,3758600,280373
4841,5767,9692,2018-04-12,0,Flowering Dogwood, ,Cornus florida, ,6,8,22,29,1,0, ,3758580,280358
4842,5768,9693,2018-04-13,0,Callery Pear, ,Pyrus calleryana, ,12,15,36,40,1,0, ,3758590,280401
4843,5769,9694,2018-04-13,0,Callery Pear, ,Pyrus calleryana, ,20,26,33,43,1,0, ,3758590,280407
4844,5770,9696,2018-04-13,0,Red Maple, ,Acer rubrum, ,3,5,18,24,1,0, ,3758580,280431
4845,5771,9697,2018-04-13,0,Red Maple, ,Acer rubrum, ,4,5,15,23,1,0, ,3758580,280437
4846,5772,9698,2018-04-13,0,Red Maple, ,Acer rubrum, ,4,6,14,25,1,0, ,3758580,280445
4847,5773,9700,2018-04-13,-99,Pecan, ,Carya illinoinensis, ,18,0,40,0,1,0, ,3758570,280413
4848,5774,9701,2018-04-13,0,Pecan, ,Carya illinoinensis, ,29,31,68,71,1,0, ,3758560,280430
4849,5775,9702,2018-04-13,0,Pecan, ,Carya illinoinensis, ,41,44,94,95,1,0, ,3758550,280448
4850,5776,9703,2018-04-13,0,Red Maple, ,Acer rubrum, ,4,8,14,31,1,0, ,3758570,280470
4851,5777,9704,2018-04-13,0,Red Maple, ,Acer rubrum, ,4,6,18,26,1,0, ,3758570,280476
4852,5778,9705,2010-11-19,0,Flowering Dogwood, ,Cornus florida, ,6,8,22,26,1,0, ,3758560,280473
4853,5779,9706,2018-04-13,0,Flowering Dogwood, ,Cornus florida, ,7,8,18,20,1,0, ,3758560,280475
4854,5780,9707,2018-04-13,0,Virginia Pine, ,Pinus virginiana, ,23,24,76,79,1,0, ,3758560,280478
4855,5781,9708,2018-04-13,-99,Cherry Laurel, ,Prunus caroliniana, ,1,0,11,0,1,0, ,3758550,280450
4856,5782,9709,2018-04-13,0,Japanese Maple, ,Acer palmatum, ,3,5,17,24,1,0, ,3758550,280451
4857,5783,9710,2018-04-13,-99,Japanese Maple, ,Acer palmatum, ,3,0,7,0,1,0, ,3758530,280445
4858,5784,9711,2018-04-13,0,Chinese Fringetree, ,Chionanthus retusus, ,12,15,30,41,1,0, ,3758520,280420
4859,5785,9712,2018-03-30,0,Lacebark Elm, ,Ulmus parviflora, ,17,23,34,26,1,0, ,3758590,280335
4860,5786,9713,2018-03-30,0,Okame Cherry, ,Prunus x incamp 'Okame', ,7,8,24,28,1,0, ,3758580,280335
4861,5787,9714,2018-03-30,-99,Okame Cherry, ,Prunus x incamp 'Okame', ,6,0,15,0,1,0, ,3758570,280330
4862,5788,9715,2018-03-30,0,Trident maple, , , ,5,8,17,26,1,0, ,3758570,280326
4863,5789,9716,2018-03-30,0,Trident maple, , , ,6,8,18,27,1,0, ,3758560,280321
4864,5790,9717,2018-03-30,0,Trident maple, , , ,5,7,17,26,1,0, ,3758550,280316
4865,5791,9718,2018-03-30,0,Lacebark Elm, ,Ulmus parviflora, ,10,12,34,39,1,0, ,3758540,280315
4866,5792,9719,2010-11-19,0,Crapemyrtle, ,Lagerstroemia x, ,1,0,9,0,1,0, ,3758450,280349
4867,5793,9720,2018-04-12,0,Crapemyrtle, ,Lagerstroemia x, ,1,3,8,15,1,0, ,3758450,280350
4868,5794,9721,2018-04-12,0,Crapemyrtle, ,Lagerstroemia x, ,1,2,9,16,1,0, ,3758450,280352
4869,5795,9722,2018-04-12,0,Crapemyrtle, ,Lagerstroemia x, ,1,3,8,15,1,0, ,3758450,280352
4870,5796,9723,2018-04-12,0,Crapemyrtle, ,Lagerstroemia x, ,1,3,8,18,1,0, ,3758450,280354
4871,5797,9724,2018-04-12,-99,Water Oak, ,Quercus nigra, ,40,0,48,0,1,0, ,3758450,280374
4872,5798,9725,2018-04-12,-99,Siberian Elm, ,Ulmus pumila, ,17,0,48,0,1,0, ,3758460,280367
4873,5799,9726,2018-04-12,-99,Pin Oak, ,Quercus palustris, ,29,0,70,0,1,0, ,3758480,280376
4874,5800,9727,2018-04-12,0,Overcup Oak, ,Quercus lyrata, ,3,4,17,24,1,0, ,3758470,280384
4875,5801,9728,2018-04-12,0,Overcup Oak, ,Quercus lyrata, ,3,4,16,23,1,0, ,3758470,280387
4876,5802,9729,2018-04-12,0,Overcup Oak, ,Quercus lyrata, ,3,4,16,25,1,0, ,3758460,280390
4877,5803,9730,2018-04-12,0,Overcup Oak, ,Quercus lyrata, ,3,8,18,36,1,0, ,3758460,280388
4878,5804,9731,2010-11-19,0,Overcup Oak, ,Quercus lyrata, ,3,6,15,32,1,0, ,3758450,280386
4879,5805,9732,2018-04-12,0,Overcup Oak, ,Quercus lyrata, ,3,7,17,35,1,0, ,3758440,280383
4880,5806,9733,2018-04-12,0,Overcup Oak, ,Quercus lyrata, ,3,7,18,33,1,0, ,3758440,280381
4881,5807,9734,2018-04-12,0,Overcup Oak, ,Quercus lyrata, ,3,7,17,35,1,0, ,3758430,280378
4882,5808,9735,2018-04-12,0,Overcup Oak, ,Quercus lyrata, ,3,6,19,33,1,0, ,3758420,280375
4883,5809,9736,2018-04-12,0,Overcup Oak, ,Quercus lyrata, ,3,7,16,34,1,0, ,3758420,280372
4884,5810,9737,2018-04-12,-99,Crapemyrtle, ,Lagerstroemia x, ,7,0,16,0,1,0, ,3758420,280372
4885,5811,9738,2018-04-12,-99,Flowering Dogwood, ,Cornus florida, ,6,0,19,0,1,0, ,3758470,280341
4886,5812,9739,2018-04-12,-99,Pin Oak, ,Quercus palustris, ,25,0,53,0,1,0, ,3758460,280338
4887,5813,9740,2018-04-12,0,Pin Oak, ,Quercus palustris, ,33,37,75,81,1,0, ,3758480,280354
4888,5814,9741,2018-04-12,0,Nellie Stevens Holly, ,Ilex x 'Nellie R. Stevens', ,4,5,16,19,1,0, ,3758490,280319
4889,5815,9742,2018-04-12,0,Nellie Stevens Holly, ,Ilex x 'Nellie R. Stevens', ,5,7,13,20,1,0, ,3758480,280325
4890,5816,9743,2018-04-12,-99,Nellie Stevens Holly, ,Ilex x 'Nellie R. Stevens', ,5,0,16,0,1,0, ,3758490,280356
4891,5817,9744,2018-04-12,-99,Nellie Stevens Holly, ,Ilex x 'Nellie R. Stevens', ,5,0,16,0,1,0, ,3758490,280354
4892,5818,9745,2010-11-19,0,Nellie Stevens Holly, ,Ilex x 'Nellie R. Stevens', ,5,0,13,0,1,0, ,3758490,280345
4893,5819,9746,2018-04-12,-99,Laurel Oak, ,Quercus laurifolia, ,54,0,66,0,1,0, ,3758500,280335
4894,5820,9747,2018-04-12,0,Laurel Oak, ,Quercus laurifolia, ,61,67,67,78,1,0, ,3758500,280314
4895,5821,9748,2018-04-12,0,Nellie Stevens Holly, ,Ilex x 'Nellie R. Stevens', ,4,5,14,18,1,0, ,3758500,280310
4896,5822,9749,2018-04-12,-99,Okame Cherry, ,Prunus x incamp 'Okame', ,4,0,18,0,1,0, ,3758510,280313
4897,5823,9750,2018-03-30,0,Willow Oak, ,Quercus phellos, ,37,37,79,81,1,0, ,3758500,280266
4898,5824,9751,2018-03-30,1,Trident maple, , , ,7,0,28,0,1,0, ,3758520,280291
4899,5825,9752,2018-03-30,-99,Okame Cherry, ,Prunus x incamp 'Okame', ,2,0,10,0,1,0, ,3758520,280295
4900,5826,9753,2018-03-30,-99,Okame Cherry, ,Prunus x incamp 'Okame', ,2,0,9,0,1,0, ,3758530,280300
4901,5827,9754,2018-03-30,-99,Okame Cherry, ,Prunus x incamp 'Okame', ,2,0,10,0,1,0, ,3758530,280302
4902,5828,9755,2018-03-30,0,Japanese Snowbell, ,Styrax japonicus, ,3,4,16,23,1,0, ,3758540,280305
4903,5829,9756,2018-04-12,-99,Nellie Stevens Holly, ,Ilex x 'Nellie R. Stevens', ,9,0,23,0,1,0, ,3758520,280328
4904,5830,9757,2018-04-12,0,Okame Cherry, ,Prunus x incamp 'Okame', ,6,10,11,24,1,0, ,3758520,280325
4905,5831,9758,2018-04-12,0,Lacebark Elm, ,Ulmus parviflora, ,14,19,34,42,1,0, ,3758530,280327
4906,5832,9759,2018-04-12,0,Lacebark Elm, ,Ulmus parviflora, ,9,12,30,36,1,0, ,3758530,280333
4907,5833,9760,2018-04-12,0,Lacebark Elm, ,Ulmus parviflora, ,16,18,38,41,1,0, ,3758540,280336
4908,5834,9761,2018-04-12,0,Water Oak, ,Quercus nigra, ,15,23,52,64,1,0, ,3758570,280350
4909,5835,9762,2018-04-12,0,Red Maple, ,Acer rubrum, ,2,5,18,27,1,0, ,3758560,280348
4910,5836,9763,2018-04-13,0,Lacebark Elm, ,Ulmus parviflora, ,7,12,18,38,1,0, ,3758540,280354
4911,5837,9765,2018-04-13,-99,Crapemyrtle, ,Lagerstroemia x, ,4,0,24,0,1,0, ,3758540,280357
4912,5838,9769,2018-04-13,-99,Pecan, ,Carya illinoinensis, ,19,0,57,0,1,0, ,3758530,280384
4913,5839,9770,2018-04-12,0,Live Oak, ,Quercus virginiana, ,27,37,48,58,1,0, ,3758520,280350
4914,5840,9771,2018-04-12,0,Crapemyrtle, ,Lagerstroemia x, ,10,12,30,36,1,0, ,3758500,280358
4915,5841,9772,2018-04-12,-99,Holly Unknown, ,Ilex species, ,3,0,10,0,1,0, ,3758510,280349
4916,5842,9773,2018-04-13,0,Freeman Maple, ,Acer x freemanii, ,3,8,19,34,1,0, ,3758470,280434
4917,5843,9774,2018-04-13,0,Freeman Maple, ,Acer x freemanii, ,3,8,18,35,1,0, ,3758460,280428
4918,5844,9775,2018-04-13,0,Freeman Maple, ,Acer x freemanii, ,3,10,19,38,1,0, ,3758460,280420
4919,5845,9776,2018-04-13,0,River Birch, ,Betula nigra, ,1,7,15,33,1,0, ,3758460,280406
4920,5846,9777,2018-04-13,0,River Birch, ,Betula nigra, ,1,8,13,35,1,0, ,3758460,280401
4921,5847,9778,2018-04-13,0,River Birch, ,Betula nigra, ,1,8,14,41,1,0, ,3758440,280398
4922,5848,9779,2018-04-13,0,Serviceberry, ,Amelanchier arborea, ,1,2,10,17,1,0, ,3758450,280397
4923,5849,9780,2018-04-13,-99,Serviceberry, ,Amelanchier arborea, ,1,0,11,0,1,0, ,3758450,280400
4924,5850,9781,2018-04-13,0,Serviceberry, ,Amelanchier arborea, ,1,2,10,15,1,0, ,3758450,280399
4925,5851,9782,2018-04-13,0,Serviceberry, ,Amelanchier arborea, ,1,2,10,14,1,0, ,3758450,280402
4926,5852,9783,2018-04-13,0,Serviceberry, ,Amelanchier arborea, ,1,2,10,15,1,0, ,3758460,280405
4927,5853,9784,2018-04-13,-99,Yaupon Holly, ,Ilex vomitoria, ,1,0,6,0,1,0, ,3758460,280409
4928,5854,9785,2018-04-13,-99,Yaupon Holly, ,Ilex vomitoria, ,1,0,6,0,1,0, ,3758460,280412
4929,5855,9786,2018-04-13,-99,Yaupon Holly, ,Ilex vomitoria, ,1,0,7,0,1,0, ,3758460,280415
4930,5856,9787,2018-04-13,-99,Yaupon Holly, ,Ilex vomitoria, ,1,0,8,0,1,0, ,3758460,280418
4931,5857,9788,2018-04-13,0,Lusterleaf Holly, ,Ilex latifolia, ,3,5,9,27,1,0, ,3758430,280439
4932,5858,9789,2018-04-13,0,Lusterleaf Holly, ,Ilex latifolia, ,3,5,9,29,1,0, ,3758420,280449
4933,5859,9790,2018-04-13,0,Lacebark Elm, ,Ulmus parviflora, ,11,12,23,27,1,0, ,3758450,280454
4934,5860,9791,2018-04-13,0,Lacebark Elm, ,Ulmus parviflora, ,21,23,90,93,1,0, ,3758460,280456
4935,5861,9792,2018-04-13,0,Lacebark Elm, ,Ulmus parviflora, ,14,15,64,67,1,0, ,3758460,280454
4936,5862,9793,2018-04-13,0,Freeman Maple, ,Acer x freemanii, ,3,5,17,31,1,0, ,3758470,280439
4937,5863,9794,2018-04-13,-99,Fringetree, ,Chionanthus virginicus, ,2,0,9,0,1,0, ,3758460,280429
4938,5864,9795,2010-11-19,0,Fringetree, ,Chionanthus virginicus, ,1,0,6,0,1,0, ,3758460,280436
4939,5865,9796,2018-04-13,0,Fringetree, ,Chionanthus virginicus, ,1,2,7,10,1,0, ,3758460,280437
4940,5866,9797,2010-11-19,-99,Fringetree, ,Chionanthus virginicus, ,1,0,7,0,1,0, ,3758460,280439
4941,5867,9798,2018-04-13,-99,Fringetree, ,Chionanthus virginicus, ,1,0,9,0,1,0, ,3758460,280438
4942,5868,9799,2018-04-13,0,Fringetree, ,Chionanthus virginicus, ,2,2,7,8,1,0, ,3758450,280436
4943,5869,9800,2010-11-19,0,Fringetree, ,Chionanthus virginicus, ,2,3,10,10,1,0, ,3758450,280435
4944,5870,9801,2018-04-13,0,Fringetree, ,Chionanthus virginicus, ,2,3,8,9,1,0, ,3758450,280434
4945,5871,9802,2018-04-13,0,Japanese Maple, ,Acer palmatum, ,2,3,6,16,1,0, ,3758440,280439
4946,5872,9803,2018-04-13,0,Japanese Maple, ,Acer palmatum, ,2,3,6,16,1,0, ,3758440,280443
4947,5873,9804,2018-04-13,0,Japanese Maple, ,Acer palmatum, ,2,3,6,18,1,0, ,3758440,280441
4948,5874,9805,2018-04-13,0,Japanese Maple, ,Acer palmatum, ,2,3,7,17,1,0, ,3758440,280437
4949,5875,9806,2018-04-13,0,Freeman Maple, ,Acer x freemanii, ,3,4,17,21,1,0, ,3758450,280448
4950,5876,9807,2018-04-13,0,Serviceberry, ,Amelanchier arborea, ,1,2,7,10,1,0, ,3758380,280361
4951,5877,9808,2018-04-13,90,Serviceberry, ,Amelanchier arborea, ,1,2,7,11,1,0, ,3758380,280365
4952,5878,9809,2018-04-13,-99,Siberian Elm, ,Ulmus pumila, ,28,0,27,0,1,0, ,3758380,280369
4953,5879,9810,2018-04-13,0,Serviceberry, ,Amelanchier arborea, ,1,2,7,11,1,0, ,3758390,280374
4954,5880,9811,2018-04-13,0,Serviceberry, ,Amelanchier arborea, ,1,2,7,10,1,0, ,3758390,280374
4955,5881,9812,2018-04-13,-99,Sweetbay Magnolia, ,Magnolia virginiana, ,2,0,9,0,1,0, ,3758390,280374
4956,5882,9813,2018-04-13,-99,Sweetbay Magnolia, ,Magnolia virginiana, ,2,0,8,0,1,0, ,3758390,280371
4957,5883,9814,2018-04-13,-99,Overcup Oak, ,Quercus lyrata, ,3,0,17,0,1,0, ,3758390,280369
4958,5884,9815,2018-04-13,-99,Sweetbay Magnolia, ,Magnolia virginiana, ,2,0,9,0,1,0, ,3758400,280370
4959,5885,9816,2018-04-13,-99,Sweetbay Magnolia, ,Magnolia virginiana, ,2,0,10,0,1,0, ,3758400,280373
4960,5886,9817,2018-04-13,0,Eastern Red Cedar, ,Juniperus virginiana, ,3,4,12,13,1,0, ,3758420,280383
4961,5887,9818,2018-04-13,0,Eastern Red Cedar, ,Juniperus virginiana, ,3,4,11,13,1,0, ,3758420,280382
4962,5888,9819,2018-04-13,0,Eastern Red Cedar, ,Juniperus virginiana, ,3,4,12,13,1,0, ,3758410,280382
4963,5889,9820,2018-04-13,0,Eastern Red Cedar, ,Juniperus virginiana, ,3,3,9,10,1,0, ,3758410,280382
4964,5890,9821,2018-04-13,0,Eastern Red Cedar, ,Juniperus virginiana, ,2,3,9,13,1,0, ,3758410,280380
4965,5891,9822,2018-04-13,0,Eastern Red Cedar, ,Juniperus virginiana, ,3,4,10,12,1,0, ,3758410,280381
4966,5892,9823,2018-04-13,0,Eastern Red Cedar, ,Juniperus virginiana, ,3,4,9,13,1,0, ,3758410,280383
4967,5893,9824,2018-04-13,0,Eastern Red Cedar, ,Juniperus virginiana, ,3,4,10,13,1,0, ,3758410,280385
4968,5894,9825,2018-04-13,-99,Kousa Dogwood, ,Cornus kousa, ,1,0,8,0,1,0, ,3758410,280400
4969,5895,9826,2018-04-13,-99,Red Maple, ,Acer rubrum, ,2,0,17,0,1,0, ,3758410,280406
4970,5896,9827,2018-04-13,-99,Northern White Cedar, ,Thuja occidentalis, ,1,0,6,0,1,0, ,3758410,280403
4971,5897,9828,2018-04-13,0,Foster's Holly #2, ,Ilex x attenuata 'Fosteri', ,3,4,13,22,1,0, ,3758410,280414
4972,5898,9829,2018-04-13,0,Foster's Holly #2, ,Ilex x attenuata 'Fosteri', ,3,4,13,24,1,0, ,3758400,280418
4973,5899,9830,2018-04-13,-99,Red Maple, ,Acer rubrum, ,3,0,19,0,1,0, ,3758400,280413
4974,5900,9831,2018-04-13,-99,Red Maple, ,Acer rubrum, ,3,0,17,0,1,0, ,3758400,280421
4975,5901,9832,2018-04-13,0,Northern White Cedar, ,Thuja occidentalis, ,1,3,5,26,1,0, ,3758400,280430
4976,5902,9833,2018-04-13,0,Northern White Cedar, ,Thuja occidentalis, ,1,3,5,26,1,0, ,3758400,280435
4977,5903,9834,2018-04-13,-99,Flowering Dogwood, ,Cornus florida, ,4,0,11,0,1,0, ,3758390,280426
4978,5904,9835,2018-04-13,-99,Flowering Dogwood, ,Cornus florida, ,4,0,11,0,1,0, ,3758390,280430
4979,5905,9836,2018-04-13,-99,Flowering Dogwood, ,Cornus florida, ,4,0,12,0,1,0, ,3758390,280431
4980,5906,9837,2018-04-12,0,Serviceberry, ,Amelanchier arborea, ,1,2,8,12,1,0, ,3758400,280350
4981,5907,9838,2018-04-12,0,Serviceberry, ,Amelanchier arborea, ,1,2,7,11,1,0, ,3758400,280353
4982,5908,9839,2018-04-12,0,Serviceberry, ,Amelanchier arborea, ,1,2,7,11,1,0, ,3758400,280356
4983,5909,9840,2018-04-12,0,Serviceberry, ,Amelanchier arborea, ,1,2,7,11,1,0, ,3758410,280359
4984,5910,9841,2018-04-12,0,American Holly, ,Ilex opaca, ,8,12,25,36,1,0, ,3758410,280346
4985,5911,9842,2018-04-12,-99,Sweetbay Magnolia, ,Magnolia virginiana, ,1,0,9,0,1,0, ,3758410,280363
4986,5912,9843,2018-04-12,-99,Sweetbay Magnolia, ,Magnolia virginiana, ,2,0,7,0,1,0, ,3758400,280366
4987,5913,9844,2018-04-12,-99,Sweetbay Magnolia, ,Magnolia virginiana, ,2,0,9,0,1,0, ,3758410,280368
4988,5914,9845,2018-04-12,0,Crapemyrtle, ,Lagerstroemia x, ,7,9,31,36,1,0, ,3758420,280366
4989,5915,9846,2018-04-12,0,Siberian Elm, ,Ulmus pumila, ,30,33,40,46,1,0, ,3758410,280360
4990,5916,9852,2017-11-15,0,Saucer Magnolia, ,Magnolia stellata, ,0,6,0,23,1,0, ,3759520,280618
4991,5917,9853,2017-11-16,0, shumard oak, ,Quercus shumardii, ,0,10,0,38,1,0, ,3759490,280520
4992,5918,9854,2017-11-16,0,Shumard oak, ,Quercus shumardii, ,0,10,0,37,1,0, ,3759490,280540
4993,5992,10005,2018-04-28,0,Nuttall Oak, ,Quercus nuttallii, ,4,10,0,29,1,0, ,3758220,280758
4994,5993,10006,2018-04-28,0,Nuttall Oak, ,Quercus nuttallii, ,4,9,0,32,1,0, ,3758220,280777
4995,5994,10007,2018-04-28,0,Nuttall Oak, ,Quercus nuttallii, ,4,10,0,34,1,0, ,3758210,280787
4996,5995,10008,2018-04-28,0,Nuttall Oak, ,Quercus nuttallii, ,9,10,0,35,1,0, ,3758210,280795
4997,5996,10009,2018-04-28,0,Nuttall Oak, ,Quercus nuttallii, ,4,10,0,33,1,0, ,3758210,280804
4998,5997,10010,2018-04-28,0,Nuttall Oak, ,Quercus nuttallii, ,4,9,0,33,1,0, ,3758200,280810
4999,5998,10011,2018-04-28,0,Nuttall Oak, ,Quercus nuttallii, ,4,10,0,35,1,0, ,3758210,280815
5000,5999,10012,2018-04-28,0,Nuttall Oak, ,Quercus nuttallii, ,4,10,0,32,1,0, ,3758230,280812
5001,6002,10015,2018-04-04,0,Willow Oak, ,Quercus phellos, ,0,10,0,40,1,0, ,3758860,280517
5002,6003,10016,2018-02-18,0,Nuttall Oak, ,Quercus nuttallii, ,4,8,0,25,1,0, ,3758920,280501
5003,6004,10017,2018-02-18,0,Nuttall Oak, ,Quercus nuttallii, ,4,9,0,28,1,0, ,3758920,280491
5004,6005,10018,2018-02-18,0,Nuttall Oak, ,Quercus nuttallii, ,4,9,0,25,1,0, ,3758920,280485
5005,6006,10019,2018-02-18,0,Willow Oak, ,Quercus phellos, ,4,11,0,37,1,0, ,3758960,280490
5006,6007,10020,2018-02-18,0,Willow Oak, ,Quercus phellos, ,4,10,0,36,1,0, ,3758960,280482
5007,6008,10021,2018-02-18,0,Willow Oak, ,Quercus phellos, ,4,10,0,36,1,0, ,3758960,280473
5008,6009,10022,2018-02-18,0,Nuttall Oak, ,Quercus Nuttallii, ,4,8,0,28,1,0, ,3759000,280411
5009,6010,10023,2018-02-18,0,Nuttall Oak, ,Quercus nuttallii, ,4,8,0,29,1,0, ,3759020,280387
5010,6011,10024,2018-02-18,0,Nuttall Oak, ,Quercus nuttallii, ,4,7,0,29,1,0, ,3758990,280370
5011,6012,10025,2018-02-18,0,Overcup Oak, ,Quercus lyrata, ,4,11,0,34,1,0, ,3758970,280351
5012,7469,11532,2018-02-23,0,White Ash, ,Fraxinus americana, ,14,17,32,36,1,0, ,3758900,280252
5013,7470,11533,2018-02-23,-99,Pignut Hickory, ,Carya glabra, ,21,0,82,0,1,0, ,3758960,280274
5014,7471,11534,2018-02-23,0,Shortleaf Pine, ,Pinus echinata, ,21,2,69,74,1,0, ,3758920,280350
5015,7472,11535,2018-02-23,0,Shortleaf Pine, ,Pinus echinata, ,22,24,71,79,1,0, ,3758920,280348
5016,7473,11536,2018-02-23,0,Southern Red Oak, ,Quercus falcata, ,30,31,76,80,1,0, ,3758920,280346
5017,7474,11538,2018-02-23,0,Southern Red Oak, ,Quercus falcata, ,35,37,78,82,1,0, ,3758900,280343
5018,7475,11539,2018-02-23,0,Shortleaf Pine, ,Pinus echinata, ,19,21,91,95,1,0, ,3758910,280342
5019,7476,11540,2018-02-23,0,Water Oak, ,Quercus nigra, ,31,33,82,84,1,0, ,3758900,280335
5020,7477,11541,2018-02-23,0,Shortleaf Pine, ,Pinus echinata, ,18,19,88,89,1,0, ,3758900,280329
5021,7478,11542,2019-11-30,0,Catalpa, ,Catalpa bignonioides, ,14,15,55,35,1,0,Cut,3758900,280328
5022,7479,11543,2018-03-07,0,Pignut Hickory, ,Carya glabra, ,19,20,83,87,1,0, ,3758920,280311
5023,7480,11544,2018-03-07,0,Mockernut Hickory, ,Carya tomentosa, ,19,20,76,79,1,0, ,3758900,280304
5024,7481,11545,2018-03-07,0,Pignut Hickory, ,Carya glabra, ,20,21,89,91,1,0, ,3758920,280287
5025,7482,11546,2018-03-07,0,Pignut Hickory, ,Carya glabra, ,16,18,67,55,1,0,Smaller height,3758920,280280
5026,7483,11547,2018-03-07,-99,Pignut Hickory, ,Carya glabra, ,27,0,104,0,1,0, ,3758910,280281
5027,7484,11548,2018-03-07,-99,Shortleaf Pine, ,Pinus echinata, ,17,0,81,0,1,0, ,3758900,280279
5028,7485,11549,2018-03-07,-99,Pignut Hickory, ,Carya glabra, ,22,0,77,0,1,0, ,3758910,280270
5029,7486,11550,2018-02-23,-99,Pignut Hickory, ,Carya glabra, ,22,0,72,0,1,0, ,3758920,280262
5030,7487,11551,2018-02-23,0,White Oak, ,Quercus alba, ,35,36,71,75,1,0, ,3758940,280265
5031,7488,11552,2018-02-23,0,Water Oak, ,Quercus nigra, ,22,25,53,55,1,0, ,3758940,280268
5032,7489,11553,2018-02-23,0,Pignut Hickory, ,Carya glabra, ,21,21,78,80,1,0, ,3758950,280255
5033,7490,11554,2019-11-30,0,Pignut Hickory, ,Carya glabra, ,23,24,101,103,1,0, ,3758960,280282
5034,7491,11555,2018-02-23,-99,Southern Red Oak, ,Quercus falcata, ,25,0,89,0,1,0, ,3758950,280278
5035,7492,11556,2018-03-07,-99,Mockernut Hickory, ,Carya tomentosa, ,18,0,88,0,1,0, ,3758910,280276
5036,7493,11557,2018-03-07,0,Pignut Hickory, ,Carya glabra, ,19,21,80,88,1,0, ,3758930,280300
5037,7494,11558,2018-02-23,0,Southern Red Oak, ,Quercus falcata, ,38,42,120,127,1,0, ,3758920,280302
5038,7495,11559,2018-02-23,0,Pignut Hickory, ,Carya glabra, ,16,17,80,83,1,0, ,3758930,280306
5039,7496,11560,2018-02-23,0,Pignut Hickory, ,Carya glabra, ,21,24,84,85,1,0, ,3758920,280317
5040,7497,11561,2018-02-23,-99,Shortleaf Pine, ,Pinus echinata, ,19,0,77,0,1,0, ,3758920,280317
5041,7498,11562,2018-03-07,-99,Pignut Hickory, ,Carya glabra, ,23,0,84,0,1,0,Size decrease,3758910,280327
5042,7499,11563,2018-03-07,0,Catalpa, ,Catalpa bignonioides, ,12,13,31,33,1,0, ,3758920,280329
5043,7500,11564,2018-02-23,0,Water Oak, ,Quercus nigra, ,23,24,80,83,1,0, ,3758920,280333
5044,7501,11565,2018-02-23,0,Shortleaf Pine, ,Pinus echinata, ,25,27,92,94,1,0, ,3758930,280332
5045,7502,11566,2019-11-30,0,Shortleaf Pine, ,Pinus echinata, ,21,22,71,79,1,0, ,3758940,280324
5046,7503,11567,2018-02-23,0,Water Oak, ,Quercus nigra, ,22,23,73,74,1,0, ,3758940,280324
5047,7504,11568,2019-11-30,0,Water Oak, ,Quercus nigra, ,24,25,71,75,1,0, ,3758940,280318
5048,7505,11569,2018-02-23,-99,Water Oak, ,Quercus nigra, ,24,0,79,0,1,0, ,3758930,280320
5049,7506,11570,2018-02-23,0,Southern Red Oak, ,Quercus falcata, ,19,24,69,84,1,0, ,3758940,280314
5050,7507,11571,2018-03-05,0,Water Oak, ,Quercus nigra, ,22,23,81,85,1,0, ,3758950,280320
5051,7508,11572,2018-03-05,0,Water Oak, ,Quercus nigra, ,26,27,60,71,1,0, ,3758960,280323
5052,7509,11573,2018-03-05,0,White Oak, ,Quercus alba, ,22,23,82,88,1,0, ,3758970,280327
5053,7510,11574,2018-03-05,0,Southern Red Oak, ,Quercus falcata, ,28,30,95,95,1,0, ,3758980,280329
5054,7511,11575,2018-03-05,0,Southern Red Oak, ,Quercus falcata, ,31,33,119,120,1,0, ,3758980,280304
5055,7512,11576,2018-03-05,0,White Oak, ,Quercus alba, ,15,17,53,61,1,0, ,3758980,280308
5056,7513,11577,2018-03-05,0,Scarlet Oak, ,Quercus coccinea, ,26,27,89,92,1,0, ,3758980,280302
5057,7514,11578,2018-03-05,0,Pignut Hickory, ,Carya glabra, ,18,19,77,82,1,0, ,3758980,280296
5058,7515,11579,2018-03-05,0,White Oak, ,Quercus alba, ,37,39,96,100,1,0, ,3758980,280301
5059,7516,11580,2018-03-05,0,Pignut Hickory, ,Carya glabra, ,21,21,75,77,1,0, ,3758970,280291
5060,7517,11581,2018-03-05,0,Water Oak, ,Quercus nigra, ,13,15,56,64,1,0, ,3758960,280304
5061,7518,11582,2018-03-05,-99,Water Oak, ,Quercus nigra, ,16,0,79,0,1,0, ,3758970,280306
5062,7519,11583,2018-03-05,0,White Oak, ,Quercus alba, ,27,29,108,110,1,0, ,3758960,280299
5063,7520,11584,2018-03-05,0,Black Oak, ,Quercus velutina, ,24,25,100,100,1,0, ,3758960,280305
5064,7521,11585,2018-02-23,0,Mockernut Hickory, ,Carya tomentosa, ,16,19,66,67,1,0, ,3758940,280296
5065,7522,11586,2018-03-05,0,Scarlet Oak, ,Quercus coccinea, ,30,27,100,85,1,0,Smaller size?,3758950,280289
5066,7523,11587,2018-03-05,0,Water Oak, ,Quercus nigra, ,26,27,105,107,1,0, ,3758960,280290
5067,7524,11588,2018-03-05,-99,Sweetgum, ,Liquidambar styraciflua, ,15,0,39,0,1,0, ,3758990,280327
5068,7525,11589,2018-03-05,0,Southern Red Oak, ,Quercus falcata, ,45,47,92,95,1,0, ,3758980,280320
5069,7526,11590,2018-03-05,0,Southern Red Oak, ,Quercus falcata, ,23,23,90,91,1,0, ,3759000,280311
5070,7527,11591,2018-03-05,0,Pignut Hickory, ,Carya glabra, ,21,22,77,80,1,0, ,3758990,280308
5071,7528,11592,2018-03-05,0,Water Oak, ,Quercus nigra, ,13,14,53,57,1,0, ,3758990,280306
5072,7529,11593,2018-03-05,0,Mockernut Hickory, ,Carya tomentosa, ,20,21,69,74,1,0, ,3758990,280301
5073,7530,11594,2018-03-05,-99,Scarlet Oak, ,Quercus coccinea, ,34,0,85,0,1,0, ,3759000,280308
5074,7531,11595,2019-11-30,-99,Water Oak, ,Quercus nigra, ,18,0,53,0,1,0, ,3759010,280303
5075,7532,11596,2019-11-30,-99,Water Oak, ,Quercus nigra, ,37,0,70,0,1,0, ,3759020,280308
5076,7533,11597,2018-03-05,-99,Scarlet Oak, ,Quercus coccinea, ,33,0,91,0,1,0, ,3759010,280314
5077,7534,11598,2019-11-30,0,Pignut Hickory, ,Carya glabra, ,16,0,88,0,1,0, ,3759010,280315
5078,7535,11599,2018-03-05,0,Scarlet Oak, ,Quercus coccinea, ,27,29,90,92,1,0, ,3759000,280320
5079,7536,11600,2018-03-05,0,Winged Elm, ,Ulmus alata, ,12,13,58,62,1,0, ,3759010,280319
5080,7537,11601,2019-11-30,0,"Hickory, Southern Shagbark", ,Carya ovata, ,18,19,66,71,1,0, ,3759000,280322
5081,7538,11602,2018-03-05,0,Black Oak, ,Quercus velutina, ,28,30,87,89,1,0, ,3759000,280324
5082,7539,11603,2018-03-05,0,Sweetgum, ,Liquidambar styraciflua, ,25,26,81,84,1,0, ,3759000,280326
5083,7540,11604,2018-03-05,0,Winged Elm, ,Ulmus alata, ,15,16,56,62,1,0, ,3759010,280331
5084,7541,11605,2018-03-05,0,Scarlet Oak, ,Quercus coccinea, ,35,37,76,80,1,0, ,3759010,280328
5085,7542,11606,2019-11-30,0,Mockernut Hickory, ,Carya tomentosa, ,18,19,54,58,1,0, ,3759030,280330
5086,7543,11607,2018-03-05,0,Pignut Hickory, ,Carya glabra, ,23,24,76,81,1,0, ,3759030,280326
5087,7544,11608,2018-03-05,0,Pignut Hickory, ,Carya glabra, ,21,24,82,87,1,0, ,3759040,280314
5088,7545,11609,2018-03-05,0,Sugarberry, ,Celtis laevigata, ,32,37,76,85,1,0, ,3759040,280313
5089,7546,11610,2018-03-05,0,Sugarberry, ,Celtis laevigata, ,15,19,47,61,1,0, ,3759050,280314
5090,7547,11611,2019-11-30,0,Red Mulberry, ,Morus rubra, ,13,14,65,66,1,0, ,3759040,280323
5091,7548,11612,2018-03-05,0,Mockernut Hickory, ,Carya tomentosa, ,18,19,68,70,1,0, ,3759040,280339
5092,7549,11613,2019-11-30,0,White Oak, ,Quercus alba, ,17,18,61,65,1,0, ,3759040,280340
5093,7550,11614,2018-03-05,0,Scarlet Oak, ,Quercus coccinea, ,21,22,67,70,1,0, ,3759050,280340
5094,7551,11615,2018-03-05,0,Water Oak, ,Quercus nigra, ,25,26,81,84,1,0, ,3759050,280346
5095,7552,11616,2018-03-05,0,Shortleaf Pine, ,Pinus echinata, ,17,18,62,66,1,0, ,3759040,280342
5096,7553,11617,2019-11-30,0,Water Oak, ,Quercus nigra, ,29,31,58,67,1,0, ,3759040,280342
5097,7554,11618,2018-02-18,-99,Water Oak, ,Quercus nigra, ,29,0,58,0,1,0, ,3759000,280348
5098,7555,11619,2018-03-07,-99,Catalpa, ,Catalpa bignonioides, ,13,0,45,0,1,0, ,3758900,280323
5099,7556,11620,2018-03-07,0,Winged Elm, ,Ulmus alata, ,14,15,50,53,1,0, ,3758900,280298
5100,7557,11621,2018-03-07,0,Winged Elm, ,Ulmus alata, ,17,19,58,62,1,0, ,3758900,280294
5101,7558,11622,2018-03-07,0,Red Mulberry, ,Morus rubra, ,16,18,52,58,1,0, ,3758900,280286
5102,7559,11623,2018-03-07,0,Green Ash, ,Fraxinus pennsylvanica, ,13,13,57,60,1,0, ,3758900,280275
5103,7560,11624,2019-11-30,-99,Shortleaf Pine, ,Pinus echinata, ,1,0,5,0,1,0, ,3759050,280328
5104,7561,11625,2018-03-05,-99,Shortleaf Pine, ,Pinus echinata, ,1,0,7,0,1,0, ,3759050,280324
5105,7562,11626,2018-02-23,0,River Birch, ,Betula nigra, ,7,11,43,48,1,0, ,3759050,280299
5106,7563,11627,2018-02-23,0,River Birch, ,Betula nigra, ,3,6,37,40,1,0, ,3759050,280298
5107,7564,11628,2018-02-23,0,River Birch, ,Betula nigra, ,5,10,41,45,1,0, ,3759050,280295
5108,7565,11629,2018-02-23,0,Northern Red Oak, ,Quercus rubra, ,15,15,44,50,1,0, ,3759030,280293
5109,7566,11630,2018-02-23,0,Water Oak, ,Quercus nigra, ,10,18,40,43,1,0, ,3759000,280285
5110,7567,11631,2019-11-30,0,White Oak, ,Quercus alba, ,4,10,23,34,1,0, ,3758970,280271
5111,7568,11632,2018-02-23,0,Red Maple, ,Acer rubrum, ,12,14,47,49,1,0, ,3758890,280261
5112,7569,11633,2018-02-23,0,Eastern Red Cedar, ,Juniperus virginiana, ,12,13,33,38,1,0, ,3758890,280248
5113,7570,11634,2018-02-23,0,Shortleaf Pine, ,Pinus echinata, ,26,27,64,69,1,0, ,3758900,280248
5114,7571,11635,2018-02-23,0,Shortleaf Pine, ,Pinus echinata, ,23,24,74,78,1,0, ,3758900,280245
5115,7572,11636,2018-02-23,0,Willow Oak, ,Quercus phellos, ,4,6,31,37,1,0, ,3758910,280263
5116,7573,11637,2018-02-23,0,Blue Atlas Cedar, ,Cedrus atlantica, ,29,31,56,59,1,0, ,3759030,280291
5117,7574,11638,2018-03-05,-99,Persimmon, ,Diospyros virginiana, ,20,0,67,0,1,0, ,3759040,280327
5118,7575,11639,2018-03-07,0,Sand Hickory, ,Carya species, ,14,15,42,49,1,0, ,3758910,280298
5119,8976,13714,2018-02-05,1, water oak, , , ,9,0,25,0,1,0, ,3759380,280814
5120,9027,13765,2015-08-28,0,Oak, , , ,0,0,0,0,1,0, ,3759860,280360
5121,9028,13767,2015-08-28,0,Oak, , , ,0,0,0,0,1,0, ,3759800,280380
5122,9029,13770,2015-08-28,0,Holly, , , ,0,0,0,0,1,0, ,3759810,280390
5123,9030,13772,2015-08-28,0,Holly, , , ,0,0,0,0,1,0, ,3759810,280392
5124,9031,13773,2015-08-28,0,Oak, , , ,0,0,0,0,1,0, ,3759790,280384
5125,9032,13776,2015-08-28,0,Oak, , , ,0,0,0,0,1,0, ,3759780,280389
5126,9033,13777,2015-08-28,0,Pecan, , , ,0,0,0,0,1,0, ,3759760,280386
5127,9034,13779,2015-08-28,0,Cypress, , , ,0,0,0,0,1,0, ,3759770,280387
5128,9035,13781,2015-08-28,0,Cypress, , , ,0,0,0,0,1,0, ,3759770,280386
5129,9036,13783,2015-08-28,0,Maple, , , ,0,0,0,0,1,0, ,3759760,280384
5130,9037,13785,2015-08-28,0,Pecan, , , ,0,0,0,0,1,0, ,3759760,280376
5131,9038,13788,2015-08-28,0,Water Oak, , , ,0,0,0,0,1,0, ,3759750,280372
5132,9039,13790,2015-08-28,0,Water Oak, , , ,0,0,0,0,1,0, ,3759750,280371
5133,9040,13792,2015-08-28,0,Water Oak, , , ,0,0,0,0,1,0, ,3759750,280368
5134,9041,13794,2015-08-28,0,Water Oak, , , ,0,0,0,0,1,0, ,3759750,280367
5135,9042,13796,2015-08-28,0,Water Oak, , , ,0,0,0,0,1,0, ,3759750,280366
5136,9043,13797,2015-08-28,0,Water Oak, , , ,0,0,0,0,1,0, ,3759750,280364
5137,9044,13800,2015-08-28,0,Pecan, , , ,0,0,0,0,1,0, ,3759760,280361
5138,9045,13801,2015-08-28,0,Red Oak, , , ,0,0,0,0,1,0, ,3759760,280361
5139,9046,13803,2015-08-28,0,Water Oak, , , ,0,0,0,0,1,0, ,3759750,280362
5140,9047,13805,2015-08-28,0,Water Oak, , , ,0,0,0,0,1,0, ,3759750,280361
5141,9048,13807,2015-08-28,0,Water Oak, , , ,0,0,0,0,1,0, ,3759750,280359
5142,9049,13810,2015-08-28,0,Hickory, , , ,0,0,0,0,1,0, ,3759760,280358
5143,9050,13812,2015-08-28,0,Hickory, , , ,0,0,0,0,1,0, ,3759760,280358
5144,9051,13814,2015-08-28,0,Hickory, , , ,0,0,0,0,1,0, ,3759760,280358
5145,9052,13816,2015-08-28,0,Pecan, , , ,0,0,0,0,1,0, ,3759740,280350
5146,9053,13818,2015-08-28,0,Pecan, , , ,0,0,0,0,1,0, ,3759740,280347
5147,9054,13820,2015-08-28,0,Hickory, , , ,0,0,0,0,1,0, ,3759740,280347
5148,9055,13821,2015-08-28,0,Pine, , , ,0,0,0,0,1,0, ,3759730,280370
5149,9056,13823,2015-08-28,0,Oak, , , ,0,0,0,0,1,0, ,3759730,280357
5150,9057,13825,2015-08-28,0,Oak, , , ,0,0,0,0,1,0, ,3759730,280348
5151,9058,13827,2015-08-28,0,NS, , , ,0,0,0,0,1,0, ,3759700,280381
5152,9059,13829,2015-08-28,0,Oak, , , ,0,0,0,0,1,0, ,3759720,280340
5153,9060,13831,2015-08-28,0,Oak, , , ,0,0,0,0,1,0, ,3759720,280383
5154,9061,13833,2015-08-28,0,Oak, , , ,0,0,0,0,1,0, ,3759720,280372
5155,9062,13835,2015-08-28,0,Waer Oak, , , ,0,0,0,0,1,0, ,3759710,280379
5156,9063,13837,2015-08-28,0,Wax Myrtle, , , ,0,0,0,0,1,0, ,3759700,280306
5157,9064,13839,2015-08-28,0,Wax Myrtle, , , ,0,0,0,0,1,0, ,3759690,280305
5158,9065,13841,2015-08-28,0,Holly, , , ,0,0,0,0,1,0, ,3759690,280307
5159,9066,13843,2015-08-28,0,Wax Myrtle, , , ,0,0,0,0,1,0, ,3759680,280308
5160,9067,13845,2015-08-28,0,Water Oak, , , ,0,0,0,0,1,0, ,3759680,280310
5161,9068,13847,2015-08-28,0,Holly, , , ,0,0,0,0,1,0, ,3759670,280311
5162,9069,13849,2015-08-28,0,Water Oak, , , ,0,0,0,0,1,0, ,3759670,280314
5163,9070,13851,2015-08-28,0,Holly, , , ,0,0,0,0,1,0, ,3759670,280309
5164,9071,13853,2015-08-28,0,Water Oak, , , ,0,0,0,0,1,0, ,3759670,280317
5165,9072,13855,2015-08-28,0,Water Oak, , , ,0,0,0,0,1,0, ,3759670,280317
5166,9073,13857,2015-08-28,0,Water Oak, , , ,0,0,0,0,1,0, ,3759670,280323
5167,9074,13859,2015-08-28,0,Pecan, , , ,0,0,0,0,1,0, ,3759670,280326
5168,9075,13861,2015-08-28,0,Tree, , , ,0,0,0,0,1,0, ,3759680,280335
5169,9076,13863,2015-08-28,0,Pecan, , , ,0,0,0,0,1,0, ,3759680,280337
5170,9077,13865,2015-08-28,0,Tree, , , ,0,0,0,0,1,0, ,3759680,280340
5171,9078,13867,2015-08-28,0,Cypress, , , ,0,0,0,0,1,0, ,3759680,280351
5172,9079,13869,2015-08-28,0,Cypress, , , ,0,0,0,0,1,0, ,3759680,280352
5173,9080,13871,2015-08-28,0,Cedar, , , ,0,0,0,0,1,0, ,3759690,280375
5174,9081,13873,2015-08-28,0,Tree, , , ,0,0,0,0,1,0, ,3759680,280384
5175,9082,13875,2015-08-28,0,Tree, , , ,0,0,0,0,1,0, ,3759680,280379
5176,9083,13877,2015-08-28,0,Water Oak, , , ,0,0,0,0,1,0, ,3759680,280376
5177,9084,13879,2015-08-28,0,Oak, , , ,0,0,0,0,1,0, ,3759660,280381
5178,9085,13881,2015-08-28,0,Southern Magnolia, , , ,0,0,0,0,1,0, ,3759670,280377
5179,9086,13883,2015-08-28,0,Cedar, , , ,0,0,0,0,1,0, ,3759670,280368
5180,9087,13885,2015-08-28,0,NS, , , ,0,0,0,0,1,0, ,3759670,280371
5181,9088,13887,2015-08-28,0,Cedar, , , ,0,0,0,0,1,0, ,3759670,280369
5182,9089,13889,2015-08-28,0,Cedar, , , ,0,0,0,0,1,0, ,3759670,280369
5183,9090,13891,2015-08-28,0,Oak, , , ,0,0,0,0,1,0, ,3759650,280378
5184,9091,13893,2015-08-28,0,Southern Magnolia, , , ,0,0,0,0,1,0, ,3759640,280376
5185,9092,13895,2015-08-28,0,Pecan, , , ,0,0,0,0,1,0, ,3759630,280378
5186,9093,13897,2015-08-28,0,Elm, , , ,0,0,0,0,1,0, ,3759630,280372
5187,9094,13899,2015-08-28,0,Water Oak, , , ,0,0,0,0,1,0, ,3759610,280384
5188,9095,13901,2015-08-28,0, , , , ,0,0,0,0,1,0, ,3759590,280380
5189,9096,13902,2015-08-28,0,Tree, , , ,0,0,0,0,1,0, ,3759590,280380
5190,9097,13903,2015-08-28,0,Red Oak, , , ,0,0,0,0,1,0, ,3759610,280375
5191,9098,13905,2015-08-28,0,Cedar, , , ,0,0,0,0,1,0, ,3759620,280368
5192,9099,13907,2015-08-28,0,Pecan, , , ,0,0,0,0,1,0, ,3759620,280353
5193,9100,13909,2015-08-28,0,Pecan, , , ,0,0,0,0,1,0, ,3759620,280337
5194,9101,13911,2015-08-28,0,Pecan, , , ,0,0,0,0,1,0, ,3759620,280332
5195,9102,13913,2015-08-28,0,Cedar, , , ,0,0,0,0,1,0, ,3759620,280359
5196,9103,13915,2015-08-28,0,Cedar, , , ,0,0,0,0,1,0, ,3759620,280358
5197,9104,13917,2015-08-28,0,Cedar, , , ,0,0,0,0,1,0, ,3759620,280357
5198,9105,13919,2015-08-28,0,Cedar, , , ,0,0,0,0,1,0, ,3759620,280355
5199,9106,13921,2015-08-28,0,Cedar, , , ,0,0,0,0,1,0, ,3759620,280353
5200,9107,13923,2015-08-28,0,Cedar, , , ,0,0,0,0,1,0, ,3759620,280352
5201,9108,13925,2015-08-28,0,Cedar, , , ,0,0,0,0,1,0, ,3759620,280350
5202,9109,13927,2015-08-28,0,Cedar, , , ,0,0,0,0,1,0, ,3759620,280349
5203,9110,13929,2015-08-28,0,Cedar, , , ,0,0,0,0,1,0, ,3759620,280347
5204,9111,13931,2015-08-28,0,Cedar, , , ,0,0,0,0,1,0, ,3759620,280346
5205,9112,13933,2015-08-28,0,Cedar, , , ,0,0,0,0,1,0, ,3759620,280345
5206,9113,13935,2015-08-28,0,Cedar, , , ,0,0,0,0,1,0, ,3759620,280343
5207,9114,13937,2015-08-28,0,Cedar, , , ,0,0,0,0,1,0, ,3759620,280342
5208,9115,13939,2015-08-28,0,Cedar, , , ,0,0,0,0,1,0, ,3759620,280340
5209,9116,13941,2015-08-28,0,Cedar, , , ,0,0,0,0,1,0, ,3759620,280337
5210,9117,13943,2015-08-28,0,Crape Myrtle, , , ,0,0,0,0,1,0, ,3759640,280312
5211,9118,13945,2015-08-28,0,Crape Myrtle, , , ,0,0,0,0,1,0, ,3759630,280312
5212,9119,13947,2015-08-28,0,Maple, , , ,0,0,0,0,1,0, ,3759600,280337
5213,9120,13949,2015-08-28,0,Maple, , , ,0,0,0,0,1,0, ,3759610,280333
5214,9121,13951,2015-08-28,0,Crape Myrtle, , , ,0,0,0,0,1,0, ,3759640,280311
5215,9122,13953,2015-08-28,0,Crape Myrtle, , , ,0,0,0,0,1,0, ,3759620,280312
5216,9123,13955,2015-08-28,0,Crape Myrtle, , , ,0,0,0,0,1,0, ,3759620,280311
5217,9124,13957,2015-08-28,0,Tree, , , ,0,0,0,0,1,0, ,3759610,280317
5218,9125,13959,2015-08-28,0,Tree, , , ,0,0,0,0,1,0, ,3759600,280315
5219,9126,13961,2015-08-28,0,Tree, , , ,0,0,0,0,1,0, ,3759590,280312
5220,9127,13963,2015-08-28,0,Tree, , , ,0,0,0,0,1,0, ,3759580,280317
5221,9128,13965,2015-08-28,0,Oak, , , ,0,0,0,0,1,0, ,3759580,280342
5222,9129,13967,2015-08-28,0,Oak, , , ,0,0,0,0,1,0, ,3759580,280351
5223,9130,13969,2015-08-28,0,Oak, , , ,0,0,0,0,1,0, ,3759570,280318
5224,9131,13971,2015-08-28,0,Tree, , , ,0,0,0,0,1,0, ,3759780,280380
5225,9132,13973,2015-08-28,0,Tree, , , ,0,0,0,0,1,0, ,3759780,280385
5226,9133,13975,2015-08-28,0,Tree, , , ,0,0,0,0,1,0, ,3759780,280383
5227,9134,13977,2015-08-28,0,Tree, , , ,0,0,0,0,1,0, ,3759780,280381
5228,9135,13979,2015-08-28,0,Southern Magnolia, , , ,0,0,0,0,1,0, ,3759780,280391
5229,9136,13981,2015-08-28,0,Oak, , , ,0,0,0,0,1,0, ,3759730,280383
5230,9137,13983,2015-08-28,0,Water Oak, , , ,0,0,0,0,1,0, ,3759670,280322
5231,9138,13985,2015-08-28,0,Holly, , , ,0,0,0,0,1,0, ,3759690,280305
5232,9139,13987,2015-08-28,0,Water Oak, , , ,0,0,0,0,1,0, ,3759670,280312
5233,9140,13989,2015-08-28,0,Water Oak, , , ,0,0,0,0,1,0, ,3759670,280313
5234,9455,0,2017-06-15,0,Water oak, ,Quercus nigra, ,0,18,0,52,1,0,Corrected location,3759930,280397
5235,9456,0,2017-06-15,0,Pin oak, ,Quercus palustris, ,0,8,0,36,1,0,"Dead branches under 2""",3759930,280406
5236,9457,0,2017-06-15,1,Flowering dogwood, ,Cornus florida, ,3,0,17,0,1,0,Damaged trunk,3759970,280428
5237,9458,0,2017-06-15,1,Flowering dogwood, ,Cornus florida, ,2,0,17,0,1,0,Damaged trunk,3759960,280421
5238,9459,0,2017-06-15,1,Magnolia, ,Magnolia spp., ,3,0,16,0,0,0, ,3759950,280450
5239,9460,0,2017-06-16,1,Pin oak, ,Quercus palustris, ,6,0,31,0,1,0, ,3759930,280463
5240,9461,0,2017-06-16,1,Pin oak, ,Quercus palustris, ,11,0,47,0,1,0, ,3759940,280459
5241,9462,0,2017-06-16,1,Nuttall oak, ,Quercus nuttallii, ,10,0,42,0,1,0, ,3759910,280415
5242,9463,0,2017-06-17,1,Willow oak, ,Quercus phellos, ,13,0,47,0,1,0, ,3759900,280472
5243,9464,0,2017-06-19,1,Carolina laurelcherry, ,Prunus caroliniana, ,2,0,24,0,0,0, ,3759860,280429
5244,9465,0,2017-06-19,0,Carolina laurelcherry, ,Prunus caroliniana, ,0,6,0,23,0,0, ,3759970,280477
5245,9466,0,2017-06-19,1,Flowering dogwood, ,Cornus florida, ,1,0,6,0,0,0, ,3759980,280484
5246,9467,0,2017-06-19,1,Flowering dogwood, ,Cornus florida, ,1,0,6,0,0,0, ,3759980,280488
5247,9468,0,2017-06-19,1,Flowering dogwood, ,Cornus florida, ,1,0,7,0,0,1,Dead,3759980,280492
5248,9469,0,2017-06-23,1,Saucer magnolia, ,Magnolia x soulangiana, ,1,0,14,0,0,0, ,3759880,280518
5249,9470,0,2017-06-25,1,Blackgum, ,Nyssa sylvatica, ,5,0,25,0,0,0, ,3759970,280536
5250,9471,0,2017-06-25,1,White oak, ,Quercus alba, ,7,0,33,0,1,0, ,3759980,280533
5251,9472,0,2017-06-25,1,Nuttall oak, ,Quercus nuttallii, ,12,0,54,0,1,0, ,3759980,280546
5252,9473,0,2017-06-25,1,Winged elm, ,Ulmus alata, ,7,0,31,0,0,0, ,3760000,280566
5253,9474,0,2017-06-25,1,Nuttall oak, ,Quercus nuttallii, ,13,0,49,0,1,0, ,3759950,280564
5254,9475,0,2017-06-25,1,American elm, ,Ulmus americana, ,10,0,41,0,1,0, ,3759930,280623
5255,9476,0,2017-06-25,1,Green ash, ,Fraxinus pennysylvanica, ,4,0,34,0,0,0, ,3759930,280603
5256,9477,0,2017-07-06,1,Carolina laurelcherry, ,Prunus caroliniana, ,4,0,24,0,1,0, ,3759890,280633
5257,9478,0,2017-07-06,1,Carolina laurelcherry, ,Prunus caroliniana, ,4,0,24,0,1,0, ,3759890,280631
5258,9479,0,2017-07-06,1,Carolina laurelcherry, ,Prunus caroliniana, ,3,0,24,0,1,0, ,3759890,280631
5259,9480,3077,2017-07-14,0,Crape Myrtle, ,Lagerstroemia x, ,0,6,0,40,1,0, ,3759820,280642
5260,9481,3077,2017-07-14,0,Crape Myrtle, ,Lagerstroemia x, ,0,3,0,36,1,0, ,3759820,280635
5261,9482,3077,2017-07-14,0,Crape Myrtle, ,Lagerstroemia x, ,0,7,0,39,1,0, ,3759820,280638
5262,9483,3077,2017-07-14,0,Crape Myrtle, ,Lagerstroemia x, ,0,4,0,32,1,0, ,3759820,280632
5263,9484,0,2017-07-16,1,Water oak, ,Quercus nigea, ,13,0,44,0,1,0, ,3759860,280501
5264,9485,2194,2017-07-18,1,Crepe Myrtle, ,Lagerstroemia x, ,1,0,11,0,0,0, ,3759780,280652
5265,9486,2871,2017-07-18,1,Okame Cherry, ,Prunus x incamp, ,2,0,14,0,0,0, ,3759780,280658
5266,9487,0,2017-07-18,1,Tree 1, , , ,3,0,16,0,0,0, ,3759780,280652
5267,9488,0,2017-07-18,1,Tree 1, , , ,4,0,0,16,0,0, ,3759780,280653
5268,9489,0,2017-07-19,1,Cherry laurel, ,Prunus caroliniana, ,3,0,16,0,0,0, ,3759790,280654
5269,9490,0,2017-07-19,1,Cherry laurel, ,Prunus caroliniana, ,3,0,19,0,0,0, ,3759800,280653
5270,9491,2978,2017-07-19,1,Oriental arborvitae, ,Thuja occidentalis, ,2,0,13,0,0,0, ,3759800,280632
5271,9492,2978,2017-07-19,1,Oriental arborvitae, ,Thuja occidentalis, ,2,0,12,0,0,0, ,3759800,280635
5272,9493,2978,2017-07-19,1,Oriental arborvitae, ,Thuja occidentalis, ,2,0,12,0,0,0, ,3759810,280638
5273,9494,0,2017-08-16,1,Oriental arborvitae, ,Thuja occidemtalis, ,2,0,19,0,0,0, ,3759780,280608
5274,9495,0,2017-08-16,1,Oriental arborvitae, ,Thuja occidemtalis, ,2,0,19,0,0,0, ,3759780,280609
5275,9496,0,2017-08-16,1,Oriental arborvitae, ,Thuja occidemtalis, ,2,0,16,0,0,0, ,3759780,280610
5276,9497,0,2017-09-08,1,Shumard oak, ,Quercus shumardii, ,9,0,41,0,1,0, ,3759910,280557
5277,9498,0,2017-09-08,1,American basswood, ,Tilia americana, ,7,0,29,0,1,0, ,3759880,280590
5278,9499,0,2017-09-09,1,Shumard oak, ,Quercus shumardii, ,9,0,48,0,1,0, ,3759740,280610
5279,9500,0,2017-09-09,1,Pin oak, ,Quercus palustris, ,10,0,44,0,1,0, ,3759700,280600
5280,9501,0,2017-09-09,1,Southern red oak, ,Quercus falcata, ,12,0,44,0,1,0, ,3759690,280610
5281,9502,0,2017-09-09,1,Trident maple, ,Acer buergerianum, ,5,0,24,0,0,0, ,3759760,280630
5282,9503,0,2017-09-09,1,Eastern redbud, ,Cercis canadensis, ,3,0,12,0,1,0, ,3759760,280639
5283,9504,0,2017-09-09,1,Eastern redbud, ,Cercis canadensis, ,3,0,11,0,1,0, ,3759760,280634
5284,9505,0,2017-09-13,1,Southern magnolia, ,Magnolia grandiflora, ,7,0,30,0,0,0, ,3759850,280523
5285,9506,0,2017-09-13,1,Japanese maple, ,Acer palmatum, ,2,0,15,0,0,0, ,3759840,280533
5286,9507,0,2017-09-13,1,Japanese maple, ,Acer palmatum, ,3,0,22,0,0,0, ,3759830,280535
5287,9508,0,2017-09-13,1,Blackgum, ,Nyssa aquatica, ,4,0,18,0,1,0, ,3759820,280534
5288,9509,0,2017-09-13,1,Shumard oak, ,Quercus shumardii, ,4,0,18,0,0,0, ,3759820,280528
5289,9510,0,2017-09-13,1,Sweetbay magnolia, ,Magnolia virginiana, ,5,0,35,0,1,0, ,3759700,280563
5290,9511,0,2017-09-13,1,Sweetbay magnolia, ,Magnolia virginiana, ,5,0,33,0,0,0, ,3759690,280567
5291,9512,0,2017-09-13,1,Sweetbay magnolia, ,Magnolia virginiana, ,5,0,35,0,1,0, ,3759690,280565
5292,9513,0,2017-09-13,1,Sweetbay magnolia, ,Magnolia virginiana, ,5,0,34,0,1,0, ,3759700,280564
5293,9514,2724,2017-09-13,1,Cherokee Princess Dogwood, ,Cornus florida, ,1,0,13,0,0,0, ,3759740,280575
5294,9515,2716,2017-09-13,1,Cherokee Princess Dogwood, ,Cornus florida, ,1,0,15,0,0,0, ,3759740,280575
5295,9516,2716,2017-09-13,1,Cherokee Princess Dogwood, ,Cornus florida, ,1,0,15,0,0,0, ,3759740,280577
5296,9517,0,2017-09-15,1,Camellia, ,Camellia spp., ,2,0,16,0,0,0, ,3759850,280530
5297,9518,0,2017-09-15,1,Camellia, ,Camellia spp., ,2,0,15,0,0,0, ,3759850,280530
5298,9519,0,2017-09-15,1,Camellia, ,Camellia spp., ,2,0,13,0,1,0, ,3759820,280540
5299,9520,0,2017-09-15,1,Japanese maple, ,Acer palmatum, ,1,0,8,0,0,0, ,3759790,280501
5300,9521,0,2017-09-15,1,Willow oak, ,Quercus phellos, ,9,0,37,0,1,0, ,3759810,280503
5301,9522,0,2017-09-29,1,Willow oak, ,Quercus phellos, ,4,0,26,0,1,0, ,3759770,280513
5302,9523,2707,2017-09-29,1,Paperbark Maple, ,Acer griseum, ,1,0,12,0,0,0, ,3759720,280509
5303,9524,0,2017-09-29,1,Ironwood, ,Carpinus caroliniana, ,3,0,14,0,1,0, ,3759720,280506
5304,9525,0,2017-10-01,1,Black cherry, ,Prunes serotina, ,4,0,21,0,0,0, ,3759770,280489
5305,9526,0,2017-10-01,1,Holly, ,Ilex, ,2,0,19,0,0,0, ,3759770,280490
5306,9527,2958,2017-10-01,1,East Palatka Holly, ,Ilex x attenuata, ,5,0,31,0,1,0, ,3759810,280449
5307,9528,2958,2017-10-01,1,East Palatka Holly, ,Ilex x attenuata, ,6,0,31,0,1,0, ,3759800,280453
5308,9529,0,2017-10-01,1,Willow oak, ,Quercus phellos, ,5,0,30,0,1,0, ,3759700,280533
5309,9530,0,2017-10-01,1,White oak, ,Quercus alba, ,3,0,19,0,1,0, ,3759660,280534
5310,9531,0,2017-10-01,1,Flowering dogwood, ,Cornus florida, ,1,0,10,0,0,0, ,3759640,280538
5311,9532,0,2017-10-01,1,Ironwood, ,Carpinus caroliniana, ,4,0,24,0,0,0, ,3759640,280528
5312,9533,0,2017-10-01,1,Ironwood, ,Carpinus caroliniana, ,4,0,26,0,0,0, ,3759610,280533
5313,9534,3952,2017-10-01,1,Water Oak, ,Quercus nigra, ,18,0,41,0,1,0,???????!??????!!!,3759620,280554
5314,9535,0,2017-10-01,1,Water oak, ,Quercus nigra, ,23,0,45,0,1,0, ,3759610,280557
5315,9536,0,2017-10-01,1,Sweetbay magnolia, ,Magnolia virginiana, ,2,0,15,0,1,0, ,3759650,280571
5316,9537,0,2017-10-01,1,Sweetbay magnolia, ,Magnolia virginiana, ,2,0,17,0,1,0, ,3759650,280575
5317,9538,0,2017-10-01,1,Sweetbay magnolia, ,Magnolia virginiana, ,2,0,15,0,1,0, ,3759650,280574
5318,9539,0,2017-10-01,1,Flowering dogwood, ,Cornus florida, ,1,0,17,0,0,0, ,3759650,280572
5319,9540,0,2017-10-01,1,Chinese elm, ,Ulmus parvifolia, ,6,0,42,0,1,0, ,3759650,280595
5320,9541,0,2017-10-11,1,Southern magnolia, ,Magnolia grandiflora, ,5,0,26,0,0,0, ,3759730,280431
5321,9542,0,2017-10-11,1,Southern magnolia, ,Magnolia grandiflora, ,5,0,30,0,0,0, ,3759730,280434
5322,9543,0,2017-10-11,1,Southern magnolia, ,Magnolia grandiflora, ,5,0,29,0,0,0, ,3759730,280433
5323,9544,0,2017-10-11,1,Holly, ,Ilex, ,3,0,14,0,0,0, ,3759740,280442
5324,9545,0,2017-10-11,1,Holly, ,Ilex, ,2,0,14,0,0,0, ,3759740,280443
5325,9546,0,2017-10-11,1,Holly, ,Ilex, ,2,0,11,0,0,0, ,3759740,280443
5326,9547,2701,2017-10-11,1,Katsura Tree, ,Cercidiphylum japonicum, ,1,0,10,0,0,0, ,3759740,280472
5327,9548,0,2017-10-15,1,Unknown, , , ,1,0,10,0,0,0, ,3759700,280461
5328,9549,0,2017-10-15,1,Unknown, , , ,3,0,12,0,0,0, ,3759700,280461
5329,9550,0,2017-10-15,1,Unknown, , , ,2,0,9,0,0,0, ,3759700,280461
5330,9551,0,2017-10-15,1,Unknown 2, , , ,3,0,13,0,0,0, ,3759700,280462
5331,9552,0,2017-10-15,1,Japanese maple, ,Acer palmatum, ,1,0,5,0,0,0, ,3759690,280483
5332,9553,0,2017-10-20,1,Japanese maple, ,Acer palmatum, ,1,0,11,0,0,0, ,3759680,280485
5333,9554,4223,2017-10-20,1,Yellowwood, ,Cladrastis kentukea, ,10,0,59,0,1,0, ,3759660,280521
5334,9555,0,2017-10-20,1,Serviceberry, ,Amelanchier arborea, ,1,0,7,0,0,0, ,3759670,280495
5335,9556,0,2017-10-20,1,Serviceberry, ,Amelanchier arborea, ,1,0,7,0,0,0, ,3759670,280497
5336,9557,0,2017-10-20,1,Serviceberry, ,Amelanchier arborea, ,1,0,7,0,0,0, ,3759670,280498
5337,9558,0,2017-10-20,1,Eastern redcedar, ,Juniperus virginiana, ,4,0,34,0,0,0, ,3759670,280458
5338,9559,0,2017-10-20,1,Carolina laurelcherry, ,Prunus caroliniana, ,6,0,31,0,0,0, ,3759610,280515
5339,9560,0,2017-10-20,1,Kousa dogwood, ,Cornus kousa, ,3,0,20,0,0,0, ,3759590,280541
5340,9561,0,2017-10-20,1,Red maple, ,Acer rubra, ,3,0,20,0,1,0, ,3759540,280457
5341,9562,0,2017-10-20,1,Red maple, ,Acer rubra, ,3,0,20,0,1,0, ,3759530,280456
5342,9563,0,2017-10-20,1,Red maple, ,Acer rubra, ,3,0,20,0,1,0, ,3759530,280456
5343,9564,0,2017-10-20,1,Red maple, ,Acer rubra, ,3,0,20,0,1,0, ,3759510,280454
5344,9565,0,2017-10-21,1,Vitex, ,Vitex angustifolia, ,2,0,21,0,0,0, ,3759710,280681
5345,9566,0,2017-10-21,1,Willow oak, ,Quercus phellos, ,10,0,49,0,0,0, ,3759690,280697
5346,9567,0,2017-10-21,1,Eastern redcedar, ,Juniperus virginiana, ,5,0,10,0,1,0, ,3759600,280679
5347,9568,0,2017-10-21,1,Eastern redcedar, ,Juniperus virginiana, ,8,0,16,0,1,0, ,3759600,280679
5348,9569,0,2017-10-21,1,Eastern redcedar, ,Juniperus virginiana, ,4,0,10,0,1,0, ,3759600,280680
5349,9570,0,2017-11-05,1,Japanese maple, ,Acer palmatum, ,1,0,7,0,0,0, ,3759640,280619
5350,9571,0,2017-11-05,1,Japanese maple, ,Acer palmatum, ,1,0,7,0,0,0, ,3759650,280645
5351,9572,4311,2017-11-05,0,Weeping Yaupon Holly, ,Ilex vomitoria, ,1,2,6,24,0,0, ,3759550,280689
5352,9573,0,2017-11-14,1, , , , ,5,0,25,0,1,0,"3 bundle scars, alt, rachis",3759490,280671
5353,9574,0,2017-11-15,1,Willow oak, ,Quercus phellos, ,12,0,46,0,1,0, ,3759500,280641
5354,9575,0,2017-11-15,1,Shumard oak, ,Quercus shumardii, ,11,0,43,0,1,0, ,3759500,280628
5355,9576,0,2017-11-15,1,Shumard oak, ,Quercus shumardii, ,10,0,40,0,1,0, ,3759500,280617
5356,9577,4329,2017-11-15,1,Saucer Magnolia, ,Magnolia stellata, ,2,0,9,0,0,0, ,3759520,280620
5357,9578,4453,2017-11-15,1,Saucer Magnolia, ,Magnolia stellata, ,1,0,6,0,0,0, ,3759520,280622
5358,9579,4454,2017-11-15,1,Saucer Magnolia, ,Magnolia stellata, ,1,0,7,0,0,0, ,3759520,280623
5359,9580,0,2017-11-15,1,Water oak, ,Quercus nigra, ,12,0,43,0,1,0, ,3759520,280579
5360,9581,0,2017-11-16,1,Water oak, ,Quercus nigra, ,9,0,45,0,1,0, ,3759550,280409
5361,9582,0,2017-11-16,1,Swamp chestnut oak, ,Quercus michauxii, ,7,0,29,0,1,0, ,3759510,280403
5362,9583,0,2017-11-16,1,Water oak, ,Quercus nigra, ,8,0,36,0,1,0, ,3759520,280406
5363,9584,0,2017-11-16,1, , , , ,2,0,13,0,0,0,Freon berries red rachis,3759490,280484
5364,9585,0,2017-11-16,1,Eastern redcedar, ,Juniperus virginiana, ,1,0,7,0,0,0, ,3759490,280475
5365,9586,0,2017-11-16,1,Eastern redcedar, ,Juniperus virginiana, ,1,0,7,0,0,0, ,3759490,280479
5366,9587,0,2017-11-16,1,Eastern redcedar, ,Juniperus virginiana, ,1,0,7,0,0,0, ,3759490,280473
5367,9588,0,2017-11-16,1,Eastern redcedar, ,Juniperus virginiana, ,1,0,7,0,0,0, ,3759500,280471
5368,9589,0,2017-11-16,1,Eastern redcedar, ,Juniperus virginiana, ,1,0,7,0,0,0, ,3759500,280470
5369,9590,0,2017-11-16,1,Eastern redcedar, ,Juniperus virginiana, ,1,0,7,0,0,0, ,3759500,280471
5370,9591,0,2017-11-16,1,Yellowwood?, , , ,1,0,18,0,0,0,Pale bark alternate round leaves compound,3759490,280463
5371,9592,0,2017-11-16,1,River birch, ,Betula nigra, ,1,0,18,0,0,0, ,3759500,280466
5372,9593,0,2017-11-16,1,River birch, ,Betula nigra, ,1,0,18,0,0,0, ,3759510,280467
5373,9594,0,2017-11-16,1,River birch, ,Betula nigra, ,1,0,18,0,0,0, ,3759510,280465
5374,9595,0,2017-11-16,1, , , , ,1,0,8,0,0,0,Some kind of cherry???,3759530,280464
5375,9596,0,2017-11-16,1, , , , ,1,0,8,0,0,0,Some kind of cherry???,3759530,280465
5376,9597,0,2017-11-16,1, , , , ,1,0,8,0,0,0,Some kind of cherry???,3759530,280464
5377,9598,0,2017-11-16,1,Trident maple, ,Acer buergeranium, ,1,0,11,0,0,0, ,3759540,280465
5378,9599,0,2017-11-16,1,Trident maple, ,Acer buergeranium, ,1,0,11,0,0,0, ,3759540,280463
5379,9600,0,2017-11-16,1,Trident maple, ,Acer buergeranium, ,1,0,11,0,0,0, ,3759540,280465
5380,9601,0,2017-11-16,1,Sweetbay magnolia, ,Magnolia virginiana, ,2,0,20,0,0,0, ,3759550,280477
5381,9602,0,2017-11-16,1,Sweetbay magnolia, ,Magnolia virginiana, ,2,0,18,0,0,0, ,3759550,280478
5382,9603,0,2017-11-16,1,Sweetbay magnolia, ,Magnolia virginiana, ,2,0,18,0,0,0, ,3759560,280477
5383,9604,0,2017-11-16,1,Post oak?, ,Quercus stellata?, ,4,0,26,0,0,0, ,3759560,280464
5384,9605,0,2017-11-17,1, , , , ,3,0,20,0,0,0,Opposite red new growth round leaves,3759550,280484
5385,9606,0,2018-01-06,1,Redbud, ,Cercis canadensis, ,1,0,14,0,0,0, ,3759730,280413
5386,9607,0,2018-01-06,1,Redbud, ,Cercis canadensis, ,1,0,9,0,0,0, ,3759720,280414
5387,9608,0,2018-01-06,1, , , , ,1,0,12,0,0,0,"Evergreen, maybe",3759720,280418
5388,9609,0,2018-01-06,1,Winterberry holly, ,Ilex verticilata, ,3,0,13,0,0,0, ,3759710,280411
5389,9610,0,2018-01-06,1,Smooth sumac, ,Rhus glabra, ,2,0,16,0,0,0, ,3759720,280422
5390,9611,0,2018-01-06,1,Holly, ,Ilex spp., ,4,0,19,0,0,0, ,3759710,280429
5391,9612,0,2018-01-06,1,Holly, ,Ilex spp., ,5,0,19,0,0,0, ,3759700,280431
5392,9613,0,2018-01-06,1,Holly, ,Ilex spp., ,4,0,20,0,0,0, ,3759700,280432
5393,9614,0,2018-01-06,1,Holly, ,Ilex spp., ,4,0,20,0,0,0, ,3759700,280433
5394,9615,0,2018-01-06,1,Holly, ,Ilex spp., ,5,0,18,0,0,0, ,3759700,280435
5395,9616,0,2018-01-06,1,American elm, ,Ulmus americanus, ,5,0,30,0,0,0, ,3759680,280433
5396,9617,4147,2018-01-06,1,Golden Rain Tree, ,Koelreuteria paniculata, ,6,0,30,0,1,0, ,3759690,280420
5397,9618,0,2018-01-06,1,Unknown, , , ,1,0,10,0,0,0, ,3759690,280427
5398,9619,0,2018-01-06,1,Blackgum, ,Nyssa sylvatica, ,5,0,26,0,0,0, ,3759670,280444
5399,9620,4118,2018-01-06,1,Japanese Maple, ,Acer palmatum, ,1,0,5,0,0,0, ,3759660,280440
5400,9621,0,2018-01-06,1,Unknown, , , ,1,0,8,0,0,0,Opposite,3759660,280439
5401,9622,0,2018-01-06,1,Honeylocust, ,Gleditsia triacanthos, ,4,0,24,0,1,0, ,3759650,280431
5402,9623,0,2018-01-06,1,Chinese photinia, ,Photinia serrulata, ,6,0,21,0,0,0, ,3759670,280405
5403,9624,0,2018-01-07,1,Post oak, ,Quercus stellata, ,5,0,27,0,0,0, ,3759660,280406
5404,9625,0,2018-01-07,1,Yoshino cherry, ,Prunes x yedoensis, ,4,0,21,0,0,0, ,3759650,280411
5405,9626,0,2018-01-07,1,American elm, ,Ulmus americana, ,2,0,21,0,0,0, ,3759640,280410
5406,9627,0,2018-01-07,1,Two winged silverbell, ,Halesia diptera, ,3,0,24,0,0,0, ,3759640,280408
5407,9628,0,2018-01-07,1,Cherry laurel, ,Prunus caroliniana, ,6,0,31,0,0,0, ,3759590,280401
5408,9629,0,2018-01-07,1,Weeping yaupon holly, , , ,3,0,20,0,0,0, ,3759580,280402
5409,9630,0,2018-01-07,1,Purple leaf plum, ,Prunus cerasifera, ,2,0,15,0,0,0, ,3759570,280402
5410,9631,0,2018-01-07,1,Black cherry, , , ,5,0,31,0,0,0, ,3759560,280420
5411,9632,0,2018-01-07,1,Cherry laurel, , , ,3,0,35,0,0,0, ,3759560,280443
5412,9633,4094,2018-01-07,1,Yoshino Cherry, ,Prunus x yedoensis, ,3,0,23,0,0,0, ,3759580,280428
5413,9634,0,2018-01-07,1,Post oak, ,Quercus stellata, ,2,0,20,0,0,0, ,3759600,280432
5414,9635,4417,2018-01-07,1,Flowering Dogwood, ,Cornus florida, ,3,0,15,0,0,0, ,3759600,280437
5415,9636,0,2018-01-07,1,White oak, ,Quercus alba, ,3,0,23,0,0,0, ,3759620,280443
5416,9637,0,2018-01-21,1,Tulip poplar, , , ,7,0,34,0,0,0, ,3759440,280577
5417,9638,0,2018-01-21,1,Deodar cedar, , , ,6,0,29,0,0,0, ,3759420,280581
5418,9639,0,2018-01-21,1,Red maple, , , ,3,0,23,0,0,0, ,3759430,280617
5419,9640,0,2018-01-21,1,American elm?, , , ,6,0,19,0,0,0, ,3759440,280641
5420,9641,0,2018-01-21,1,Flowering dogwood, , , ,2,0,12,0,0,0, ,3759450,280635
5421,9642,0,2018-01-21,1,Flowering dogwood, , , ,2,0,12,0,0,0, ,3759450,280638
5422,9643,0,2018-01-21,1,Tulip poplar, , , ,5,0,27,0,0,0, ,3759440,280620
5423,9644,0,2018-01-21,1,Tulip poplar, , , ,6,0,30,0,0,0, ,3759450,280616
5424,9645,0,2018-01-21,1,Tulip poplar, , , ,2,0,12,0,0,0, ,3759440,280578
5425,9646,0,2018-01-21,1,Tulip poplar, , , ,0,0,30,0,0,0, ,3759430,280578
5426,9647,0,2018-01-22,1,Live oak, , , ,4,0,22,0,0,0, ,3759460,280749
5427,9648,0,2018-01-22,1,Trident maple, , , ,5,0,27,0,0,0, ,3759460,280751
5428,9649,0,2018-01-22,1,Trident maple, , , ,5,0,27,0,0,0, ,3759450,280754
5429,9650,0,2018-01-22,1,Trident maple, , , ,5,0,27,0,0,0, ,3759440,280755
5430,9651,0,2018-01-22,1,Trident maple, , , ,5,0,27,0,0,0, ,3759430,280758
5431,9652,0,2018-01-22,1,Trident maple, , , ,5,0,27,0,0,0, ,3759460,280774
5432,9653,0,2018-01-22,1,Trident maple, , , ,5,0,27,0,0,0,Crape myrtle ?,3759410,280789
5433,9654,0,2018-01-22,1,Live oak, , , ,4,0,22,0,0,0, ,3759400,280796
5434,9655,0,2018-01-22,1,Live oak, , , ,4,0,22,0,0,0, ,3759400,280808
5435,9656,0,2018-01-22,1,Live oak, , , ,4,0,22,0,0,0, ,3759400,280819
5436,9657,0,2018-01-22,1,Live oak, , , ,4,0,22,0,0,0, ,3759410,280827
5437,9658,0,2018-01-22,1,Trident maple, , , ,4,0,27,0,0,0, ,3759410,280807
5438,9659,0,2018-01-22,1,Trident maple, , , ,4,0,27,0,0,0, ,3759420,280805
5439,9660,0,2018-01-22,1,Trident maple, , , ,4,0,27,0,0,0, ,3759440,280801
5440,9661,0,2018-01-22,1,Trident maple, , , ,4,0,27,0,0,0, ,3759440,280799
5441,9662,0,2018-01-22,1,Trident maple, , , ,4,0,27,0,0,0, ,3759450,280796
5442,9663,0,2018-01-22,1,Red maple, , , ,12,0,42,0,0,0, ,3759350,280634
5443,9664,0,2018-01-22,1,Red maple, , , ,14,0,42,0,0,0, ,3759350,280618
5444,9665,0,2018-01-22,1,Trident maple, , , ,2,0,15,0,0,0, ,3759390,280586
5445,9666,0,2018-01-22,1,Trident maple, , , ,2,0,15,0,0,0, ,3759390,280589
5446,9667,0,2018-01-22,1,Live oak, , , ,4,0,22,0,0,0, ,3759420,280576
5447,9668,0,2018-01-22,1,Live oak, , , ,8,0,31,0,0,0, ,3759430,280575
5448,9669,0,2018-01-22,1,Live oak, , , ,7,0,26,0,0,0, ,3759440,280574
5449,9670,0,2018-01-22,1,Live oak, , , ,6,0,28,0,0,0, ,3759440,280573
5450,9671,2429,2018-01-26,0,Weeping Yaupon Holly, ,Ilex vomitoria, ,4,0,24,0,1,0, ,3759460,280522
5451,9672,0,2018-01-26,1,Japanese maple, , , ,2,0,3,0,0,0, ,3759450,280466
5452,9675,2443,2018-01-26,1,East Palatka Holly, ,Ilex x attenuata 'East palatka', ,9,0,31,0,1,0, ,3759470,280430
5453,9676,2443,2018-01-26,1,East Palatka Holly, ,Ilex x attenuata 'East palatka', ,8,0,28,0,1,0, ,3759470,280426
5454,9677,2443,2018-01-26,1,East Palatka Holly, ,Ilex x attenuata 'East palatka', ,7,0,26,0,1,0, ,3759470,280423
5455,9678,2443,2018-01-26,1,East Palatka Holly, ,Ilex x attenuata 'East palatka', ,6,0,26,0,1,0, ,3759470,280422
5456,9679,2391,2018-01-26,0,Red maple, , , ,9,0,37,0,1,0, ,3759420,280394
5457,9680,2385,2018-01-26,1,Nellie R. Stevens Holly, ,Ilex x 'Nellie R. Stevens', ,14,0,21,0,1,0, ,3759400,280426
5458,9681,2443,2018-01-26,1,East Palatka Holly, ,Ilex x attenuata 'East palatka', ,3,0,16,0,1,0, ,3759390,280401
5459,9682,2443,2018-01-26,1,East Palatka Holly, ,Ilex x attenuata 'East palatka', ,3,0,16,0,1,0, ,3759390,280398
5460,9683,2443,2018-01-26,1,East Palatka Holly, ,Ilex x attenuata 'East palatka', ,3,0,16,0,1,0, ,3759390,280395
5461,9684,2443,2018-01-26,1,East Palatka Holly, ,Ilex x attenuata 'East palatka', ,3,0,16,0,1,0, ,3759400,280396
5462,9685,2443,2018-01-26,1,East Palatka Holly, ,Ilex x attenuata 'East palatka', ,4,0,20,0,1,0, ,3759400,280387
5463,9686,2443,2018-01-26,1,East Palatka Holly, ,Ilex x attenuata 'East palatka', ,4,0,20,0,1,0, ,3759400,280389
5464,9687,2443,2018-01-26,1,East Palatka Holly, ,Ilex x attenuata 'East palatka', ,4,0,20,0,1,0, ,3759400,280390
5465,9688,2443,2018-01-26,1,East Palatka Holly, ,Ilex x attenuata 'East palatka', ,4,0,20,0,1,0, ,3759400,280388
5466,9689,2443,2018-01-26,1,East Palatka Holly, ,Ilex x attenuata 'East palatka', ,4,0,20,0,1,0, ,3759400,280390
5467,9690,2251,2018-01-29,0,Southern Magnolia, ,Magnolia grandiflora, ,2,0,18,0,1,0, ,3759380,280473
5468,9691,2251,2018-01-29,0,Southern Magnolia, ,Magnolia grandiflora, ,2,0,18,0,1,0, ,3759380,280474
5469,9692,2251,2018-01-29,0,Southern Magnolia, ,Magnolia grandiflora, ,2,0,18,0,1,0, ,3759380,280476
5470,9693,2251,2018-01-29,0,Southern Magnolia, ,Magnolia grandiflora, ,2,0,18,0,1,0, ,3759380,280476
5471,9694,2251,2018-01-29,0,Southern Magnolia, ,Magnolia grandiflora, ,2,0,18,0,1,0, ,3759380,280476
5472,9695,2251,2018-01-29,0,Southern Magnolia, ,Magnolia grandiflora, ,2,0,18,0,1,0, ,3759380,280476
5473,9696,2251,2018-01-29,0,Southern Magnolia, ,Magnolia grandiflora, ,2,0,18,0,1,0, ,3759380,280478
5474,9697,0,2018-01-29,1,Crape myrtle, , , ,1,0,12,0,0,0, ,3759370,280488
5475,9698,0,2018-01-29,1,Crape myrtle, , , ,1,0,12,0,0,0, ,3759370,280488
5476,9699,0,2018-01-29,1,Crape myrtle, , , ,1,0,12,0,0,0, ,3759360,280488
5477,9700,0,2018-01-29,1,Crape myrtle, , , ,1,0,12,0,0,0, ,3759360,280487
5478,9701,0,2018-01-29,1,Crape myrtle, , , ,1,0,12,0,0,0, ,3759350,280487
5479,9702,0,2018-01-29,1,Palm?, , , ,4,0,8,0,0,0, ,3759380,280482
5480,9703,0,2018-01-29,1,Palm?, , , ,10,0,11,0,0,0, ,3759380,280482
5481,9704,0,2018-01-29,1,Palm?, , , ,5,0,8,0,0,0, ,3759380,280480
5482,9705,0,2018-01-29,1,Palm?, , , ,9,0,10,0,0,0, ,3759380,280479
5483,9706,0,2018-01-29,1,Photinia, , , ,14,0,28,0,0,0, ,3759400,280468
5484,9707,0,2018-01-29,1,East Palatka Holly, , , ,7,0,27,0,0,0, ,3759400,280468
5485,9708,0,2018-01-29,1,Sugar maple, , , ,19,0,45,0,0,0, ,3759400,280476
5486,9709,2461,2018-01-26,1,October Glory Red Maple, ,Acer rubrum, ,3,0,19,0,1,0, ,3759410,280482
5487,9710,2461,2018-01-26,1,October Glory Red Maple, ,Acer rubrum, ,4,0,20,0,1,0, ,3759410,280481
5488,9711,2461,2018-01-29,1,October Glory Red Maple, ,Acer rubrum, ,5,0,21,0,1,0, ,3759410,280485
5489,9712,2407,2018-01-24,1, Magnolia, , , ,3,0,20,0,1,0, ,3759430,280506
5490,9713,2407,2018-01-24,1, Magnolia, , , ,3,0,20,0,1,0, ,3759430,280510
5491,9714,2407,2018-01-24,1, Magnolia, , , ,3,0,20,0,1,0, ,3759440,280508
5492,9715,3628,2018-01-29,0,Crepe Myrtle, ,Lagerstroemia x, ,2,4,12,20,1,0, ,3759300,280473
5493,9716,2461,2018-01-29,1,October Glory Red Maple, ,Acer rubrum, ,6,0,30,0,1,0, ,3759290,280465
5494,9717,3609,2018-01-29,1,Foster's Holly, ,Ilex x attenuata 'Fosteri', ,2,0,12,0,1,0, ,3759360,280522
5495,9718,3609,2018-01-29,1,Foster's Holly, ,Ilex x attenuata 'Fosteri', ,2,0,12,0,1,0, ,3759350,280520
5496,9719,3609,2018-01-29,1,Foster's Holly, ,Ilex x attenuata 'Fosteri', ,2,0,12,0,1,0, ,3759350,280516
5497,9720,3606,2018-01-29,1,Serviceberry, ,Amelanchier x grandiflora, ,1,0,7,0,1,0, ,3759360,280530
5498,9721,3606,2018-01-29,1,Serviceberry, ,Amelanchier x grandiflora, ,1,0,7,0,1,0, ,3759360,280524
5499,9722,3606,2018-01-29,1,Serviceberry, ,Amelanchier x grandiflora, ,1,0,7,0,1,0, ,3759350,280525
5500,9723,0,2018-01-29,1,Japanese maple, , , ,1,0,3,0,0,0, ,3759280,280511
5501,9724,3630,2018-01-29,1,Red Maple, ,Acer rubrum, ,0,0,24,0,1,0, ,3759350,280641
5502,9725,3629,2018-01-29,1,October Maple, , , ,7,0,21,0,1,0, ,3759280,280581
5503,9726,3629,2018-01-29,1, October Maple, , , ,7,0,21,0,1,0, ,3759280,280578
5504,9727,2331,2018-01-31,1,Weeping Yaupon Holly, ,Ilex vomitoria, ,5,0,21,0,1,0, ,3759250,280539
5505,9728,2331,2018-01-31,1,Weeping Yaupon Holly, ,Ilex vomitoria, ,5,0,21,0,1,0, ,3759250,280540
5506,9729,2331,2018-01-31,1,Weeping Yaupon Holly, ,Ilex vomitoria, ,5,0,21,0,1,0, ,3759260,280541
5507,9730,2262,2018-01-31,1,Nellie R. Stevens Holly, ,Ilex x 'Nellie R. Stevens', ,5,0,19,0,1,0, ,3759270,280512
5508,9731,2262,2018-01-31,1,Nellie R. Stevens Holly, ,Ilex x 'Nellie R. Stevens', ,4,0,16,0,1,0, ,3759270,280517
5509,9732,2262,2018-01-31,1,Nellie R. Stevens Holly, ,Ilex x 'Nellie R. Stevens', ,3,0,14,0,1,0, ,3759260,280511
5510,9733,0,2018-01-31,1,Flowering dogwood, , , ,4,0,22,0,0,0, ,3759240,280536
5511,9734,0,2018-01-31,1,Flowering dogwood, , , ,4,0,22,0,0,0, ,3759240,280529
5512,9735,0,2018-01-31,1,Flowering dogwood, , , ,4,0,22,0,0,0, ,3759240,280523
5513,9736,0,2018-01-31,1,Flowering dogwood, , , ,4,0,22,0,0,0, ,3759250,280518
5514,9737,0,2018-01-31,1,Flowering dogwood, , , ,4,0,22,0,0,0, ,3759250,280513
5515,9738,0,2018-01-31,1,Flowering dogwood, , , ,4,0,22,0,0,0, ,3759240,280513
5516,9739,4712,2018-01-31,1,River Birch, ,Betula nigra, ,8,0,35,0,1,0, ,3759260,280505
5517,9740,4712,2018-01-31,1,River Birch, ,Betula nigra, ,8,0,35,0,1,0, ,3759270,280506
5518,9741,4715,2018-01-31,1,Cherry Laurel, ,Prunus caroliniana, ,2,0,14,0,1,0, ,3759270,280480
5519,9742,4720,2018-01-31,1,Tulip Poplar, ,Liriodendron tulipifera, ,9,0,38,0,1,0, ,3759270,280458
5520,9743,3663,2018-02-02,1,Tulip Poplar, ,Liriodendron tulipifera, ,6,0,30,0,1,0, ,3759280,280406
5521,9744,3312,2018-02-02,1,Willow Oak, ,Quercus phellos, ,6,0,25,0,1,0, ,3759280,280403
5522,9745,3312,2018-02-02,1,Willow Oak, ,Quercus phellos, ,6,0,25,0,1,0, ,3759290,280402
5523,9746,3312,2018-02-02,1,Willow Oak, ,Quercus phellos, ,6,0,25,0,1,0, ,3759290,280392
5524,9747,3312,2018-02-02,1,Willow Oak, ,Quercus phellos, ,6,0,25,0,1,0, ,3759290,280379
5525,9748,3312,2018-02-02,1,Willow Oak, ,Quercus phellos, ,6,0,25,0,1,0, ,3759290,280372
5526,9749,4731,2018-02-02,1,Overcup Oak, ,Quercus lyrata, ,6,0,24,0,1,0, ,3759280,280389
5527,9750,3312,2018-02-02,1,Willow Oak, ,Quercus phellos, ,6,0,25,0,1,0, ,3759290,280380
5528,9751,3352,2018-02-02,1,Willow Oak, ,Quercus phellos, ,6,0,30,0,1,0, ,3759140,280403
5529,9752,4742,2018-02-02,1,Crape Myrtle, ,Lagerstroemia x, ,3,0,22,0,1,0, ,3759170,280394
5530,9753,4742,2018-02-02,1,Crape Myrtle, ,Lagerstroemia x, ,3,0,22,0,1,0, ,3759170,280409
5531,9754,3673,2018-02-02,1,Zelkova, ,Zelkova serrata, ,6,0,20,0,1,0, ,3759170,280392
5532,9755,3673,2018-02-02,1,Zelkova, ,Zelkova serrata, ,6,0,20,0,1,0, ,3759170,280398
5533,9756,3673,2018-02-02,1,Zelkova, ,Zelkova serrata, ,6,0,20,0,1,0, ,3759160,280404
5534,9757,3673,2018-02-02,1,Zelkova, ,Zelkova serrata, ,6,0,20,0,1,0, ,3759160,280412
5535,9758,3673,2018-02-02,1,Zelkova, ,Zelkova serrata, ,6,0,20,0,1,0, ,3759160,280416
5536,9759,3673,2018-02-02,1,Zelkova, ,Zelkova serrata, ,6,0,20,0,1,0, ,3759160,280421
5537,9760,0,2018-02-02,1,Red maple, , , ,8,0,24,0,0,0, ,3759280,280851
5538,9761,0,2018-02-02,1,Red maple, , , ,8,0,24,0,0,0, ,3759260,280852
5539,9762,0,2018-02-02,1,Red maple, , , ,8,0,24,0,0,0, ,3759250,280846
5540,9763,0,2018-02-02,1,Red maple, , , ,8,0,24,0,0,0, ,3759230,280844
5541,9764,0,2018-02-02,1,Red maple, , , ,8,0,24,0,0,0, ,3759220,280836
5542,9765,0,2018-02-02,1,Red maple, , , ,8,0,24,0,0,0, ,3759230,280826
5543,9766,0,2018-02-02,1,Red maple, , , ,8,0,24,0,0,0, ,3759220,280809
5544,9767,0,2018-02-02,1,Water oak, , , ,9,0,33,0,0,0, ,3759260,280784
5545,9768,0,2018-02-02,1,Water oak, , , ,9,0,33,0,0,0, ,3759260,280794
5546,9769,0,2018-02-02,1,Water oak, , , ,9,0,33,0,0,0, ,3759260,280801
5547,9770,0,2018-02-02,1,Red maple, , , ,8,0,24,0,0,0, ,3759230,280804
5548,9771,1969,2018-02-05,1,Crape Myrtle, ,Lagerstroemia x, ,2,0,18,0,1,0, ,3759230,280806
5549,9772,1969,2018-02-05,1,Crape Myrtle, ,Lagerstroemia x, ,2,0,17,0,1,0, ,3759240,280810
5550,9773,1969,2018-02-05,1,Crape Myrtle, ,Lagerstroemia x, ,3,19,8,0,1,0, ,3759240,280807
5551,9774,1969,2018-02-05,1,Crape Myrtle, ,Lagerstroemia x, ,2,0,17,0,1,0, ,3759240,280808
5552,9775,1969,2018-02-05,1,Crape Myrtle, ,Lagerstroemia x, ,3,0,18,0,1,0, ,3759240,280810
5553,9776,0,2018-02-05,1,Japanese maple, , , ,5,0,18,0,0,0, ,3759250,280841
5554,9777,1969,2018-02-05,1,Crape Myrtle, ,Lagerstroemia x, ,2,0,18,0,1,0, ,3759220,280835
5555,9778,1969,2018-02-05,1,Crape Myrtle, ,Lagerstroemia x, ,2,0,18,0,1,0, ,3759220,280832
5556,9779,1969,2018-02-05,1,Crape Myrtle, ,Lagerstroemia x, ,2,0,18,0,1,0, ,3759220,280829
5557,9780,1969,2018-02-05,1,Crape Myrtle, ,Lagerstroemia x, ,2,0,18,0,1,0, ,3759220,280821
5558,9781,1969,2018-02-05,1,Crape Myrtle, ,Lagerstroemia x, ,2,0,18,0,1,0, ,3759220,280813
5559,9782,0,2018-02-02,1,Water oak, , , ,9,0,33,0,0,0, ,3759200,280820
5560,9783,0,2018-02-05,1,Water oak, , , ,7,0,26,0,0,0, ,3759230,280782
5561,9784,0,2018-02-05,1,Water oak, , , ,7,0,26,0,0,0, ,3759250,280703
5562,9785,0,2018-02-05,1,Japanese maple, , , ,3,0,14,0,0,0, ,3759230,280787
5563,9786,0,2018-02-05,1,Japanese maple, , , ,3,0,14,0,0,0, ,3759230,280776
5564,9787,0,2018-02-05,1,Japanese maple, , , ,3,0,14,0,0,0, ,3759230,280773
5565,9788,0,2018-02-05,1,Japanese maple, , , ,3,0,14,0,0,0, ,3759230,280768
5566,9789,0,2018-02-05,1,Magnolia, , , ,4,0,20,0,0,0, ,3759250,280770
5567,9790,0,2018-02-05,1,Magnolia, , , ,3,0,18,0,0,0, ,3759250,280772
5568,9791,0,2018-02-05,1,Magnolia, , , ,3,0,18,0,0,0, ,3759250,280767
5569,9792,0,2018-02-05,1,Winged elm, , , ,10,0,29,0,0,0, ,3759250,280751
5570,9793,0,2018-02-05,1,Water oak, , , ,9,0,32,0,0,0, ,3759270,280668
5571,9794,0,2018-02-05,1,Eastern white cedar, ,Thuja occidentalis, ,4,0,26,0,0,0, ,3759270,280673
5572,9795,0,2018-02-05,1,Eastern white cedar, ,Thuja occidentalis, ,4,0,26,0,0,0, ,3759270,280671
5573,9796,0,2018-02-05,1,Eastern whitecedar, ,Thuja occidentalis, ,3,0,24,0,0,0, ,3759270,280665
5574,9797,0,2018-02-05,1,Red maple, , , ,2,0,12,0,0,0, ,3759270,280627
5575,9798,0,2018-02-05,1,Red maple, , , ,2,0,12,0,0,0, ,3759280,280621
5576,9799,0,2018-02-05,1,Red maple, , , ,2,0,12,0,0,0, ,3759270,280616
5577,9800,0,2018-02-05,1,Eastern white cedar, ,Thuja occidentalis, ,3,0,20,0,0,0, ,3759270,280646
5578,9801,0,2018-02-05,1,Eastern white cedar, ,Thuja occidentalis, ,3,0,20,0,0,0, ,3759280,280649
5579,9802,0,2018-02-05,1,Eastern white cedar, ,Thuja occidentalis, ,3,0,20,0,0,0, ,3759280,280653
5580,9803,0,2018-02-05,1,Eastern white cedar, ,Thuja occidentalis, ,3,0,21,0,0,0, ,3759270,280642
5581,9804,0,2018-02-05,1,Eastern white cedar, ,Thuja occidentalis, ,3,0,20,0,0,0, ,3759300,280608
5582,9805,0,2018-02-05,1,Red cedar, , , ,5,0,30,0,0,0, ,3759190,280820
5583,9806,0,2018-02-05,1,Red cedar, , , ,5,0,29,0,0,0, ,3759190,280814
5584,9807,0,2018-02-05,1,Red cedar, , , ,4,0,28,0,0,0, ,3759190,280812
5585,9808,13714,2018-02-05,1, water oak, , , ,9,0,25,0,1,0, ,3759360,280773
5586,9809,13714,2018-02-05,1, white oak, , , ,11,0,32,0,1,0, ,3759350,280729
5587,9810,0,2018-02-05,1,Red maple, , , ,1,0,14,0,0,0, ,3759320,280755
5588,9811,0,2018-02-05,1,Red maple, , , ,1,0,14,0,0,0, ,3759310,280756
5589,9812,0,2018-02-05,1,Devilwood, , , ,3,0,25,0,0,0, ,3759280,280749
5590,9813,0,2018-02-05,1,Devilwood, , , ,3,0,25,0,0,0, ,3759270,280712
5591,9814,0,2018-02-05,1,Devilwood, , , ,3,0,25,0,0,0, ,3759270,280703
5592,9815,0,2018-02-09,1,Southern magnolia, , , ,2,0,18,0,0,0, ,3758990,280787
5593,9816,0,2018-02-09,1,Loblolly pine, , , ,24,0,91,0,0,0, ,3758980,280744
5594,9817,6043,2018-02-09,1,Red Maple, ,Acer rubrum, ,10,0,31,0,1,0, ,3758960,280778
5595,9818,6043,2018-02-09,1,Red Maple, ,Acer rubrum, ,10,0,31,0,1,0, ,3758960,280779
5596,9819,6043,2018-02-09,1,Red Maple, ,Acer rubrum, ,10,0,32,0,1,0, ,3758950,280780
5597,9820,6043,2018-02-09,1,Red Maple, ,Acer rubrum, ,10,0,32,0,1,0, ,3758930,280782
5598,9821,6043,2018-02-09,1,Red Maple, ,Acer rubrum, ,8,0,25,0,1,0, ,3758930,280784
5599,9822,6043,2018-02-09,1,Red Maple, ,Acer rubrum, ,8,0,25,0,1,0, ,3758920,280784
5600,9823,6043,2018-02-09,1,Red Maple, ,Acer rubrum, ,10,0,32,0,1,0, ,3758920,280784
5601,9824,6043,2018-02-09,1,Red Maple, ,Acer rubrum, ,10,0,32,0,1,0, ,3758910,280784
5602,9825,6043,2018-02-09,1,Red Maple, ,Acer rubrum, ,1,0,8,0,1,0, ,3758940,280782
5603,9826,0,2018-02-09,1,Southern magnolia, , , ,2,0,18,0,0,0, ,3758930,280789
5604,9827,0,2018-02-09,1,Southern magnolia, , , ,2,0,15,0,0,0, ,3758930,280790
5605,9828,0,2018-02-09,1,Southern magnolia, , , ,2,0,15,0,0,0, ,3758920,280791
5606,9829,0,2018-02-09,1,Tulip poplar, , , ,9,0,30,0,0,0, ,3758930,280795
5607,9830,0,2018-02-09,1,Pin oak, , , ,5,0,35,0,0,0, ,3758930,280796
5608,9831,0,2018-02-09,1,Pin oak, , , ,12,0,39,0,0,0, ,3758910,280784
5609,9832,0,2018-02-09,1,Pin oak, , , ,10,0,36,0,0,0, ,3758910,280784
5610,9833,0,2018-02-09,1,Pin oak, , , ,9,0,35,0,0,0, ,3758900,280785
5611,9834,0,2018-02-09,1,Flowering dogwood, , , ,4,0,20,0,0,0, ,3758930,280795
5612,9835,0,2018-02-09,1,Willow oak, , , ,6,0,32,0,0,0, ,3758930,280796
5613,9836,0,2018-02-09,1,Willow oak, , , ,4,0,26,0,0,0, ,3758930,280796
5614,9837,0,2018-02-09,1,Pin oak, , , ,5,0,35,0,0,0, ,3758930,280795
5615,9838,0,2018-02-09,1,Pin oak, , , ,4,0,28,0,0,0, ,3758930,280797
5616,9839,0,2018-02-09,1,Pin oak, , , ,7,0,39,0,0,0, ,3758930,280799
5617,9840,0,2018-02-09,1,Pin oak, , , ,10,0,41,0,0,0, ,3758920,280798
5618,9841,0,2018-02-09,1,Pin oak, , , ,14,0,46,0,0,0, ,3758920,280799
5619,9842,0,2018-02-09,1,Cherry laurel, , , ,16,0,37,0,0,0, ,3758920,280792
5620,9843,0,2018-02-09,1,Pin oak, , , ,3,0,24,0,0,0, ,3758920,280797
5621,9844,0,2018-02-09,1,Overcup oak, , , ,9,0,32,0,0,0, ,3758910,280800
5622,9845,0,2018-02-09,1,Overcup oak, , , ,9,0,32,0,0,0, ,3758910,280797
5623,9846,0,2018-02-09,1,Overcup oak, , , ,9,0,32,0,0,0, ,3758910,280801
5624,9847,0,2018-02-09,1,Pin oak, , , ,6,0,29,0,0,0, ,3758910,280795
5625,9848,0,2018-02-09,1,Pin oak, , , ,16,0,40,0,0,0, ,3758900,280793
5626,9849,0,2018-02-09,1,Water oak, , , ,14,0,39,0,0,0, ,3758900,280801
5627,9850,0,2018-02-09,1,Water oak, , , ,4,0,25,0,0,0, ,3758900,280801
5628,9851,0,2018-02-09,1,Water oak, , , ,9,0,31,0,0,0, ,3758890,280797
5629,9852,0,2018-02-09,1,Water oak, , , ,3,0,22,0,0,0, ,3758890,280796
5630,9853,0,2018-02-09,1,Water oak, , , ,4,0,22,0,0,0, ,3758890,280798
5631,9854,0,2018-02-09,1,Water oak, , , ,5,0,27,0,0,0, ,3758890,280801
5632,9855,0,2018-02-09,1,Chinese elm, , , ,7,0,31,0,0,0, ,3758900,280793
5633,9856,0,2018-02-09,1,Water oak, , , ,5,0,25,0,0,0, ,3758900,280792
5634,9857,0,2018-02-09,1,Chinese elm, , , ,5,0,25,0,0,0, ,3758900,280795
5635,9858,0,2018-02-09,1,Chinese elm, , , ,15,0,43,0,0,0, ,3758900,280795
5636,9859,0,2018-02-09,1,Water oak, , , ,5,0,25,0,0,0, ,3758900,280796
5637,9860,0,2018-02-09,1,Water oak, , , ,3,0,21,0,0,0, ,3758900,280796
5638,9861,0,2018-02-09,1,Water oak, , , ,28,0,61,0,0,0, ,3758900,280797
5639,9862,0,2018-02-09,1,Pin oak, , , ,9,0,32,0,0,0, ,3758900,280794
5640,9863,0,2018-02-09,1,Water oak, , , ,7,0,34,0,0,0, ,3758890,280795
5641,9864,0,2018-02-09,1,Water oak, , , ,18,0,45,0,0,0, ,3758890,280792
5642,9865,0,2018-02-09,1,Willow oak, , , ,18,0,45,0,0,0, ,3758870,280792
5643,9866,0,2018-02-09,1,Willow oak, , , ,18,0,45,0,0,0, ,3758860,280795
5644,9867,0,2018-02-09,1,Water oak, , , ,4,0,22,0,0,0, ,3758870,280803
5645,9868,0,2018-02-09,1,Willow oak, , , ,13,0,48,0,0,0, ,3758870,280806
5646,9869,0,2018-02-09,1,Water oak, , , ,4,0,22,0,0,0, ,3758860,280804
5647,9870,0,2018-02-09,1,Water oak, , , ,5,0,25,0,0,0, ,3758860,280805
5648,9871,0,2018-02-09,1,Water oak, , , ,5,0,25,0,0,0, ,3758860,280801
5649,9872,0,2018-02-09,1,Water oak, , , ,7,0,25,0,0,0, ,3758860,280802
5650,9873,0,2018-02-09,1,Water oak, , , ,3,0,22,0,0,0, ,3758860,280805
5651,9874,0,2018-02-09,1,Water oak, , , ,4,0,22,0,0,0, ,3758860,280807
5652,9875,0,2018-02-09,1,Water oak, , , ,5,0,25,0,0,0, ,3758860,280804
5653,9876,0,2018-02-09,1,Willow oak, , , ,14,0,42,0,0,0, ,3758850,280803
5654,9877,0,2018-02-09,1,Water oak, , , ,5,0,24,0,0,0, ,3758850,280803
5655,9878,0,2018-02-09,1,Water oak, , , ,10,0,32,0,0,0, ,3758850,280806
5656,9879,0,2018-02-09,1,Water oak, , , ,4,0,24,0,0,0, ,3758850,280803
5657,9880,0,2018-02-09,1,White oak, , , ,5,0,24,0,0,0, ,3758850,280804
5658,9881,0,2018-02-09,1,Willow oak, , , ,4,0,24,0,0,0, ,3758850,280802
5659,9882,0,2018-02-09,1,Water oak, , , ,11,0,37,0,0,0, ,3758850,280806
5660,9883,0,2018-02-09,1,Water oak, , , ,9,0,32,0,0,0, ,3758850,280807
5661,9884,0,2018-02-09,1,Pin oak, , , ,12,0,37,0,0,0, ,3758850,280807
5662,9885,0,2018-02-09,1,White oak, , , ,16,0,43,0,0,0, ,3758850,280806
5663,9886,0,2018-02-09,0,Water oak, , , ,6,0,21,0,0,0, ,3758840,280799
5664,9887,1017,2018-02-09,0,Willow Oak, ,Quercus phellos, ,38,0,91,0,1,0, ,3758840,280801
5665,9888,0,2018-02-09,1,Cherry laurel, , , ,5,0,26,0,0,0, ,3758840,280804
5666,9889,0,2018-02-09,1,Loblolly pine, , , ,25,0,85,0,0,0, ,3758840,280804
5667,9890,0,2018-02-09,1,Loblolly pine, , , ,21,0,80,0,0,0, ,3758830,280800
5668,9891,0,2018-02-09,1,Water oak, , , ,16,0,42,0,0,0, ,3758830,280804
5669,9892,0,2018-02-09,1,Water oak, , , ,12,0,39,0,0,0, ,3758830,280805
5670,9893,998,2018-02-09,0,Overcup Oak, ,Quercus lyrata, ,22,0,62,0,1,0, ,3758830,280801
5671,9894,0,2018-02-09,1,Bald cypress, , , ,8,0,32,0,0,0, ,3758800,280799
5672,9895,0,2018-02-09,1,Bald cypress, , , ,8,0,32,0,0,0, ,3758800,280800
5673,9896,0,2018-02-09,1,Bald cypress, , , ,8,0,32,0,0,0, ,3758800,280806
5674,9897,0,2018-02-09,1,Water oak, , , ,7,0,28,0,0,0, ,3758800,280805
5675,9898,0,2018-02-12,1,Water oak, , , ,7,0,35,0,0,0, ,3758840,280766
5676,9899,0,2018-02-12,1,Water oak, , , ,6,0,30,0,0,0, ,3758840,280770
5677,9900,1282,2018-02-12,1,Foster's Holly, ,Ilex x attenuata 'Fosteri', ,3,0,20,0,1,0, ,3758820,280759
5678,9901,1282,2018-02-12,1,Foster's Holly, ,Ilex x attenuata 'Fosteri', ,3,0,19,0,1,0, ,3758820,280758
5679,9902,1282,2018-02-12,1,Foster's Holly, ,Ilex x attenuata 'Fosteri', ,3,0,23,0,1,0, ,3758820,280755
5680,9903,1282,2018-02-12,1,Foster's Holly, ,Ilex x attenuata 'Fosteri', ,3,0,19,0,1,0, ,3758820,280758
5681,9904,1282,2018-02-12,1,Foster's Holly, ,Ilex x attenuata 'Fosteri', ,3,0,18,0,1,0, ,3758820,280755
5682,9905,0,2018-02-12,1,American holly, , , ,2,0,14,0,0,0, ,3758790,280766
5683,9906,0,2018-02-12,1,American holly, , , ,2,0,14,0,0,0, ,3758790,280768
5684,9907,0,2018-02-12,1,American holly, , , ,2,0,14,0,0,0, ,3758790,280765
5685,9908,0,2018-02-12,1,American holly, , , ,2,0,14,0,0,0, ,3758790,280763
5686,9909,0,2018-02-12,1,Red cedar, , , ,2,0,18,0,0,0, ,3758790,280760
5687,9910,0,2018-02-12,1,Red cedar, , , ,2,0,18,0,0,0, ,3758790,280759
5688,9911,0,2018-02-12,1,Red cedar, , , ,2,0,18,0,0,0, ,3758790,280760
5689,9912,0,2018-02-12,1,Red cedar, , , ,2,0,18,0,0,0, ,3758780,280763
5690,9913,0,2018-02-12,1,Red cedar, , , ,2,0,18,0,0,0, ,3758780,280760
5691,9914,0,2018-02-12,1,Red cedar, , , ,2,0,18,0,0,0, ,3758790,280764
5692,9915,0,2018-02-12,1,Red cedar, , , ,2,0,12,0,0,0, ,3758790,280758
5693,9916,0,2018-02-12,1,Red cedar, , , ,2,0,12,0,0,0, ,3758790,280767
5694,9917,0,2018-02-12,1,American holly, , , ,2,0,14,0,0,0, ,3758780,280764
5695,9918,0,2018-02-12,1,American holly, , , ,2,0,14,0,0,0, ,3758780,280763
5696,9919,0,2018-02-12,1,American holly, , , ,2,0,14,0,0,0, ,3758780,280761
5697,9920,0,2018-02-12,1,Box elder, , , ,3,0,20,0,0,0, ,3758740,280767
5698,9921,0,2018-02-12,1,Box elder, , , ,3,0,20,0,0,0, ,3758740,280769
5699,9922,0,2018-02-12,1,Weeping holly, , , ,2,0,20,0,0,0, ,3758740,280803
5700,9923,0,2018-02-12,1,Weeping holly, , , ,2,0,20,0,0,0, ,3758740,280800
5701,9924,0,2018-02-12,1,Weeping holly, , , ,2,0,20,0,0,0, ,3758740,280796
5702,9925,0,2018-02-12,1,Weeping holly, , , ,2,0,20,0,0,0, ,3758740,280793
5703,9926,0,2018-02-12,1,Weeping holly, , , ,2,0,20,0,0,0, ,3758740,280790
5704,9927,0,2018-02-12,1,Cherry laurel, , , ,3,0,22,0,0,0, ,3758730,280803
5705,9928,0,2018-02-12,1,Cherry laurel, , , ,3,0,22,0,0,0, ,3758730,280801
5706,9929,0,2018-02-12,1,Cherry laurel, , , ,3,0,22,0,0,0, ,3758730,280798
5707,9930,0,2018-02-12,1,Cherry laurel, , , ,3,0,22,0,0,0, ,3758730,280803
5708,9931,0,2018-02-12,1,Cherry laurel, , , ,2,0,20,0,0,0, ,3758730,280804
5709,9932,369,2018-02-16,1,Flowering Dogwood, ,Cornus florida, ,1,0,8,0,1,0, ,3758660,280800
5710,9933,0,2018-02-16,1,Foster holly, , , ,2,0,13,0,0,0, ,3758680,280747
5711,9934,0,2018-02-16,1,Foster holly, , , ,3,0,16,0,0,0, ,3758680,280746
5712,9935,0,2018-02-16,1,Foster holly, , , ,3,0,16,0,0,0, ,3758680,280745
5713,9936,0,2018-02-16,1,Foster holly, , , ,4,0,20,0,0,0, ,3758680,280743
5714,9937,0,2018-02-16,1,Foster holly, , , ,5,0,23,0,0,0, ,3758680,280742
5715,9938,0,2018-02-16,1,Bald cypress?, , , ,7,0,25,0,0,0, ,3758700,280722
5716,9939,0,2018-02-16,1,Southern magnolia, , , ,1,0,10,0,0,0, ,3758720,280741
5717,9940,0,2018-02-16,1,Southern magnolia, , , ,1,0,10,0,0,0, ,3758720,280738
5718,9941,0,2018-02-16,1,Southern magnolia, , , ,1,0,10,0,0,0, ,3758720,280737
5719,9942,0,2018-02-16,1,Ginko, , , ,5,0,26,0,0,0, ,3758870,280704
5720,9943,0,2018-02-16,1,Devilwood, , , ,1,0,6,0,0,0, ,3758910,280680
5721,9944,0,2018-02-16,1,Devilwood, , , ,1,0,6,0,0,0, ,3758910,280680
5722,9945,0,2018-02-16,1,Devilwood, , , ,1,0,6,0,0,0, ,3758920,280679
5723,9946,0,2018-02-16,1,Devilwood, , , ,1,0,6,0,0,0, ,3758920,280676
5724,9947,0,2018-02-16,1,Devilwood, , , ,1,0,6,0,0,0, ,3758920,280672
5725,9948,0,2018-02-16,1,Devilwood, , , ,1,0,6,0,0,0, ,3758920,280668
5726,9949,0,2018-02-16,1,Devilwood, , , ,1,0,6,0,0,0, ,3758920,280665
5727,9950,0,2018-02-16,1,Trident maple, , , ,2,0,16,0,0,0, ,3758940,280677
5728,9951,0,2018-02-16,1,Trident maple, , , ,2,0,16,0,0,0, ,3758930,280671
5729,9952,0,2018-02-16,1,Trident maple, , , ,2,0,16,0,0,0, ,3758930,280664
5730,9953,0,2018-02-16,1,Sugar maple?, , , ,2,0,16,0,0,0, ,3758930,280644
5731,9954,0,2018-02-16,1,Sugar maple?, , , ,2,0,16,0,0,0, ,3758930,280638
5732,9955,0,2018-02-16,1,Sugar maple?, , , ,2,0,16,0,0,0, ,3758930,280624
5733,9956,0,2018-02-16,1,Sugar maple?, , , ,2,0,16,0,0,0, ,3758930,280619
5734,9957,0,2018-02-16,1,Trident maple, , , ,2,0,16,0,0,0, ,3758920,280660
5735,9958,0,2018-02-16,1,Trident maple, , , ,2,0,16,0,0,0, ,3758920,280653
5736,9959,0,2018-02-16,1,Trident maple, , , ,2,0,16,0,0,0, ,3758920,280647
5737,9960,0,2018-02-16,1,Trident maple, , , ,2,0,16,0,0,0, ,3758920,280641
5738,9961,0,2018-02-16,1,Trident maple, , , ,2,0,16,0,0,0, ,3758920,280636
5739,9962,0,2018-02-16,1,Trident maple, , , ,2,0,16,0,0,0, ,3758920,280630
5740,9963,0,2018-02-16,1,Trident maple, , , ,2,0,16,0,0,0, ,3758920,280622
5741,9964,0,2018-02-16,1,Trident maple, , , ,2,0,16,0,0,0, ,3758920,280615
5742,9965,0,2018-02-16,1,Trident maple, , , ,2,0,16,0,0,0, ,3758920,280606
5743,9966,0,2018-02-16,1,Trident maple, , , ,2,0,16,0,0,0, ,3758920,280597
5744,9967,0,2018-02-16,1,Trident maple, , , ,2,0,16,0,0,0, ,3758920,280611
5745,9968,0,2018-02-16,1,Trident maple, , , ,2,0,16,0,0,0, ,3758920,280592
5746,9969,0,2018-02-16,1,Serviceberry, , , ,1,0,16,0,0,0, ,3758940,280641
5747,9970,0,2018-02-16,1,Serviceberry, , , ,1,0,16,0,0,0, ,3758940,280639
5748,9971,0,2018-02-16,1,Serviceberry, , , ,1,0,16,0,0,0, ,3758940,280635
5749,9972,0,2018-02-16,1,Bald cypress, , , ,16,0,45,0,0,0, ,3758950,280639
5750,9973,0,2018-02-16,1,Bald cypress, , , ,15,0,43,0,0,0, ,3758950,280635
5751,9974,0,2018-02-16,1,Bald cypress, , , ,17,0,47,0,0,0, ,3758950,280634
5752,9975,0,2018-02-16,1,Bald cypress, , , ,11,0,40,0,0,0, ,3758950,280636
5753,9976,0,2018-02-16,1,Bald cypress, , , ,22,0,47,0,0,0, ,3758950,280641
5754,9977,0,2018-02-16,1,Flowering dogwood, , , ,9,0,24,0,0,0, ,3758950,280634
5755,9978,0,2018-02-16,1,Weeping holly, , , ,4,0,21,0,0,0, ,3758950,280630
5756,9979,0,2018-02-16,1,Weeping holly, , , ,5,0,20,0,0,0, ,3758950,280617
5757,9980,0,2018-02-16,1,Serviceberry, , , ,2,0,20,0,0,0, ,3758950,280614
5758,9981,0,2018-02-16,1,Serviceberry, , , ,2,0,17,0,0,0, ,3758950,280610
5759,9982,0,2018-02-16,1,Flowering dogwood, , , ,8,0,24,0,0,0, ,3758950,280614
5760,9983,0,2018-02-16,1,Bald cypress, , , ,17,0,47,0,0,0, ,3758940,280614
5761,9984,0,2018-02-16,1,Bald cypress, , , ,16,0,45,0,0,0, ,3758940,280614
5762,9985,0,2018-02-16,1,Trident maple, , , ,2,0,16,0,0,0, ,3758930,280575
5763,9986,0,2018-02-16,1,Willow oak, , , ,3,0,26,0,0,0, ,3758980,280489
5764,9987,0,2018-02-16,1,Red maple, , , ,3,0,16,0,0,0, ,3758950,280445
5765,9988,0,2018-02-18,1,Flowering dogwood, , , ,14,27,0,0,0,0, ,3758900,280409
5766,9989,0,2018-02-18,1,Flowering dogwood, , , ,1,0,10,0,0,0, ,3758920,280388
5767,9990,0,2018-02-18,1,Red maple, , , ,1,0,13,0,0,0, ,3758950,280384
5768,9991,0,2018-02-18,1,Red maple, , , ,1,0,13,0,0,0, ,3758960,280384
5769,9992,0,2018-02-18,1,Red maple, , , ,1,0,13,0,0,0, ,3758950,280379
5770,9993,0,2018-02-18,1,Scarlett oak, , , ,4,0,20,0,0,0, ,3758940,280361
5771,9994,0,2018-02-18,1,Sweetbay magnolia, , , ,3,0,24,0,0,0, ,3758980,280352
5772,9995,0,2018-02-18,1,Southern magnolia, , , ,1,0,5,0,0,0, ,3758970,280385
5773,9996,0,2018-02-18,1,Southern magnolia, , , ,1,0,5,0,0,0, ,3758970,280384
5774,9997,0,2018-02-18,1,Southern magnolia, , , ,1,0,5,0,0,0, ,3758980,280382
5775,9998,0,2018-02-18,1,Southern magnolia, , , ,1,0,5,0,0,0, ,3758980,280379
5776,9999,0,2018-02-18,1,Southern magnolia, , , ,1,0,5,0,0,0, ,3758970,280380
5777,10000,0,2018-02-18,1,Sugar maple, , , ,2,0,13,0,0,0, ,3758990,280375
5778,10001,0,2018-02-18,1,Sugar maple, , , ,2,0,13,0,0,0, ,3758980,280375
5779,10002,0,2018-02-18,1,Sugar maple, , , ,2,0,13,0,0,0, ,3758990,280373
5780,10003,6075,2018-02-18,1,Southern Magnolia, ,Magnolia grandiflora, ,3,0,20,0,1,0, ,3759040,280491
5781,10004,6075,2018-02-18,1,Southern Magnolia, ,Magnolia grandiflora, ,4,0,25,0,1,0, ,3759040,280492
5782,10005,0,2018-02-19,1,Sweetbay magnolia, , , ,1,0,17,0,0,0, ,3759050,280544
5783,10006,0,2018-02-19,1,Sweetbay magnolia, , , ,1,0,17,0,0,0, ,3759050,280548
5784,10007,0,2018-02-19,1,Sweetbay magnolia, , , ,1,0,17,0,0,0, ,3759060,280553
5785,10008,0,2018-02-19,1,Sweetbay magnolia, , , ,1,0,17,0,0,0, ,3759060,280556
5786,10009,0,2018-02-19,1,Sweetbay magnolia, , , ,1,0,17,0,0,0, ,3759070,280557
5787,10010,0,2018-02-19,1,Redbud, , , ,1,0,18,0,0,0, ,3759050,280540
5788,10011,0,2018-02-19,1,Redbud, , , ,1,0,18,0,0,0, ,3759050,280543
5789,10012,0,2018-02-19,1,Redbud, , , ,1,0,18,0,0,0, ,3759060,280548
5790,10013,0,2018-02-19,1,Redbud, , , ,1,0,18,0,0,0, ,3759060,280552
5791,10014,0,2018-02-19,1,Redbud, , , ,1,0,18,0,0,0, ,3759060,280531
5792,10015,0,2018-02-19,1,Redbud, , , ,1,0,18,0,0,0, ,3759060,280528
5793,10016,1730,2018-02-21,1,Eastern Red Cedar, ,Juniperus virginiana, ,1,0,12,0,1,0, ,3759060,280501
5794,10017,1730,2018-02-21,1,Eastern Red Cedar, ,Juniperus virginiana, ,2,0,16,0,1,0, ,3759060,280500
5795,10018,1730,2018-02-21,1,Eastern Red Cedar, ,Juniperus virginiana, ,1,1,12,17,1,0, ,3759060,280502
5796,10019,1722,2018-02-21,1,Water Oak, ,Quercus nigra, ,1,0,14,0,1,0, ,3759060,280492
5797,10020,1722,2018-02-21,1,Water Oak, ,Quercus nigra, ,1,0,14,0,1,0, ,3759060,280491
5798,10021,1722,2018-02-21,1,Water Oak, ,Quercus nigra, ,1,0,14,0,1,0, ,3759060,280490
5799,10022,1722,2018-02-21,1,Water Oak, ,Quercus nigra, ,1,0,14,0,1,0, ,3759060,280490
5800,10023,1717,2018-02-21,1,White Oak, ,Quercus alba, ,2,0,15,0,1,0, ,3759060,280489
5801,10024,1717,2018-02-21,1,White Oak, ,Quercus alba, ,2,0,15,0,1,0, ,3759060,280491
5802,10025,1430,2018-02-21,1,Sweetgum, ,Liquidambar styraciflua, ,1,0,17,0,1,0, ,3759060,280487
5803,10026,1430,2018-02-21,1,Sweetgum, ,Liquidambar styraciflua, ,1,0,17,0,1,0, ,3759060,280487
5804,10027,1430,2018-02-21,1,Sweetgum, ,Liquidambar styraciflua, ,1,0,17,0,1,0, ,3759060,280486
5805,10028,0,2018-02-21,1,Sycamore, , , ,3,0,31,0,0,0, ,3759060,280484
5806,10029,1415,2018-02-21,1,Virginia Pine, ,Pinus virginiana, ,14,0,65,0,1,0, ,3759060,280488
5807,10030,0,2018-02-23,1,White oak, , , ,30,0,73,0,0,0, ,3759090,280542
5808,10031,1855,2018-02-23,1,White Mulberry, ,Morus alba, ,8,0,30,0,1,0, ,3759090,280540
5809,10032,0,2018-02-23,1,Water oak, , , ,22,0,61,0,0,0, ,3759090,280544
5810,10033,0,2018-02-23,1,Water oak, , , ,20,0,64,0,0,0, ,3759090,280550
5811,10034,0,2018-02-23,1,Overcup oak, , , ,24,0,67,0,0,0, ,3759090,280556
5812,10035,0,2018-02-23,1,Water oak, , , ,27,0,78,0,0,0, ,3759100,280554
5813,10036,0,2018-02-23,1,Zelkova, , , ,5,0,38,0,0,0, ,3758900,280357
5814,10037,0,2018-02-23,1,Zelkova, , , ,6,0,39,0,0,0, ,3758900,280360
5815,10038,0,2018-02-23,1,Sugar maple, , , ,4,0,22,0,0,0, ,3758910,280344
5816,10039,38,2018-02-23,1,Chinese parasol, ,Firming simplex, ,9,0,34,0,0,0, ,3758930,280315
5817,10040,38,2018-02-23,1,Chinese parasol, ,Firming simplex, ,1,0,19,0,0,0, ,3758930,280313
5818,10041,0,2018-02-23,1,Flowering dogwood, , , ,5,0,26,0,0,0, ,3758950,280318
5819,10042,0,2018-02-23,1,Flowering dogwood, , , ,3,0,18,0,0,0, ,3758930,280309
5820,10043,0,2018-02-23,1,Winged elm, , , ,3,0,20,0,0,0, ,3758950,280316
5821,10044,0,2018-02-23,1,Southern red oak, , , ,7,0,39,0,0,0, ,3758930,280314
5822,10045,0,2018-03-07,1,Black cherry, , , ,9,0,43,0,0,0, ,3758940,280302
5823,10046,38,2018-02-23,1,Chinese parasol, ,Firming simplex, ,3,0,25,0,0,0, ,3758940,280308
5824,10047,0,2018-02-23,1,Water oak, , , ,5,0,27,0,0,0, ,3758940,280305
5825,10048,0,2018-02-23,1,Black oak, , , ,8,0,42,0,0,0, ,3758940,280312
5826,10049,0,2018-02-23,1,Bigleaf magnolia, , , ,3,0,19,0,0,0, ,3758940,280311
5827,10050,0,2018-02-23,1,Sweetbay magnolia, , , ,6,0,28,0,0,0, ,3758940,280305
5828,10051,0,2018-02-23,1,Red maple, , , ,8,0,29,0,0,0, ,3758890,280253
5829,10052,0,2018-02-23,1,Red maple, , , ,9,0,33,0,0,0, ,3758890,280267
5830,10053,0,2018-02-23,1,Red maple, , , ,5,0,20,0,0,0, ,3758890,280281
5831,10054,0,2018-02-23,1,Red maple, , , ,6,0,26,0,0,0, ,3758890,280291
5832,10055,0,2018-02-23,1,Red maple, , , ,9,0,35,0,0,0, ,3758890,280299
5833,10056,0,2018-02-23,1,Red maple, , , ,3,0,20,0,0,0, ,3758890,280326
5834,10057,0,2018-02-23,1,Winged elm, , , ,3,0,15,0,0,0, ,3758910,280258
5835,10058,0,2018-02-23,1,Red maple, , , ,5,0,28,0,0,0, ,3758910,280266
5836,10059,0,2018-02-23,1,Water oak, , , ,11,0,47,0,0,0, ,3758900,280268
5837,10060,0,2018-02-23,1,Winged elm, , , ,3,0,15,0,0,0, ,3758910,280262
5838,10061,0,2018-02-23,1,Sugar maple, , , ,3,0,18,0,0,0, ,3758940,280278
5839,10062,0,2018-02-23,1,Sugar maple, , , ,3,0,16,0,0,0, ,3758970,280279
5840,10063,0,2018-02-23,1,Deodar cedar, , , ,3,0,17,0,0,0, ,3758970,280280
5841,10064,0,2018-02-23,1,Winged elm, , , ,2,0,14,0,0,0, ,3758940,280291
5842,10065,0,2018-02-23,1,American hornbeam, , , ,3,0,19,0,0,0, ,3758980,280289
5843,10066,0,2018-02-23,1,Sugar maple, , , ,3,0,17,0,0,0, ,3758990,280294
5844,10067,0,2018-02-23,1,Eastern redcedar, , , ,9,0,30,0,0,0, ,3759040,280291
5845,10068,0,2018-02-23,1,Eastern redcedar, , , ,8,0,28,0,0,0, ,3759040,280290
5846,10069,11626,2018-02-23,1,River Birch, ,Betula nigra, ,16,0,44,0,1,0, ,3759060,280306
5847,10070,11626,2018-02-23,1,River Birch, ,Betula nigra, ,8,0,37,0,1,0, ,3759060,280305
5848,10071,11626,2018-02-23,1,River Birch, ,Betula nigra, ,12,0,41,0,1,0, ,3759060,280310
5849,10072,0,2018-02-23,1,Water oak, , , ,32,0,67,0,0,0, ,3759070,280310
5850,10073,0,2018-02-23,1,Flowering dogwood, , , ,3,0,21,0,0,0, ,3759070,280307
5851,10074,0,2018-02-23,1,Flowering dogwood, , , ,2,0,18,0,0,0, ,3759070,280304
5852,10075,0,2018-02-23,1,Flowering dogwood, , , ,4,0,26,0,0,0, ,3759060,280322
5853,10076,0,2018-02-23,1,Flowering dogwood, , , ,1,0,12,0,0,0, ,3759070,280310
5854,10077,0,2018-02-23,1,Fosters holly, , , ,3,0,23,0,0,0, ,3759070,280302
5855,10078,0,2018-02-23,1,Fosters holly, , , ,3,0,23,0,0,0, ,3759080,280302
5856,10079,0,2018-02-23,1,Fosters holly, , , ,4,0,25,0,0,0, ,3759080,280303
5857,10080,0,2018-02-23,1,Fosters holly, , , ,4,0,27,0,0,0, ,3759080,280304
5858,10081,0,2018-02-23,1,White oak, , , ,15,0,41,0,0,0, ,3759090,280309
5859,10082,0,2018-02-23,1,Pin oak, , , ,33,0,84,0,0,0, ,3759080,280317
5860,10083,0,2018-02-23,1,Pin oak, , , ,46,0,96,0,0,0, ,3759100,280321
5861,10084,0,2018-02-23,1,Weeping holly, , , ,4,0,29,0,0,0, ,3759100,280309
5862,10085,0,2018-02-23,1,Weeping holly, , , ,5,0,33,0,0,0, ,3759100,280312
5863,10086,0,2018-02-23,1,Weeping holly, , , ,4,0,32,0,0,0, ,3759110,280315
5864,10087,0,2018-02-23,1,Weeping holly, , , ,5,0,35,0,0,0, ,3759120,280317
5865,10088,0,2018-02-23,1,Pin oak, , , ,43,0,94,0,0,0, ,3759120,280332
5866,10089,0,2018-02-23,1,Pin oak, , , ,5,0,27,0,0,0, ,3759130,280323
5867,10090,0,2018-02-23,1,Winged elm, , , ,3,0,16,0,0,0, ,3759130,280334
5868,10091,0,2018-02-23,1,Winged elm, , , ,3,0,16,0,0,0, ,3759140,280329
5869,10092,0,2018-02-23,1,Winged elm, , , ,3,0,16,0,0,0, ,3759140,280334
5870,10093,0,2018-02-23,1,Flowering dogwood, , , ,2,0,13,0,0,0, ,3759140,280339
5871,10094,0,2018-02-23,1,Willow oak, , , ,7,0,25,0,0,0, ,3759140,280334
5872,10095,0,2018-02-23,1,Chinese holly, , , ,5,0,21,0,0,0, ,3759130,280359
5873,10096,0,2018-02-23,1,Pin oak, , , ,32,0,75,0,0,0, ,3759120,280379
5874,10097,0,2018-02-23,1,Willow oak, , , ,6,0,22,0,0,0, ,3759120,280374
5875,10098,0,2018-02-23,1,Flowering dogwood?, , , ,3,0,21,0,0,0, ,3759110,280377
5876,10099,0,2018-02-23,1,Flowering dogwood?, , , ,4,0,22,0,0,0, ,3759100,280373
5877,10100,0,2018-02-23,1,Pin oak, , , ,36,0,82,0,0,0, ,3759090,280377
5878,10101,0,2018-02-23,1,Southern red oak, , , ,38,0,86,0,0,0, ,3759080,280372
5879,10102,0,2018-02-23,1,Water oak, , , ,4,0,0,27,0,0, ,3759070,280368
5880,10103,0,2018-02-23,1,Willow oak, , , ,24,0,48,0,0,0, ,3759070,280357
5881,10104,0,2018-02-26,1,Pin oak, , , ,33,0,81,0,0,0, ,3759110,280399
5882,10105,0,2018-02-26,1,Pignut hickory, , , ,14,0,51,0,0,0, ,3759080,280408
5883,10106,0,2018-02-26,1,American elm, , , ,8,0,37,0,0,0, ,3759080,280406
5884,10107,0,2018-02-26,1,American elm, , , ,4,0,25,0,0,0, ,3759080,280411
5885,10108,0,2018-02-26,1,European hornbeam, , , ,8,0,44,0,0,0, ,3759070,280416
5886,10109,0,2018-02-26,1,European hornbeam, , , ,10,0,48,0,0,0, ,3759070,280419
5887,10110,0,2018-02-26,1,European hornbeam, , , ,7,0,38,0,0,0, ,3759070,280422
5888,10111,0,2018-02-26,1,Southern red oak, , , ,37,0,84,0,0,0, ,3759080,280428
5889,10112,0,2018-02-26,1,Box elder, , , ,6,0,32,0,0,0, ,3759070,280426
5890,10113,0,2018-02-26,1,Hackberry, , , ,10,0,43,0,0,0, ,3759060,280424
5891,10114,0,2018-02-26,1,Box elder, , , ,11,0,39,0,0,0, ,3759060,280426
5892,10115,0,2018-02-26,1,Box elder, , , ,5,0,33,0,0,0, ,3759070,280427
5893,10116,0,2018-02-26,1,Box elder, , , ,8,0,35,0,0,0, ,3759070,280430
5894,10117,0,2018-02-26,1,Sycamore, , , ,41,0,84,0,0,0, ,3759080,280435
5895,10118,0,2018-02-26,1,European hornbeam, , , ,4,0,27,0,0,0, ,3759080,280436
5896,10119,0,2018-02-26,1,European hornbeam, , , ,9,0,39,0,0,0, ,3759080,280438
5897,10120,0,2018-02-26,1,Sweetgum, , , ,6,0,31,0,0,0, ,3759060,280429
5898,10121,0,2018-02-26,1,Box elder, , , ,13,0,43,0,0,0, ,3759070,280432
5899,10122,0,2018-02-26,1,American elm, , , ,4,0,25,0,0,0, ,3759060,280434
5900,10123,0,2018-02-26,1,Water oak, , , ,39,0,94,0,0,0, ,3759060,280439
5901,10124,0,2018-02-26,1,Box elder, , , ,6,0,27,0,0,0, ,3759060,280440
5902,10125,0,2018-02-26,1,Box elder, , , ,4,0,21,0,0,0, ,3759070,280433
5903,10126,0,2018-02-26,1,Hop hornbeam, , , ,8,0,40,0,0,0, ,3759070,280437
5904,10127,0,2018-02-26,1,Box elder, , , ,9,0,36,0,0,0, ,3759070,280441
5905,10128,0,2018-02-26,1,Box elder, , , ,3,0,18,0,0,0, ,3759060,280442
5906,10129,0,2018-02-26,1,Hop hornbeam, , , ,6,0,31,0,0,0, ,3759060,280441
5907,10130,0,2018-02-26,1,Overcup oak, , , ,22,0,87,0,0,0, ,3759060,280444
5908,10131,0,2018-02-26,1,Box elder, , , ,5,0,27,0,0,0, ,3759060,280445
5909,10132,0,2018-02-26,1,Overcup oak, , , ,11,0,51,0,0,0, ,3759060,280447
5910,10133,0,2018-02-26,1,American hornbeam, , , ,5,0,38,0,0,0, ,3759060,280446
5911,10134,0,2018-02-26,1,Sweetbay magnolia, , , ,6,0,43,0,0,0, ,3759060,280448
5912,10135,0,2018-02-26,1,Sweetbay magnolia, , , ,5,0,40,0,0,0, ,3759060,280448
5913,10136,0,2018-02-26,1,Sweetbay magnolia, , , ,1,0,20,0,0,0, ,3759060,280449
5914,10137,0,2018-02-26,1,Sweetbay magnolia, , , ,2,0,31,0,0,0, ,3759060,280445
5915,10138,0,2018-02-26,1,Pin oak, , , ,23,0,83,0,0,0, ,3759060,280449
5916,10139,0,2018-02-26,1,Sweetbay magnolia, , , ,2,0,28,0,0,0, ,3759060,280447
5917,10140,0,2018-02-26,1,Sweetbay magnolia, , , ,1,0,23,0,0,0, ,3759060,280447
5918,10141,0,2018-02-26,1,Overcup oak, , , ,12,0,52,0,0,0, ,3759060,280451
5919,10142,0,2018-02-26,1,Hop hornbeam, , , ,6,0,31,0,0,0, ,3759060,280452
5920,10143,0,2018-02-26,1,Overcup oak, , , ,44,0,93,0,0,0, ,3759060,280453
5921,10144,0,2018-02-26,1,Hop hornbeam, , , ,12,0,43,0,0,0, ,3759060,280453
5922,10145,0,2018-02-26,1,Hop hornbeam, , , ,8,0,37,0,0,0, ,3759060,280453
5923,10146,0,2018-02-26,1,White oak, , , ,23,0,78,0,0,0, ,3759060,280454
5924,10147,0,2018-02-26,1,Overcup oak, , , ,31,0,81,0,0,0, ,3759060,280454
5925,10148,0,2018-02-26,1,Pin oak, , , ,23,0,83,0,0,0, ,3759060,280450
5926,10149,0,2018-02-26,1,Overcup oak, , , ,28,0,80,0,0,0, ,3759060,280455
5927,10150,0,2018-02-26,1,American elm, , , ,8,0,35,0,0,0, ,3759060,280456
5928,10151,0,2018-02-26,1,Overcup oak, , , ,34,0,87,0,0,0, ,3759060,280457
5929,10152,0,2018-02-26,1,Box elder, , , ,7,0,34,0,0,0, ,3759060,280457
5930,10153,0,2018-02-26,1,Box elder, , , ,4,0,25,0,0,0, ,3759060,280458
5931,10154,0,2018-02-26,1,Box elder, , , ,5,0,29,0,0,0, ,3759060,280458
5932,10155,0,2018-02-26,1,Overcup oak, , , ,34,0,89,0,0,0, ,3759060,280459
5933,10156,0,2018-02-26,1,Box elder, , , ,6,0,31,0,0,0, ,3759060,280459
5934,10157,0,2018-02-26,1,Box elder, , , ,14,0,47,0,0,0, ,3759060,280459
5935,10158,0,2018-02-26,1,White oak, , , ,26,0,58,0,0,0, ,3759060,280460
5936,10159,0,2018-02-26,1,Box elder, , , ,13,0,45,0,0,0, ,3759060,280459
5937,10160,0,2018-02-26,1,Overcup oak, , , ,38,0,91,0,0,0, ,3759060,280460
5938,10161,0,2018-02-26,1,Sweetbay magnolia, , , ,3,0,29,0,0,0, ,3759060,280460
5939,10162,0,2018-02-26,1,Sweetgum, , , ,8,0,37,0,0,0, ,3759060,280460
5940,10163,0,2018-02-26,1,American elm, , , ,8,0,37,0,0,0, ,3759060,280460
5941,10164,0,2018-02-26,1,Sweetgum, , , ,14,0,48,0,0,0, ,3759060,280460
5942,10165,0,2018-02-26,1,Sycamore, , , ,8,0,43,0,0,0, ,3759060,280461
5943,10166,0,2018-02-26,1,Box elder, , , ,5,0,36,0,0,0, ,3759060,280461
5944,10167,0,2018-02-26,1,Box elder, , , ,5,0,38,0,0,0, ,3759060,280461
5945,10168,0,2018-02-26,1,Box elder, , , ,4,0,31,0,0,0, ,3759060,280461
5946,10169,0,2018-02-26,1,Sycamore, , , ,8,0,43,0,0,0, ,3759060,280461
5947,10170,0,2018-02-26,1,Overcup oak, , , ,32,0,83,0,0,0, ,3759060,280461
5948,10171,0,2018-02-26,1,Box elder, , , ,5,0,36,0,0,0, ,3759060,280461
5949,10172,0,2018-02-26,1,Sweetgum, , , ,9,0,44,0,0,0, ,3759060,280461
5950,10173,0,2018-02-26,1,Sweet gum, , , ,9,0,45,0,0,0, ,3759060,280461
5951,10174,0,2018-02-26,1,Sweet gum, , , ,13,0,51,0,0,0, ,3759060,280461
5952,10175,0,2018-02-26,1,Box elder, , , ,8,0,29,0,0,0, ,3759060,280445
5953,10176,0,2018-03-02,1,Sweetgum, , , ,7,0,36,0,0,0, ,3759060,280446
5954,10177,0,2018-03-02,1,Southern red oak, , , ,36,0,84,0,0,0, ,3759060,280446
5955,10178,0,2018-03-02,1,White oak, , , ,15,0,38,0,0,0, ,3759060,280445
5956,10179,0,2018-03-02,1,American elm, , , ,5,0,31,0,0,0, ,3759060,280447
5957,10180,0,2018-03-02,1,American elm, , , ,4,0,26,0,0,0, ,3759060,280448
5958,10181,0,2018-03-02,1,Overdue oak, , , ,3,0,22,0,0,0, ,3759060,280448
5959,10182,0,2018-03-02,1,Sweetgum, , , ,4,0,27,0,0,0, ,3759060,280450
5960,10183,0,2018-03-02,1,American sycamore, , , ,2,0,17,0,0,0, ,3759060,280448
5961,10184,0,2018-03-02,1,American elm, , , ,3,0,23,0,0,0, ,3759060,280451
5962,10185,0,2018-03-02,1,Sweetgum, , , ,5,0,35,0,0,0, ,3759060,280452
5963,10186,0,2018-03-02,1,American sycamore, , , ,19,0,66,0,0,0, ,3759060,280454
5964,10187,0,2018-03-02,1,Black cherry, , , ,11,0,35,0,0,0, ,3759060,280454
5965,10188,0,2018-03-02,1,American sycamore, , , ,11,0,46,0,0,0, ,3759060,280455
5966,10189,0,2018-03-02,1,American sycamore, , , ,2,0,16,0,0,0, ,3759060,280456
5967,10190,0,2018-03-02,1,Sweetgum, , , ,5,0,27,0,0,0, ,3759060,280455
5968,10191,0,2018-02-26,1,Sweetbay magnolia, , , ,4,0,31,0,0,0, ,3759060,280455
5969,10192,0,2018-03-02,1,Overcup oak, , , ,29,0,88,0,0,0, ,3759060,280457
5970,10193,0,2018-03-02,1,Overcup oak, , , ,9,0,34,0,0,0, ,3759060,280459
5971,10194,0,2018-03-02,1,American sycamore, , , ,31,0,87,0,0,0, ,3759060,280459
5972,10195,0,2018-02-26,1,Sweetgum, , , ,14,0,48,0,0,0, ,3759060,280458
5973,10196,0,2018-03-02,1,American sycamore, , , ,5,0,34,0,0,0, ,3759060,280459
5974,10197,0,2018-03-02,1,Overcup oak, , , ,2,0,19,0,0,0, ,3759060,280459
5975,10198,0,2018-03-02,1,Sweetgum, , , ,9,0,39,0,0,0, ,3759060,280460
5976,10199,0,2018-03-02,1,Overcup oak, , , ,20,0,61,0,0,0, ,3759060,280460
5977,10200,0,2018-03-02,1,Sweetgum, , , ,8,0,36,0,0,0, ,3759060,280460
5978,10201,0,2018-03-02,1,Sweetgum, , , ,11,0,39,0,0,0, ,3759060,280461
5979,10202,0,2018-03-02,1,Overcup oak, , , ,22,0,81,0,0,0, ,3759060,280461
5980,10203,0,2018-03-02,1,Overcup oak, , , ,7,0,36,0,0,0, ,3759060,280461
5981,10204,0,2018-03-02,1,Overcup oak, , , ,19,0,74,0,0,0, ,3759060,280460
5982,10205,0,2018-03-02,1,Sweetgum, , , ,5,0,25,0,0,0, ,3759060,280461
5983,10206,0,2018-03-02,1,Overcup oak, , , ,4,0,23,0,0,0, ,3759060,280460
5984,10207,0,2018-03-02,1,American sycamore, , , ,32,0,77,0,0,0, ,3759060,280460
5985,10208,0,2018-03-02,1,Sweetgum, , , ,12,0,37,0,0,0, ,3759060,280460
5986,10209,0,2018-03-02,1,Sweetgum, , , ,14,0,39,0,0,0, ,3759060,280460
5987,10210,0,2018-03-02,1,Sweetgum, , , ,6,0,22,0,0,0, ,3759060,280459
5988,10211,0,2018-03-02,1,Sweetgum, , , ,9,0,31,0,0,0, ,3759060,280459
5989,10212,0,2018-03-02,1,Box elder, , , ,4,0,27,0,0,0, ,3759060,280459
5990,10213,0,2018-03-02,1,Overcup oak, , , ,15,0,46,0,0,0, ,3759060,280459
5991,10214,0,2018-03-02,1,Box elder, , , ,6,0,29,0,0,0, ,3759060,280458
5992,10215,0,2018-03-02,1,Box elder, , , ,3,0,21,0,0,0, ,3759060,280458
5993,10216,0,2018-03-02,1,Sweetgum, , , ,17,0,41,0,0,0, ,3759060,280458
5994,10217,0,2018-03-02,1,American sycamore, , , ,30,0,84,0,0,0, ,3759060,280457
5995,10218,0,2018-03-02,1,Box elder, , , ,3,0,26,0,0,0, ,3759060,280457
5996,10219,0,2018-03-02,1,Sweetgum, , , ,12,0,43,0,0,0, ,3759060,280457
5997,10220,0,2018-03-02,1,Sweetgum, , , ,7,0,36,0,0,0, ,3759060,280457
5998,10221,0,2018-03-02,1,Sweetgum, , , ,4,0,28,0,0,0, ,3759060,280457
5999,10222,0,2018-03-02,1,American hornbeam, , , ,3,0,28,0,0,0, ,3759060,280457
6000,10223,0,2018-03-02,1,American hornbeam, , , ,2,0,24,0,0,0, ,3759060,280457
6001,10224,0,2018-03-02,1,Sweetgum, , , ,8,0,39,0,0,0, ,3759060,280457
6002,10225,0,2018-03-02,1,Sweetgum, , , ,6,0,31,0,0,0, ,3759060,280457
6003,10226,0,2018-03-02,1,Overcup oak, , , ,24,0,80,0,0,0, ,3759060,280456
6004,10227,0,2018-03-02,1,Overcup oak, , , ,5,0,22,0,0,0, ,3759060,280455
6005,10228,0,2018-03-02,1,Sweetgum, , , ,13,0,38,0,0,0, ,3759060,280454
6006,10229,0,2018-03-02,1,Sweetgum, , , ,6,0,28,0,0,0, ,3759060,280453
6007,10230,0,2018-03-02,1,Sweetgum, , , ,3,0,20,0,0,0, ,3759060,280454
6008,10231,0,2018-03-02,1,Sweetgum, , , ,4,0,30,0,0,0, ,3759060,280453
6009,10232,0,2018-03-02,1,Sugarberry, , , ,11,0,42,0,0,0, ,3759060,280454
6010,10233,0,2018-03-02,1,Sugarberry, , , ,3,0,28,0,0,0, ,3759060,280459
6011,10234,0,2018-03-02,1,Box elder, , , ,13,0,42,0,0,0, ,3759060,280450
6012,10235,0,2018-03-02,1,Box elder, , , ,5,0,27,0,0,0, ,3759060,280452
6013,10236,0,2018-03-02,1,Water oak, , , ,33,0,88,0,0,0, ,3759060,280449
6014,10237,0,2018-03-02,1,Box elder, , , ,6,0,33,0,0,0, ,3759050,280447
6015,10238,0,2018-03-02,1,Overcup oak, , , ,2,0,18,0,0,0, ,3759060,280447
6016,10239,0,2018-03-02,1,Sweetgum, , , ,2,0,14,0,0,0, ,3759060,280446
6017,10240,0,2018-03-02,1,Overcup oak, , , ,6,0,34,0,0,0, ,3759050,280446
6018,10241,0,2018-03-02,1,Overcup oak, , , ,16,0,53,0,0,0, ,3759050,280445
6019,10242,0,2018-03-02,1,Water oak, , , ,39,0,93,0,0,0, ,3759050,280446
6020,10243,0,2018-03-02,1,Sweetgum, , , ,11,0,41,0,0,0, ,3759050,280446
6021,10244,0,2018-03-02,1,Overcup oak, , , ,4,0,26,0,0,0, ,3759050,280445
6022,10245,0,2018-03-02,1,Sweetgum, , , ,8,0,38,0,0,0, ,3759050,280445
6023,10246,0,2018-03-02,1,Pin oak, , , ,21,0,62,0,0,0, ,3759050,280444
6024,10247,0,2018-03-02,1,Pin oak, , , ,19,0,58,0,0,0, ,3759050,280445
6025,10248,0,2018-03-02,1,Pin oak, , , ,17,0,55,0,0,0, ,3759050,280444
6026,10249,0,2018-03-02,1,Box elder, , , ,12,0,41,0,0,0, ,3759050,280443
6027,10250,0,2018-03-02,1,Box elder, , , ,5,0,33,0,0,0, ,3759050,280443
6028,10251,0,2018-03-02,1,Box elder, , , ,3,0,22,0,0,0, ,3759050,280444
6029,10252,0,2018-03-02,1,Sweetgum, , , ,13,0,45,0,0,0, ,3759050,280442
6030,10253,0,2018-03-02,1,Sweetgum, , , ,11,0,48,0,0,0, ,3759050,280442
6031,10254,0,2018-03-02,1,Sweetgum, , , ,10,0,43,0,0,0, ,3759050,280441
6032,10255,0,2018-03-02,1,Box elder, , , ,4,0,32,0,0,0, ,3759050,280442
6033,10256,0,2018-03-02,1,Box elder, , , ,21,0,0,62,0,0, ,3759050,280439
6034,10257,0,2018-03-02,1,Tulip poplar, , , ,22,0,81,0,0,0, ,3759060,280439
6035,10258,0,2018-03-02,1,Tulip poplar, , , ,18,0,76,0,0,0, ,3759060,280439
6036,10259,0,2018-03-02,1,Tulip poplar, , , ,25,0,77,0,0,0, ,3759060,280436
6037,10260,0,2018-03-02,1,Tulip poplar, , , ,22,0,79,0,0,0, ,3759060,280437
6038,10261,0,2018-03-02,1,Tulip poplar, , , ,25,0,84,0,0,0, ,3759060,280438
6039,10262,0,2018-03-02,1,American hornbeam, , , ,8,0,41,0,0,0, ,3759060,280454
6040,10263,0,2018-03-02,1,Box elder, , , ,12,0,39,0,0,0, ,3759050,280449
6041,10264,0,2018-03-02,1,Sweetgum, , , ,11,0,38,0,0,0, ,3759050,280448
6042,10265,0,2018-03-02,1,Sugar maple, , , ,6,0,27,0,0,0, ,3759050,280451
6043,10266,0,2018-03-02,1,Sugar maple, , , ,6,0,27,0,0,0, ,3759050,280450
6044,10267,0,2018-03-02,1,American elm, , , ,7,0,32,0,0,0, ,3759050,280449
6045,10268,0,2018-03-02,1,American elm, , , ,12,0,43,0,0,0, ,3759050,280449
6046,10269,0,2018-03-02,1,Black cherry, , , ,10,0,36,0,0,0, ,3759050,280448
6047,10270,0,2018-03-02,1,Sweetgum, , , ,5,0,38,0,0,0, ,3759050,280448
6048,10271,0,2018-03-02,1,Sweetgum, , , ,17,0,51,0,0,0, ,3759050,280447
6049,10272,0,2018-03-02,1,Sweetgum, , , ,8,0,42,0,0,0, ,3759050,280446
6050,10273,0,2018-03-02,1,Overcup oak, , , ,5,0,36,0,0,0, ,3759050,280446
6051,10274,0,2018-03-02,1,White oak, , , ,21,0,48,0,0,0, ,3759050,280445
6052,10275,0,2018-03-02,1,Sweetgum, , , ,16,0,52,0,0,0, ,3759050,280445
6053,10276,0,2018-03-02,1,Sweetgum, , , ,5,0,27,0,0,0, ,3759050,280445
6054,10277,0,2018-03-02,1,Sweetgum, , , ,7,0,35,0,0,0, ,3759050,280444
6055,10278,0,2018-03-02,1,Sweetgum, , , ,6,0,24,0,0,0, ,3759050,280444
6056,10279,0,2018-03-02,1,American elm, , , ,2,0,20,0,0,0, ,3759050,280443
6057,10280,0,2018-03-02,1,White oak, , , ,27,0,57,0,0,0, ,3759050,280442
6058,10281,0,2018-03-02,1,Sweetgum, , , ,6,0,27,0,0,0, ,3759060,280327
6059,10282,0,2018-03-02,1,Black cherry, , , ,16,0,52,0,0,0, ,3759060,280328
6060,10283,0,2018-03-02,1,Black cherry, , , ,7,0,26,0,0,0, ,3759060,280331
6061,10284,0,2018-03-02,1,Silver birch ?, , , ,3,0,31,0,0,0, ,3759060,280336
6062,10285,0,2018-03-02,1,Silver birch ?, , , ,3,0,31,0,0,0, ,3759060,280338
6063,10286,0,2018-03-02,1,Hop hornbeam, , , ,3,0,26,0,0,0, ,3759060,280339
6064,10287,0,2018-03-02,1,Black cherry, , , ,8,0,36,0,0,0, ,3759060,280342
6065,10288,0,2018-03-02,1,Persimmon, , , ,4,0,32,0,0,0, ,3759060,280342
6066,10289,0,2018-03-02,1,Southern red oak, , , ,43,0,93,0,0,0, ,3759060,280345
6067,10290,0,2018-03-02,1,Black cherry, , , ,5,0,31,0,0,0, ,3759060,280347
6068,10291,0,2018-03-02,1,Water oak, , , ,8,0,37,0,0,0, ,3759060,280350
6069,10292,0,2018-03-02,1,Water oak, , , ,3,0,21,0,0,0, ,3759060,280352
6070,10293,0,2018-03-02,1,Water oak, , , ,4,0,27,0,0,0, ,3759060,280355
6071,10294,0,2018-03-02,1,American elm, , , ,5,0,32,0,0,0, ,3759060,280355
6072,10295,0,2018-03-02,1,Sweetgum, , , ,4,0,25,0,0,0, ,3759060,280358
6073,10296,0,2018-03-02,1,Sweetgum, , , ,11,0,39,0,0,0, ,3759060,280359
6074,10297,0,2018-03-02,1,American elm, , , ,3,0,27,0,0,0, ,3759060,280359
6075,10298,0,2018-03-02,1,American elm, , , ,3,0,27,0,0,0, ,3759060,280362
6076,10299,0,2018-03-02,1,Black cherry, , , ,9,0,41,0,0,0, ,3759060,280366
6077,10300,0,2018-03-02,1,Water oak, , , ,8,0,38,0,0,0, ,3759060,280369
6078,10301,0,2018-03-02,1,Water oak, , , ,5,0,31,0,0,0, ,3759050,280369
6079,10302,0,2018-03-02,1,Pin oak, , , ,28,0,86,0,0,0, ,3759050,280371
6080,10303,0,2018-03-02,1,Pin oak, , , ,26,0,85,0,0,0, ,3759050,280376
6081,10304,0,2018-03-02,1,Black cherry, , , ,9,0,40,0,0,0, ,3759050,280374
6082,10305,0,2018-03-02,1,Pin oak, , , ,7,0,35,0,0,0, ,3759060,280372
6083,10306,0,2018-03-02,1,American elm, , , ,4,0,24,0,0,0, ,3759060,280376
6084,10307,0,2018-03-02,1,Water oak, , , ,6,0,36,0,0,0, ,3759050,280377
6085,10308,0,2018-03-02,1,Pin oak, , , ,5,0,31,0,0,0, ,3759060,280379
6086,10309,0,2018-03-02,1,Box elder, , , ,13,0,44,0,0,0, ,3759050,280383
6087,10310,0,2018-03-02,1,Water oak, , , ,13,0,46,0,0,0, ,3759060,280385
6088,10311,0,2018-03-02,1,Water oak, , , ,24,0,68,0,0,0, ,3759050,280387
6089,10312,0,2018-03-02,1,Sweetgum, , , ,10,0,44,0,0,0, ,3759050,280377
6090,10313,0,2018-03-02,1,Sweetgum, , , ,3,0,21,0,0,0, ,3759050,280388
6091,10314,0,2018-03-02,1,Sweetgum, , , ,8,0,36,0,0,0, ,3759050,280389
6092,10315,0,2018-03-02,1,Loblolly pine, , , ,23,0,83,0,0,0, ,3759050,280390
6093,10316,0,2018-03-02,1,Loblolly pine, , , ,26,0,88,0,0,0, ,3759050,280392
6094,10317,0,2018-03-02,1,Loblolly pine, , , ,21,0,80,0,0,0, ,3759050,280395
6095,10318,0,2018-03-02,1,Sweetgum, , , ,3,0,21,0,0,0, ,3759050,280391
6096,10319,0,2018-03-02,1,Sweetgum, , , ,6,0,30,0,0,0, ,3759050,280393
6097,10320,0,2018-03-02,1,Sweetgum, , , ,5,0,27,0,0,0, ,3759050,280393
6098,10321,0,2018-03-02,1,Flowering dogwood, , , ,6,0,29,0,0,0, ,3759050,280395
6099,10322,0,2018-03-02,1,Sweetgum, , , ,8,0,38,0,0,0, ,3759050,280396
6100,10323,0,2018-03-02,1,Pin oak, , , ,5,0,31,0,0,0, ,3759050,280397
6101,10324,0,2018-03-02,1,Loblolly pine, , , ,24,0,87,0,0,0, ,3759050,280398
6102,10325,0,2018-03-02,1,Sweetgum, , , ,5,0,28,0,0,0, ,3759050,280398
6103,10326,0,2018-03-02,1,Sugarberry, , , ,2,0,14,0,0,0, ,3759050,280397
6104,10327,0,2018-03-02,1,Sugarberry, , , ,3,0,21,0,0,0, ,3759050,280399
6105,10328,0,2018-03-02,1,Sugarberry, , , ,2,0,18,0,0,0, ,3759050,280398
6106,10329,0,2018-03-02,1,Sugarberry, , , ,23,0,68,0,0,0, ,3759050,280400
6107,10330,0,2018-03-02,1,Sugarberry, , , ,3,0,21,0,0,0, ,3759050,280400
6108,10331,0,2018-03-02,1,Sugarberry, , , ,2,0,14,0,0,0, ,3759050,280401
6109,10332,0,2018-03-02,1,Sweetgum, , , ,13,0,48,0,0,0, ,3759060,280401
6110,10333,0,2018-03-02,1,Sweetgum, , , ,12,0,45,0,0,0, ,3759060,280403
6111,10334,0,2018-03-02,1,Sweetgum, , , ,8,0,34,0,0,0, ,3759050,280403
6112,10335,0,2018-03-02,1,Black cherry, , , ,8,0,37,0,0,0, ,3759050,280404
6113,10336,0,2018-03-02,1,American elm, , , ,3,0,22,0,0,0, ,3759050,280405
6114,10337,0,2018-03-02,1,Loblolly pine, , , ,25,0,85,0,0,0, ,3759050,280407
6115,10338,0,2018-03-02,1,Sweetgum, , , ,10,0,42,0,0,0, ,3759050,280409
6116,10339,0,2018-03-02,1,American elm, , , ,8,0,39,0,0,0, ,3759060,280408
6117,10340,0,2018-03-02,1,American elm, , , ,5,0,34,0,0,0, ,3759060,280410
6118,10341,0,2018-03-02,1,Sweetgum, , , ,11,0,41,0,0,0, ,3759060,280411
6119,10342,0,2018-03-02,1,Sweetgum, , , ,7,0,32,0,0,0, ,3759060,280411
6120,10343,0,2018-03-02,1,Sugarberry, , , ,17,0,0,59,0,0, ,3759060,280414
6121,10344,0,2018-03-02,1,Sweetgum, , , ,13,0,42,0,0,0, ,3759060,280415
6122,10345,0,2018-03-02,1,Sweetgum, , , ,6,0,29,0,0,0, ,3759060,280414
6123,10346,0,2018-03-02,1,White oak, , , ,22,0,49,0,0,0, ,3759050,280413
6124,10347,0,2018-03-02,1,Loblolly pine, , , ,26,0,89,0,0,0, ,3759060,280405
6125,10348,0,2018-03-02,1,Sweetgum, , , ,8,0,35,0,0,0, ,3759060,280404
6126,10349,0,2018-03-02,1,Sugarberry, , , ,3,0,19,0,0,0, ,3759060,280406
6127,10350,0,2018-03-02,1,American elm, , , ,5,0,26,0,0,0, ,3759060,280403
6128,10351,0,2018-03-02,1,Sugar maple, , , ,19,0,48,0,0,0, ,3759060,280397
6129,10352,0,2018-03-02,1,Buford Chinese holly, , , ,28,0,39,0,0,0, ,3759060,280378
6130,10353,0,2018-03-02,1,American elm, , , ,3,0,22,0,0,0, ,3759060,280394
6131,10354,0,2018-03-05,1,Common persimmon, , , ,22,0,72,0,0,0, ,3759040,280307
6132,10355,0,2018-03-05,1,Southern Red oak, , , ,5,0,23,0,0,0, ,3759030,280307
6133,10356,0,2018-03-05,1,American elm, , , ,5,0,26,0,0,0, ,3759050,280348
6134,10357,0,2018-03-05,1,American elm, , , ,4,0,22,0,0,0, ,3759050,280347
6135,10358,0,2018-03-05,1,Sweetgum, , , ,5,0,25,0,0,0, ,3759050,280349
6136,10359,0,2018-03-05,1,American elm, , , ,3,0,22,0,0,0, ,3759050,280349
6137,10360,0,2018-03-05,1,Sugarberry, , , ,7,0,33,0,0,0, ,3759040,280349
6138,10361,0,2018-03-05,1,Eastern red cedar, , , ,3,0,24,0,0,0, ,3759040,280347
6139,10362,0,2018-03-05,1,Sweetbay magnolia, , , ,4,0,28,0,0,0, ,3759050,280345
6140,10363,0,2018-03-05,1,Black cherry, , , ,6,0,38,0,0,0, ,3759050,280344
6141,10364,0,2018-03-05,1,Flowering dogwood, , , ,4,0,26,0,0,0, ,3759040,280339
6142,10365,0,2018-03-05,1,American elm, , , ,5,0,31,0,0,0, ,3759040,280338
6143,10366,0,2018-03-05,1,American elm, , , ,4,0,27,0,0,0, ,3759040,280340
6144,10367,0,2018-03-05,1,Black cherry, , , ,9,0,34,0,0,0, ,3759040,280321
6145,10368,0,2018-03-05,1,Red mulberry, , , ,5,0,29,0,0,0, ,3759040,280322
6146,10369,0,2018-03-05,1,Red mulberry, , , ,3,0,17,0,0,0, ,3759040,280321
6147,10370,11609,2018-03-05,1,Sugarberry, ,Celtis laevigata, ,8,0,38,0,1,0, ,3759040,280314
6148,10371,0,2018-03-05,1,Black cherry, , , ,3,0,19,0,0,0, ,3759040,280316
6149,10372,11611,2019-11-30,0,Red Mulberry, ,Morus rubra, ,15,0,68,0,1,0, ,3759040,280329
6150,10373,0,2018-03-05,1,Southern magnolia, , , ,7,0,38,0,0,0, ,3759040,280330
6151,10374,0,2018-03-05,1,Black cherry, , , ,14,0,62,0,0,0, ,3759040,280332
6152,10375,0,2018-03-05,1,Pin oak, , , ,7,0,36,0,0,0, ,3759040,280332
6153,10376,0,2018-03-05,1,Black cherry, , , ,13,0,56,0,0,0, ,3759040,280317
6154,10377,0,2018-03-05,1,Sweetbay magnolia, , , ,4,0,21,0,0,0, ,3759040,280318
6155,10378,0,2018-03-05,1,Sweetbay magnolia, , , ,3,0,22,0,0,0, ,3759040,280318
6156,10379,0,2018-03-05,1,Sweetbay magnolia, , , ,2,0,18,0,0,0, ,3759040,280318
6157,10380,0,2018-03-05,1,American hornbeam, , , ,4,0,20,0,0,0, ,3759040,280319
6158,10381,0,2018-03-05,1,Black cherry, , , ,8,0,36,0,0,0, ,3758990,280323
6159,10382,0,2018-03-05,1,American hornbeam, , , ,3,0,17,0,0,0, ,3758990,280321
6160,10383,0,2018-03-05,1,Pignut hickory, , , ,5,0,26,0,0,0, ,3758980,280319
6161,10384,0,2018-03-05,1,Pignut hickory, , , ,5,0,28,0,0,0, ,3758980,280317
6162,10385,11593,2018-03-05,1,Mockernut Hickory, ,Carya tomentosa, ,8,0,35,0,1,0, ,3758990,280304
6163,10386,0,2018-03-05,1,American elm, , , ,5,0,29,0,0,0, ,3758990,280304
6164,10387,0,2018-03-05,1,Pignut hickory, , , ,6,0,27,0,0,0, ,3758990,280303
6165,10388,0,2018-03-05,1,American hornbeam, , , ,2,0,16,0,0,0, ,3758990,280307
6166,10389,0,2018-03-05,1,American hornbeam, , , ,3,0,20,0,0,0, ,3758990,280307
6167,10390,0,2018-03-05,1,Black cherry, , , ,5,0,22,0,0,0, ,3758990,280307
6168,10391,11593,2018-03-05,1,Mockernut Hickory, ,Carya tomentosa, ,13,0,41,0,1,0, ,3759000,280308
6169,10392,0,2018-03-05,1,Pignut hickory, , , ,9,0,38,0,0,0, ,3758990,280323
6170,10393,0,2018-03-05,1,American hornbeam, , , ,2,0,16,0,0,0, ,3758990,280321
6171,10394,11604,2018-03-05,0,Winged Elm, ,Ulmus alata, ,2,0,14,0,1,0, ,3759010,280330
6172,10395,0,2018-03-05,1,Southern magnolia, , , ,2,0,12,0,0,0, ,3759010,280331
6173,10396,0,2018-03-05,1,Loblolly pine, , , ,10,0,53,0,0,0, ,3759020,280331
6174,10397,0,2018-03-05,1,Sugarberry, , , ,4,0,25,0,0,0, ,3759030,280333
6175,10398,0,2018-03-05,1,Water oak, , , ,7,0,34,0,0,0, ,3759040,280342
6176,10399,0,2018-03-05,1,Winged elm, , , ,7,0,38,0,0,0, ,3759040,280339
6177,10400,0,2018-03-05,1,Water oak, , , ,13,0,51,0,0,0, ,3759040,280331
6178,10401,0,2018-03-05,1,Sugarberry, , , ,3,0,20,0,0,0, ,3759040,280323
6179,10402,0,2018-03-05,1,Sugar maple, , , ,3,0,17,0,0,0, ,3759010,280302
6180,10403,0,2018-03-05,1,Pignut hickory, , , ,7,0,33,0,0,0, ,3759000,280320
6181,10404,0,2018-03-05,1,White oak, , , ,17,0,63,0,0,0, ,3759000,280316
6182,10405,0,2018-03-05,1,Black cherry, , , ,8,0,28,0,0,0, ,3759000,280315
6183,10406,0,2018-03-05,1,American hornbeam, , , ,4,0,22,0,0,0, ,3759010,280317
6184,10407,0,2018-03-05,1,American hornbeam, , , ,5,0,23,0,0,0, ,3759020,280314
6185,10408,0,2018-03-05,1,Sugarberry, , , ,2,0,12,0,0,0, ,3759000,280306
6186,10409,0,2018-03-05,1,American elm, , , ,2,0,14,0,0,0, ,3758980,280322
6187,10410,0,2018-03-05,1,American elm, , , ,4,0,22,0,0,0, ,3758990,280326
6188,10411,11588,2018-03-05,1,Sweetgum, ,Liquidambar styraciflua, ,6,0,28,0,1,0, ,3758990,280328
6189,10412,11588,2018-03-05,1,Sweetgum, ,Liquidambar styraciflua, ,7,0,32,0,1,0, ,3758990,280328
6190,10413,0,2018-03-05,1,American hornbeam, , , ,6,0,34,0,0,0, ,3758990,280329
6191,10414,0,2018-03-05,1,Black cherry, , , ,7,0,38,0,0,0, ,3759000,280330
6192,10415,0,2018-03-05,1,American elm, , , ,2,0,19,0,0,0, ,3759000,280329
6193,10416,0,2018-03-05,1,American hornbeam, , , ,3,0,23,0,0,0, ,3759000,280332
6194,10417,0,2018-03-05,1,Sugarberry, , , ,5,0,32,0,0,0, ,3759020,280329
6195,10418,0,2018-03-05,1,Sugarberry, , , ,4,0,25,0,0,0, ,3759020,280332
6196,10419,0,2018-03-05,1,Sugarberry, , , ,6,0,31,0,0,0, ,3759030,280334
6197,10420,0,2018-03-05,1,Sugarberry, , , ,5,0,23,0,0,0, ,3759030,280334
6198,10421,0,2018-03-05,1,Sugarberry, , , ,14,0,47,0,0,0, ,3759030,280336
6199,10422,0,2018-03-05,1,American elm, , , ,4,0,28,0,0,0, ,3759040,280349
6200,10423,0,2018-03-05,1,Pignut hickory, , , ,4,0,27,0,0,0, ,3758980,280305
6201,10424,0,2018-03-05,1,Pignut hickory, , , ,2,0,14,0,0,0, ,3758990,280304
6202,10425,0,2018-03-05,1,Black cherry, , , ,8,0,38,0,0,0, ,3758990,280300
6203,10426,0,2018-03-05,1,American hornbeam, , , ,5,0,22,0,0,0, ,3758980,280299
6204,10427,0,2018-03-05,1,Flowering dogwood, , , ,4,0,21,0,0,0, ,3758980,280300
6205,10428,0,2018-03-05,1,Sweetbay magnolia, , , ,2,0,12,0,0,0, ,3758990,280300
6206,10429,0,2018-03-05,1,American elm, , , ,7,0,39,0,0,0, ,3758980,280294
6207,10430,0,2018-03-05,1,American hornbeam, , , ,2,0,12,0,0,0, ,3758980,280307
6208,10431,0,2018-03-05,1,American hornbeam, , , ,2,0,12,0,0,0, ,3758980,280304
6209,10432,0,2018-03-05,1,American hornbeam, , , ,2,0,12,0,0,0, ,3758980,280305
6210,10433,0,2018-03-05,1,Flowering dogwood, , , ,2,0,14,0,0,0, ,3758980,280306
6211,10434,0,2018-03-05,1,Pignut hickory, , , ,5,0,32,0,0,0, ,3758980,280318
6212,10435,0,2018-03-05,1,Pignut hickory, , , ,5,0,31,0,0,0, ,3758980,280315
6213,10436,0,2018-03-05,1,Pignut hickory, , , ,5,0,35,0,0,0, ,3758970,280316
6214,10437,0,2018-03-05,1,Pignut hickory, , , ,3,0,27,0,0,0, ,3758970,280314
6215,10438,0,2018-03-05,1,Black cherry, , , ,7,0,39,0,0,0, ,3758980,280323
6216,10439,0,2018-03-05,1,Pignut hickory, , , ,6,0,35,0,0,0, ,3758970,280322
6217,10440,0,2018-03-05,1,Pignut hickory, , , ,4,0,30,0,0,0, ,3758970,280319
6218,10441,0,2018-03-05,1,Pignut hickory, , , ,4,0,26,0,0,0, ,3758970,280320
6219,10442,0,2018-03-05,1,Mockernut hickory, , , ,9,0,42,0,0,0, ,3758970,280320
6220,10443,0,2018-03-05,1,Pignut hickory, , , ,13,0,68,0,0,0, ,3758970,280313
6221,10444,0,2018-03-05,1,American elm, , , ,5,0,31,0,0,0, ,3758970,280320
6222,10445,0,2018-03-05,1,Mockernut hickory, , , ,9,0,42,0,0,0, ,3758970,280315
6223,10446,0,2018-03-05,1,Eastern red cedar, , , ,5,0,29,0,0,0, ,3758970,280316
6224,10447,0,2018-03-05,1,Pignut hickory, , , ,2,0,16,0,0,0, ,3758970,280312
6225,10448,0,2018-03-05,1,Pignut hickory, , , ,2,0,16,0,0,0, ,3758970,280316
6226,10449,0,2018-03-05,1,American hornbeam, , , ,2,0,16,0,0,0, ,3758970,280318
6227,10450,0,2018-03-05,1,Sweetbay magnolia, , , ,2,0,12,0,0,0, ,3758970,280300
6228,10451,0,2018-03-05,1,American elm, , , ,2,0,18,0,0,0, ,3758970,280300
6229,10452,0,2018-03-05,1,Eastern red cedar, , , ,7,0,38,0,0,0, ,3758970,280297
6230,10453,0,2018-03-05,1,American horn beam, , , ,3,0,19,0,0,0, ,3758970,280293
6231,10454,0,2018-03-05,1,Sugar maple, , , ,3,0,22,0,0,0, ,3758970,280294
6232,10455,0,2018-03-05,1,American horn beam, , , ,5,0,32,0,0,0, ,3758960,280295
6233,10456,0,2018-03-05,1,American elm, , , ,4,0,28,0,0,0, ,3758960,280315
6234,10457,0,2018-03-05,1,Eastern red cedar, , , ,11,0,46,0,0,0, ,3758960,280311
6235,10458,0,2018-03-05,1,Water oak, , , ,5,0,30,0,0,0, ,3758960,280320
6236,10459,0,2018-03-05,1,Water oak, , , ,3,0,26,0,0,0, ,3758960,280319
6237,10460,0,2018-03-05,1,American hornbeam, , , ,3,0,21,0,0,0, ,3758960,280317
6238,10461,0,2018-03-05,1,Flowering dogwood, , , ,2,0,16,0,0,0, ,3758960,280317
6239,10462,0,2018-03-05,1,American hornbeam, , , ,3,0,24,0,0,0, ,3758960,280314
6240,10463,0,2018-03-05,1,American hornbeam, , , ,4,0,25,0,0,0, ,3758960,280310
6241,10464,0,2018-03-05,1,Black cherry, , , ,9,0,48,0,0,0, ,3758950,280304
6242,10465,0,2018-03-05,1,Black cherry, , , ,11,0,57,0,0,0, ,3758960,280293
6243,10466,0,2018-03-05,1,Mockernut hickory, , , ,16,0,64,0,0,0, ,3758960,280296
6244,10467,0,2018-03-05,1,American horn beam, , , ,3,0,18,0,0,0, ,3758960,280296
6245,10468,0,2018-03-05,1,American elm, , , ,2,0,17,0,0,0, ,3758960,280294
6246,10469,0,2018-03-05,1,Sweetgum, , , ,4,0,28,0,0,0, ,3758960,280292
6247,10470,0,2018-03-05,1,American horn beam, , , ,2,0,20,0,0,0, ,3758960,280292
6248,10471,0,2018-03-05,1,Sweetbay magnolia, , , ,2,0,14,0,0,0, ,3758970,280293
6249,10472,0,2018-03-05,1,American elm, , , ,8,0,35,0,0,0, ,3758960,280290
6250,10473,0,2018-03-07,1,Southern magnolia, , , ,13,0,56,0,0,0, ,3758900,280270
6251,10474,0,2018-03-07,1,Southern magnolia, , , ,12,0,52,0,0,0, ,3758900,280274
6252,10475,0,2018-03-07,1,Black cherry, , , ,12,0,41,0,0,0, ,3758910,280269
6253,10476,11623,2018-03-07,1,Green Ash, ,Fraxinus pennsylvanica, ,13,0,52,0,1,0, ,3758900,280272
6254,10477,0,2018-03-07,1,Black cherry, , , ,11,0,48,0,0,0, ,3758900,280275
6255,10478,0,2018-03-07,1,American elm, , , ,5,0,29,0,0,0, ,3758900,280271
6256,10479,0,2018-03-07,1,Pignut hickory, , , ,12,0,41,0,0,0, ,3758910,280316
6257,10480,0,2018-03-07,1,Pignut hickory, , , ,13,0,46,0,0,0, ,3758900,280310
6258,10481,0,2018-03-07,1,Pignut hickory, , , ,11,0,40,0,0,0, ,3758900,280310
6259,10482,0,2018-03-07,1,Sweetbay magnolia, , , ,8,0,43,0,0,0, ,3758910,280309
6260,10483,0,2018-03-07,1,Sweetbay magnolia, , , ,9,0,43,0,0,0, ,3758900,280311
6261,10484,0,2018-03-07,1,Pignut hickory, , , ,8,0,38,0,0,0, ,3758910,280311
6262,10485,0,2018-03-07,1,Black cherry, , , ,5,0,32,0,0,0, ,3758900,280308
6263,10486,0,2018-03-07,1,Sugarberry, , , ,3,0,25,0,0,0, ,3758900,280312
6264,10487,0,2018-03-07,1,Chinese parasol, , , ,7,0,42,0,0,0, ,3758900,280316
6265,10488,0,2018-03-07,1,Chinese parasol, , , ,3,0,29,0,0,0, ,3758890,280310
6266,10489,0,2018-03-07,1,Flowering dogwood, , , ,4,0,26,0,0,0, ,3758900,280316
6267,10490,0,2018-03-07,1,Pignut hickory, , , ,5,0,26,0,0,0, ,3758910,280307
6268,10491,0,2018-03-07,1,Black cherry, , , ,4,0,24,0,0,0, ,3758910,280306
6269,10492,0,2018-03-07,1,American hornbeam, , , ,3,0,26,0,0,0, ,3758910,280304
6270,10493,0,2018-03-07,1,American elm, , , ,6,0,32,0,0,0, ,3758910,280301
6271,10494,0,2018-03-07,1,American elm, , , ,9,0,42,0,0,0, ,3758910,280302
6272,10495,0,2018-03-07,1,Chinese parasol, , , ,5,0,46,0,0,0, ,3758910,280301
6273,10496,0,2018-03-07,1,Pignut hickory, , , ,7,0,34,0,0,0, ,3758910,280288
6274,10497,0,2018-03-07,1,Pignut hickory, , , ,4,0,22,0,0,0, ,3758910,280288
6275,10498,0,2018-03-07,1,Pignut hickory, , , ,9,0,40,0,0,0, ,3758910,280288
6276,10499,0,2018-03-07,1,American elm, , , ,6,0,38,0,0,0, ,3758910,280287
6277,10500,0,2018-03-07,1,American elm, , , ,3,0,23,0,0,0, ,3758910,280285
6278,10501,0,2018-03-07,1,American elm, , , ,8,0,41,0,0,0, ,3758900,280299
6279,10502,0,2018-03-07,1,Pignut hickory, , , ,12,0,51,0,0,0, ,3758900,280297
6280,10503,0,2018-03-07,1,American elm, , , ,2,0,18,0,0,0, ,3758900,280298
6281,10504,0,2018-03-07,1,Sugarberry, , , ,7,0,46,0,0,0, ,3758900,280294
6282,10505,0,2018-03-07,1,Chinese parasol, , , ,12,0,64,0,0,0, ,3758910,280284
6283,10506,0,2018-03-07,1,Pignut hickory, , , ,10,0,43,0,0,0, ,3758910,280280
6284,10507,0,2018-03-07,1,American elm, , , ,4,0,23,0,0,0, ,3758910,280284
6285,10508,0,2018-03-07,1,American hornbeam, , , ,3,0,27,0,0,0, ,3758910,280282
6286,10509,0,2018-03-07,1,American elm, , , ,10,0,47,0,0,0, ,3758900,280282
6287,10510,0,2018-03-07,1,Pignut hickory, , , ,10,0,50,0,0,0, ,3758900,280287
6288,10511,0,2018-03-07,1,Flowering dogwood, , , ,6,0,33,0,0,0, ,3758910,280278
6289,10512,0,2018-03-07,1,Black cherry, , , ,8,0,39,0,0,0, ,3758890,280317
6290,10513,0,2018-03-07,1,American hornbeam, , , ,4,0,30,0,0,0, ,3758890,280315
6291,10514,0,2018-03-07,1,American elm, , , ,12,0,52,0,0,0, ,3758890,280315
6292,10515,0,2018-03-07,1,American elm, , , ,8,0,42,0,0,0, ,3758890,280312
6293,10516,0,2018-03-07,1,American elm, , , ,10,0,47,0,0,0, ,3758890,280310
6294,10517,0,2018-03-07,1,Chinese parasol, , , ,6,0,36,0,0,0, ,3758890,280308
6295,10518,0,2018-03-07,1,Sugarberry, , , ,4,0,30,0,0,0, ,3758890,280305
6296,10519,0,2018-03-07,1,Pignut hickory, , , ,6,0,34,0,0,0, ,3758890,280302
6297,10520,0,2018-03-07,1,Chinese parasol, , , ,9,0,53,0,0,0, ,3758890,280300
6298,10521,0,2018-03-07,1,Pignut hickory, , , ,4,0,28,0,0,0, ,3758890,280298
6299,10522,11622,2018-03-07,1,Red Mulberry, ,Morus rubra, ,13,0,41,0,1,0, ,3758890,280289
6300,10523,11622,2018-03-07,1,Red Mulberry, ,Morus rubra, ,14,0,49,0,1,0, ,3758900,280289
6301,10524,0,2018-03-07,1,Sugarberry, , , ,6,0,35,0,0,0, ,3758890,280283
6302,10525,0,2018-03-07,1,American elm, , , ,7,0,38,0,0,0, ,3758900,280285
6303,10526,0,2018-03-07,1,American elm, , , ,8,0,39,0,0,0, ,3758900,280281
6304,10527,11623,2018-03-07,1,Green Ash, ,Fraxinus pennsylvanica, ,15,0,57,0,1,0, ,3758900,280278
6305,10528,11623,2018-03-07,1,Green Ash, ,Fraxinus pennsylvanica, ,14,0,54,0,1,0, ,3758900,280277
6306,10529,0,2018-03-28,1,Post oak, , , ,7,0,28,0,0,0, ,3758870,280289
6307,10530,0,2018-03-28,1,Eastern red cedar, , , ,4,0,22,0,0,0, ,3758870,280295
6308,10531,0,2018-03-28,1,Eastern red cedar, , , ,4,0,19,0,0,0, ,3758870,280296
6309,10532,0,2018-03-28,1,Eastern red cedar, , , ,3,0,18,0,0,0, ,3758870,280292
6310,10533,0,2018-03-28,1,Southern magnolia, , , ,4,0,25,0,0,0, ,3758870,280303
6311,10534,0,2018-03-28,1,Post oak, , , ,7,0,28,0,0,0, ,3758870,280308
6312,10535,0,2018-03-28,1,Water oak, , , ,5,0,26,0,0,0, ,3758870,280332
6313,10536,0,2018-03-28,1,Pin oak, , , ,5,0,26,0,0,0, ,3758860,280369
6314,10537,0,2018-03-28,1,Pin oak, , , ,5,0,26,0,0,0, ,3758850,280369
6315,10538,0,2018-03-28,1,Pin oak, , , ,5,0,26,0,0,0, ,3758840,280369
6316,10539,0,2018-03-28,1,Southern magnolia, , , ,12,0,38,0,0,0, ,3758830,280361
6317,10540,0,2018-03-28,1,Sugar maple, , , ,3,0,14,0,0,0, ,3758820,280361
6318,10541,0,2018-03-28,1,Sugar maple, , , ,3,0,14,0,0,0, ,3758820,280354
6319,10542,0,2018-03-28,1,Sugar maple, , , ,3,0,14,0,0,0, ,3758820,280368
6320,10543,0,2018-03-28,1,Sugar maple, , , ,3,0,16,0,0,0, ,3758820,280353
6321,10544,0,2018-03-28,1,Sugar maple, , , ,3,0,16,0,0,0, ,3758810,280353
6322,10545,0,2018-03-28,1,Sugar maple, , , ,3,0,16,0,0,0, ,3758810,280353
6323,10546,0,2018-03-28,1,Post oak, , , ,7,0,28,0,0,0, ,3758840,280354
6324,10547,0,2018-03-28,1,Post oak, , , ,7,0,28,0,0,0, ,3758830,280355
6325,10548,0,2018-03-28,1,Sugar maple, , , ,3,0,16,0,0,0, ,3758810,280323
6326,10549,0,2018-03-28,1,Sugar maple, , , ,3,0,16,0,0,0, ,3758820,280323
6327,10550,0,2018-03-28,1,Sugar maple, , , ,3,0,16,0,0,0, ,3758820,280323
6328,10551,0,2018-03-28,1,Red maple, , , ,4,0,28,0,0,0, ,3758810,280322
6329,10552,0,2018-03-28,1,Post oak, , , ,5,0,24,0,0,0, ,3758850,280337
6330,10553,0,2018-03-28,1,Pin oak, , , ,6,0,32,0,0,0, ,3758860,280313
6331,10554,0,2018-03-28,1,Pin oak, , , ,6,0,32,0,0,0, ,3758850,280314
6332,10555,0,2018-03-28,1,Eastern red cedar, , , ,4,0,19,0,0,0, ,3758850,280310
6333,10556,0,2018-03-28,1,Eastern red cedar, , , ,5,0,21,0,0,0, ,3758850,280313
6334,10557,0,2018-03-28,1,Eastern red cedar, , , ,5,0,21,0,0,0, ,3758850,280316
6335,10558,0,2018-03-28,1,Eastern red cedar, , , ,4,0,22,0,0,0, ,3758860,280309
6336,10559,0,2018-03-28,1,Eastern red cedar, , , ,3,0,19,0,0,0, ,3758860,280310
6337,10560,0,2018-03-28,1,Red maple, , , ,5,0,31,0,0,0, ,3758840,280323
6338,10561,0,2018-03-28,1,Red maple, , , ,5,0,31,0,0,0, ,3758840,280323
6339,10562,0,2018-03-28,1,Red maple, , , ,5,0,31,0,0,0, ,3758820,280318
6340,10563,0,2018-03-28,1,Red maple, , , ,5,0,31,0,0,0, ,3758810,280318
6341,10564,0,2018-03-28,1,Sugar maple, , , ,5,0,32,0,0,0, ,3758830,280319
6342,10565,0,2018-03-28,1,Sugar maple, , , ,5,0,32,0,0,0, ,3758830,280320
6343,10566,0,2018-03-28,1,Japanese maple, , , ,1,0,4,0,0,0, ,3758830,280291
6344,10567,0,2018-03-28,1,Weeping holly, , , ,2,0,24,0,0,0, ,3758730,280316
6345,10568,0,2018-03-28,1,Weeping holly, , , ,2,0,24,0,0,0, ,3758720,280338
6346,10569,0,2018-03-28,1,Weeping holly, , , ,1,0,19,0,0,0, ,3758720,280341
6347,10570,0,2018-03-28,1,Pin oak, , , ,5,0,26,0,0,0, ,3758800,280316
6348,10571,0,2018-03-28,1,Pin oak, , , ,5,0,26,0,0,0, ,3758800,280310
6349,10572,0,2018-03-28,1,Pin oak, , , ,5,0,26,0,0,0, ,3758810,280308
6350,10573,0,2018-03-28,1,Sugar maple, , , ,3,0,24,0,0,0, ,3758800,280336
6351,10574,0,2018-03-28,1,Pin oak, , , ,3,0,29,0,0,0, ,3758800,280342
6352,10575,0,2018-03-28,1,Pin oak, , , ,3,0,29,0,0,0, ,3758800,280356
6353,10576,0,2018-03-28,1,Sugar maple, , , ,6,0,29,0,0,0, ,3758810,280368
6354,10577,0,2018-03-28,1,Red maple, , , ,5,0,33,0,0,0, ,3758810,280363
6355,10578,0,2018-03-28,1,Red maple, , , ,5,0,33,0,0,0, ,3758800,280364
6356,10579,0,2018-03-28,1,Red maple, , , ,5,0,33,0,0,0, ,3758790,280364
6357,10580,0,2018-03-28,1,Sugar maple, , , ,5,0,31,0,0,0, ,3758800,280363
6358,10581,0,2018-03-28,1,Sugar maple, , , ,5,0,31,0,0,0, ,3758800,280361
6359,10582,0,2018-03-28,1,Sugar maple, , , ,3,0,24,0,0,0, ,3758790,280363
6360,10583,0,2018-03-30,1,Blue atlas cedar, , , ,6,0,19,0,0,0, ,3758750,280388
6361,10584,0,2018-03-30,1,Sweetbay magnolia, , , ,2,0,5,0,0,0, ,3758680,280360
6362,10585,0,2018-03-30,1,Winged elm, , , ,5,0,27,0,0,0, ,3758680,280190
6363,10586,0,2018-03-30,1,Flowering dogwood, , , ,3,0,15,0,0,0, ,3758660,280221
6364,10587,0,2018-03-30,1,Flowering dogwood, , , ,3,0,15,0,0,0, ,3758660,280214
6365,10588,0,2018-03-30,1,Sugar maple, , , ,3,0,22,0,0,0, ,3758610,280318
6366,10589,0,2018-03-30,1,Sugar maple, , , ,4,0,17,0,0,0, ,3758620,280342
6367,10590,0,2018-03-30,1,Vitex, , , ,1,0,0,13,0,0, ,3758600,280331
6368,10591,0,2018-03-30,1,Vitex, , , ,3,0,0,24,0,0, ,3758590,280330
6369,10592,0,2018-03-30,1,Vitex, , , ,3,0,0,24,0,0, ,3758590,280327
6370,10593,0,2018-03-30,1,Savannah holly, , , ,8,0,25,0,0,0, ,3758610,280326
6371,10594,0,2018-03-30,1,Savannah holly, , , ,8,0,25,0,0,0, ,3758600,280325
6372,10595,0,2018-03-30,1,Savannah holly, , , ,8,0,25,0,0,0, ,3758600,280323
6373,10596,0,2018-03-30,1,Savannah holly, , , ,8,0,25,0,0,0, ,3758590,280322
6374,10597,0,2018-03-30,1,Savannah holly, , , ,8,0,25,0,0,0, ,3758590,280321
6375,10598,0,2018-03-30,1,Savannah holly, , , ,8,0,25,0,0,0, ,3758590,280325
6376,10599,0,2018-03-30,1,Okame cherry, , , ,0,8,22,0,0,0, ,3758550,280312
6377,10600,9751,2018-03-30,1,Trident maple, , , ,7,0,28,0,1,0, ,3758510,280285
6378,10601,9751,2018-03-30,1,Trident maple, , , ,3,0,22,0,1,0, ,3758500,280268
6379,10602,9751,2018-03-30,1,Trident maple, , , ,8,0,33,0,1,0, ,3758490,280259
6380,10603,9751,2018-03-30,1,Trident maple, , , ,8,0,33,0,1,0, ,3758490,280249
6381,10604,9751,2018-03-30,1,Trident maple, , , ,8,0,33,0,1,0, ,3758480,280240
6382,10605,0,2018-03-30,1,Flowering dogwood, , , ,2,0,13,0,0,0, ,3758560,280242
6383,10606,0,2018-03-30,1,Japanese maple, , , ,1,0,10,0,0,0, ,3758580,280222
6384,10607,0,2018-03-30,1,Japanese maple, , , ,1,0,10,0,0,0, ,3758580,280224
6385,10608,0,2018-03-30,1,Japanese maple, , , ,1,0,10,0,0,0, ,3758570,280226
6386,10609,9567,2010-11-19,1,Flowering Dogwood, ,Cornus florida, ,3,0,20,0,1,0, ,3758620,280189
6387,10610,0,2018-03-30,1,Eastern white cedar, ,Thuja occidentalis, ,3,0,21,0,0,0, ,3758640,280196
6388,10611,0,2018-03-30,1,Eastern white cedar, ,Thuja occidentalis, ,3,0,21,0,0,0, ,3758640,280195
6389,10612,0,2018-03-30,1,Eastern white cedar, ,Thuja occidentalis, ,4,0,24,0,0,0, ,3758640,280190
6390,10613,0,2018-03-30,1,Eastern white cedar, ,Thuja occidentalis, ,4,0,24,0,0,0, ,3758640,280186
6391,10614,0,2018-03-30,1,Eastern white cedar, ,Thuja occidentalis, ,3,0,21,0,0,0, ,3758640,280183
6392,10615,0,2018-03-30,1,Eastern white cedar, ,Thuja occidentalis, ,4,0,24,0,0,0, ,3758640,280180
6393,10616,0,2018-03-30,1,Swamp white oak, , , ,8,0,36,0,0,0, ,3758640,280187
6394,10617,0,2018-03-30,1,Eastern red cedar, , , ,3,0,21,0,0,0, ,3758630,280201
6395,10618,9753,2018-03-30,1,Okame Cherry, ,Prunus x incamp 'Okame', ,8,0,24,0,1,0, ,3758630,280207
6396,10619,9501,2018-03-30,1,Flowering Dogwood, ,Cornus florida, ,2,0,16,0,1,0, ,3758630,280221
6397,10620,0,2018-04-02,1,Deodar cedar, , , ,5,0,23,0,0,0, ,3758690,280701
6398,10621,0,2018-04-02,1,Deodar cedar, , , ,5,0,23,0,0,0, ,3758690,280692
6399,10622,0,2018-04-02,1,Deodar cedar, , , ,5,0,23,0,0,0, ,3758700,280696
6400,10623,0,2018-04-02,1,Eastern white cedar, , , ,4,0,27,0,0,0, ,3758700,280695
6401,10624,0,2018-04-02,1,Eastern white cedar, , , ,4,0,27,0,0,0, ,3758700,280690
6402,10625,0,2018-04-02,1,Eastern white cedar, , , ,4,0,27,0,0,0, ,3758710,280688
6403,10626,0,2018-04-02,1,Eastern white cedar, , , ,4,0,27,0,0,0, ,3758710,280683
6404,10627,0,2018-04-02,1,Eastern white cedar, , , ,4,0,27,0,0,0, ,3758710,280685
6405,10628,0,2018-04-02,1,Eastern white cedar, , , ,4,0,27,0,0,0, ,3758710,280682
6406,10629,0,2018-04-02,1,Eastern white cedar, , , ,4,0,27,0,0,0, ,3758720,280682
6407,10630,0,2018-04-02,1,Eastern white cedar, , , ,4,0,27,0,0,0, ,3758720,280684
6408,10631,0,2018-04-02,1,Eastern white cedar, , , ,4,0,27,0,0,0, ,3758720,280686
6409,10632,0,2018-04-02,1,Eastern white cedar, , , ,4,0,27,0,0,0, ,3758710,280687
6410,10633,0,2018-04-02,1,Eastern white cedar, , , ,4,0,27,0,0,0, ,3758710,280686
6411,10634,0,2018-04-02,1,Eastern white cedar, , , ,4,0,27,0,0,0, ,3758710,280688
6412,10635,0,2018-04-02,1,Eastern white cedar, , , ,4,0,27,0,0,0, ,3758700,280686
6413,10636,0,2018-04-02,1,Eastern white cedar, , , ,4,0,27,0,0,0, ,3758710,280684
6414,10637,0,2018-04-02,1,Eastern white cedar, , , ,4,0,27,0,0,0, ,3758710,280682
6415,10638,0,2018-04-02,1,Eastern white cedar, , , ,4,0,27,0,0,0, ,3758710,280686
6416,10639,0,2018-04-02,1,Eastern white cedar, , , ,4,0,27,0,0,0, ,3758720,280686
6417,10640,0,2018-04-02,1,Eastern white cedar, , , ,4,0,27,0,0,0, ,3758720,280685
6418,10641,0,2018-04-02,1,Eastern white cedar, , , ,4,0,27,0,0,0, ,3758720,280683
6419,10642,0,2018-04-02,1,Eastern white cedar, , , ,4,0,27,0,0,0, ,3758710,280687
6420,10643,0,2018-04-02,1,Eastern white cedar, , , ,2,0,12,0,0,0, ,3758720,280683
6421,10644,9029,2018-04-02,1,Sugar Maple, ,Acer saccharum, ,5,0,26,0,1,0, ,3758770,280691
6422,10645,0,2018-04-02,1,Savannah holly, , , ,7,0,29,0,0,0, ,3758860,280665
6423,10646,0,2018-04-02,1,Savannah holly, , , ,7,0,29,0,0,0, ,3758860,280667
6424,10647,0,2018-04-02,1,Savannah holly, , , ,7,0,29,0,0,0, ,3758860,280666
6425,10648,0,2018-04-02,1,Savannah holly, , , ,7,0,29,0,0,0, ,3758850,280659
6426,10649,0,2018-04-02,1,Savannah holly, , , ,7,0,29,0,0,0, ,3758840,280656
6427,10650,0,2018-04-02,1,Savannah holly, , , ,7,0,29,0,0,0, ,3758840,280659
6428,10651,0,2018-04-02,1,Savannah holly, , , ,8,0,29,0,0,0, ,3758840,280660
6429,10652,0,2018-04-02,1,Savannah holly, , , ,13,0,34,0,0,0, ,3758840,280656
6430,10653,0,2018-04-02,1,Savannah holly, , , ,8,0,31,0,0,0, ,3758840,280652
6431,10654,0,2018-04-02,1,Kousa dogwood, , , ,3,0,17,0,0,0, ,3758900,280599
6432,10655,0,2018-04-02,1,Kousa dogwood, , , ,3,0,17,0,0,0, ,3758900,280601
6433,10656,0,2018-04-02,1,Red maple, , , ,5,0,27,0,0,0, ,3758760,280607
6434,10657,0,2018-04-02,1,Red maple, , , ,6,0,27,0,0,0, ,3758760,280609
6435,10658,0,2018-04-02,1,Red maple, , , ,6,0,27,0,0,0, ,3758760,280606
6436,10659,0,2018-04-02,1,Eastern redbud, , , ,1,0,10,0,0,0, ,3758800,280626
6437,10660,0,2018-04-04,1,Sweetbay magnolia, , , ,2,0,14,0,0,0, ,3758720,280562
6438,10661,0,2018-04-04,1,Sweetbay magnolia, , , ,2,0,14,0,0,0, ,3758720,280555
6439,10662,0,2018-04-04,1,Sweetbay magnolia, , , ,2,0,14,0,0,0, ,3758730,280547
6440,10663,0,2018-04-04,1,Japanese maple, , , ,1,0,8,0,0,0, ,3758740,280531
6441,10664,0,2018-04-04,1,Japanese maple, , , ,1,0,8,0,0,0, ,3758750,280521
6442,10665,0,2018-04-04,1,Japanese maple, , , ,1,0,8,0,0,0, ,3758720,280517
6443,10666,0,2018-04-04,1,Japanese maple, , , ,1,0,8,0,0,0, ,3758720,280514
6444,10667,0,2018-04-04,1,Japanese maple, , , ,1,0,8,0,0,0, ,3758730,280516
6445,10668,9193,2018-04-04,1,Willow Oak, ,Quercus phellos, ,8,0,31,0,1,0, ,3758770,280513
6446,10669,9193,2018-04-04,1,Willow Oak, ,Quercus phellos, ,8,0,31,0,1,0, ,3758770,280500
6447,10670,9193,2018-04-04,1,Willow Oak, ,Quercus phellos, ,8,0,31,0,1,0, ,3758780,280475
6448,10671,0,2018-04-06,1,Blue Atlas Cedar, , , ,4,0,17,0,0,0, ,3758860,280494
6449,10672,0,2018-04-06,1,flowering dogwood, , , ,1,0,13,0,0,0, ,3758820,280426
6450,10673,0,2018-04-06,1,Sweetbay magnolia, , , ,2,0,14,0,0,0, ,3758750,280470
6451,10674,0,2018-04-06,1,Sweetbay magnolia, , , ,2,0,14,0,0,0, ,3758750,280474
6452,10675,0,2018-04-06,1,Sweetbay magnolia, , , ,2,0,14,0,0,0, ,3758750,280483
6453,10676,0,2018-04-06,1,Sweetbay magnolia, , , ,2,0,14,0,0,0, ,3758750,280490
6454,10677,0,2018-04-06,1,Sweetbay magnolia, , , ,2,0,14,0,0,0, ,3758750,280495
6455,10678,9250,2010-11-19,0,Green Giant, ,Thuja (standishii x plicata), ,3,5,14,31,1,0, ,3758680,280476
6456,10679,0,2018-04-06,1,American sycamore, , , ,3,0,23,0,0,0, ,3758680,280456
6457,10680,0,2018-04-06,1,pin oak, , , ,4,0,27,0,0,0, ,3758670,280464
6458,10681,9252,2018-04-06,0,Sweetbay Magnolia, ,Magnolia virginiana, ,1,2,12,20,1,0, ,3758670,280474
6459,10682,0,2018-04-06,1,Pin oak, , , ,8,0,41,0,0,0, ,3758690,280427
6460,10683,0,2018-04-06,1,black walnut, , , ,4,0,25,0,0,0, ,3758720,280396
6461,10684,0,2018-04-06,1,black walnut, , , ,5,0,29,0,0,0, ,3758770,280412
6462,10685,9214,2018-04-06,0,Japanese Black Pine, ,Pinus thunbergiana, ,6,8,14,22,1,0, ,3758770,280452
6463,10686,9296,2018-04-11,1,Willow Oak, ,Quercus phellos, ,10,0,35,0,1,0, ,3758640,280515
6464,10687,7383,2018-04-11,1,Willow Oak, ,Quercus phellos, ,13,0,38,0,1,0, ,3758560,280543
6465,10688,7383,2018-04-11,1,Willow Oak, ,Quercus phellos, ,14,0,39,0,1,0, ,3758560,280539
6466,10689,9331,2018-04-11,1,Fringetree, ,Chionanthus virginicus, ,3,0,18,0,1,0, ,3758560,280543
6467,10690,7382,2018-04-11,1,Eastern Redcedar, ,Juniperus virginiana, ,5,0,31,0,1,0, ,3758610,280565
6468,10691,0,2018-04-11,1,sweetbay magnolia, , , ,1,0,11,0,0,0, ,3758580,280479
6469,10692,0,2018-04-11,1,sweetbay magnolia, , , ,1,0,11,0,0,0, ,3758580,280476
6470,10693,0,2018-04-11,1,sweetbay magnolia, , , ,1,0,11,0,0,0, ,3758590,280472
6471,10694,0,2018-04-11,1,sweetbay magnolia, , , ,1,0,11,0,0,0, ,3758590,280447
6472,10695,0,2018-04-11,1,sweetbay magnolia, , , ,1,0,11,0,0,0, ,3758600,280419
6473,10696,0,2018-04-11,1,sweetbay magnolia, , , ,1,0,11,0,0,0, ,3758610,280402
6474,10697,0,2018-04-11,1,sweetbay magnolia, , , ,1,0,11,0,0,0, ,3758610,280389
6475,10698,0,2018-04-12,1,blue atlas cedar, , , ,7,0,22,0,0,0, ,3758600,280372
6476,10699,0,2018-04-12,1,Japanese maple, , , ,2,0,14,0,0,0, ,3758510,280346
6477,10700,0,2018-04-12,1,Japanese maple, , , ,3,0,21,0,0,0, ,3758500,280345
6478,10701,9615,2018-04-12,1,Nuttall Oak, ,Quercus nutallii, ,6,0,29,0,1,0, ,3758430,280330
6479,10702,0,2018-04-12,1,Fosters Holly, , , ,10,0,25,0,0,0, ,3758410,280335
6480,10703,0,2018-04-12,1,Fosters Holly, , , ,8,0,23,0,0,0, ,3758410,280333
6481,10704,0,2018-04-12,1,Fosters Holly, , , ,7,0,24,0,0,0, ,3758410,280339
6482,10705,9749,2018-04-12,1,Okame Cherry, ,Prunus x incamp 'Okame', ,2,0,14,0,1,0, ,3758410,280366
6483,10706,0,2018-04-12,1,river birch, , , ,3,0,23,0,0,0, ,3758480,280374
6484,10707,0,2018-04-12,1,river birch, , , ,3,0,23,0,0,0, ,3758480,280370
6485,10708,0,2018-04-12,1,river birch, , , ,3,0,23,0,0,0, ,3758480,280366
6486,10709,0,2018-04-12,1,river birch, , , ,3,0,23,0,0,0, ,3758470,280376
6487,10710,0,2018-04-12,1,river birch, , , ,3,0,23,0,0,0, ,3758470,280378
6488,10711,0,2018-04-12,1,sweetbay magnolia, , , ,3,0,21,0,0,0, ,3758470,280367
6489,10712,0,2018-04-12,1,sweetbay magnolia, , , ,3,0,21,0,0,0, ,3758470,280377
6490,10713,0,2018-04-13,1,overcup oak, , , ,10,0,33,0,0,0, ,3758510,280364
6491,10714,0,2018-04-13,1,overcup oak, , , ,10,0,33,0,0,0, ,3758520,280366
6492,10715,0,2018-04-13,1,eastern red cedar, , , ,2,0,13,0,0,0, ,3758540,280357
6493,10716,0,2018-04-13,1,eastern red cedar, , , ,2,0,12,0,0,0, ,3758540,280361
6494,10717,0,2018-04-13,1,eastern red cedar, , , ,2,0,12,0,0,0, ,3758540,280361
6495,10718,0,2018-04-13,1,eastern red cedar, , , ,2,0,13,0,0,0, ,3758530,280360
6496,10719,0,2018-04-13,1,Foster's holly, , , ,3,0,14,0,0,0, ,3758530,280363
6497,10720,0,2018-04-13,1,Foster's holly, , , ,3,0,13,0,0,0, ,3758530,280366
6498,10721,0,2018-04-13,1,Foste's holly, , , ,3,0,15,0,0,0, ,3758530,280368
6499,10722,0,2018-04-13,1,Foster's holly, , , ,3,0,14,0,0,0, ,3758530,280365
6500,10723,0,2018-04-13,1,Foster's holly, , , ,2,0,13,0,0,0, ,3758530,280362
6501,10724,0,2018-04-13,1,eastern white cedar, ,thuja occidentas, ,2,0,13,0,0,0, ,3758530,280371
6502,10725,0,2018-04-13,1,eastern white cedar, ,thuja occidentas, ,2,0,11,0,0,0, ,3758530,280372
6503,10726,0,2018-04-13,1,eastern white cedar, ,thuja occidentas, ,2,0,10,0,0,0, ,3758530,280374
6504,10727,0,2018-04-13,1,sugar maple, , , ,2,0,17,0,0,0, ,3758530,280375
6505,10728,0,2018-04-13,1,okame cherry, , , ,5,0,23,0,0,0, ,3758560,280423
6506,10729,0,2018-04-13,1,okame cherry, , , ,6,0,25,0,0,0, ,3758570,280407
6507,10730,9696,2018-04-13,0,Red Maple, ,Acer rubrum, ,3,5,18,24,1,0, ,3758580,280425
6508,10731,0,2018-04-13,1,Japanese maple, , , ,1,0,4,0,0,0, ,3758580,280423
6509,10732,0,2018-04-13,1,souagnolia, , , ,5,0,29,0,0,0, ,3758520,280424
6510,10733,0,2018-04-13,1,willow oak, , , ,3,0,17,0,0,0, ,3758410,280378
6511,10734,9817,2018-04-13,1,Eastern Red Cedar, ,Juniperus virginiana, ,7,0,0,27,1,0, ,3758430,280392
6512,10735,9810,2010-11-19,1,Serviceberry, ,Amelanchier arborea, ,1,0,7,0,1,0, ,3758390,280372
6513,10736,9808,2018-04-13,1,Serviceberry, ,Amelanchier arborea, ,1,0,7,0,1,0, ,3758380,280357
6514,10737,0,2018-04-13,1,sugar maple, , , ,3,0,21,0,0,0, ,3758380,280367
6515,10738,0,2018-04-13,1,sugar maple, , , ,3,0,21,0,0,0, ,3758370,280370
6516,10739,0,2018-04-13,1,willow oak, , , ,3,0,24,0,0,0, ,3758370,280366
6517,10740,0,2018-04-13,1,sugar maple, , , ,3,0,21,0,0,0, ,3758340,280329
6518,10741,0,2018-04-13,1,sugar maple, , , ,3,0,21,0,0,0, ,3758340,280342
6519,10742,0,2018-04-13,1,sugar maple, , , ,3,0,21,0,0,0, ,3758330,280338
6520,10743,0,2018-04-13,1,sweetbay magnolia, , , ,2,0,14,0,0,0, ,3758340,280346
6521,10744,0,2018-04-13,1,sweetbay magnolia, , , ,2,0,14,0,0,0, ,3758330,280345
6522,10745,0,2018-04-13,1,sweetbay magnolia, , , ,2,0,14,0,0,0, ,3758330,280354
6523,10746,0,2018-04-13,1,sweetbay magnolia, , , ,2,0,15,0,0,0, ,3758310,280375
6524,10747,0,2018-04-13,1,sweetbay magnolia, , , ,2,0,15,0,0,0, ,3758310,280371
6525,10748,0,2018-04-13,1,sweetbay magnolia, , , ,2,0,15,0,0,0, ,3758320,280371
6526,10749,0,2018-04-13,1,sweetbay magnolia, , , ,2,0,15,0,0,0, ,3758320,280364
6527,10750,0,2018-04-13,1,sweetbay magnolia, , , ,2,0,14,0,0,0, ,3758330,280358
6528,10751,9613,2018-04-13,1,Nuttall Oak, ,Quercus nutallii, ,3,0,18,0,1,0, ,3758310,280358
6529,10752,9613,2018-04-13,1,Nuttall Oak, ,Quercus nutallii, ,3,0,18,0,1,0, ,3758310,280349
6530,10753,9613,2018-04-13,1,Nuttall Oak, ,Quercus nutallii, ,3,0,18,0,1,0, ,3758320,280347
6531,10754,9613,2018-04-13,1,Nuttall Oak, ,Quercus nutallii, ,3,0,18,0,1,0, ,3758320,280345
6532,10755,925,2018-04-13,1,Tulip Poplar, ,Liriodendron tulipifera, ,2,0,17,0,1,0, ,3758300,280416
6533,10756,925,2018-04-13,1,Tulip Poplar, ,Liriodendron tulipifera, ,2,0,17,0,1,0, ,3758310,280419
6534,10757,0,2018-04-13,1,pin oak, , , ,3,0,21,0,0,0, ,3758330,280418
6535,10758,0,2018-04-13,1,American elm, , , ,2,0,17,0,0,0, ,3758340,280418
6536,10759,0,2018-04-13,1,American elm, , , ,2,0,17,0,0,0, ,3758330,280411
6537,10760,0,2018-04-13,1,American elm, , , ,2,0,17,0,0,0, ,3758330,280404
6538,10761,0,2018-04-13,1,American elm, , , ,2,0,17,0,0,0, ,3758340,280404
6539,10762,0,2018-04-13,1,sugar maple, , , ,3,0,21,0,0,0, ,3758350,280403
6540,10763,0,2018-04-13,1,sugar maple, , , ,3,0,20,0,0,0, ,3758360,280406
6541,10764,0,2018-04-13,1,sugar maple, , , ,3,0,22,0,0,0, ,3758360,280417
6542,10765,0,2018-04-13,1,sugar maple, , , ,3,0,22,0,0,0, ,3758350,280413
6543,10766,0,2018-04-13,1,sugar maple, , , ,3,0,20,0,0,0, ,3758360,280423
6544,10767,0,2018-04-13,1,sugar maple, , , ,3,0,20,0,0,0, ,3758350,280419
6545,10768,0,2018-04-13,1,sugar maple, , , ,3,0,21,0,0,0, ,3758350,280424
6546,10769,0,2018-04-13,1,sugar maple, , , ,3,0,22,0,0,0, ,3758360,280428
6547,10770,0,2018-04-13,1,sweetbay magnolia, , , ,2,0,20,0,0,0, ,3758370,280428
6548,10771,0,2018-04-13,1,sweetbay magnolia, , , ,2,0,20,0,0,0, ,3758370,280430
6549,10772,0,2018-04-13,1,sweetbay magnolia, , , ,2,0,20,0,0,0, ,3758380,280433
6550,10773,0,2018-04-13,1,redbud, , , ,2,0,16,0,0,0, ,3758500,280488
6551,10774,0,2018-04-13,1,redbud, , , ,2,0,17,0,0,0, ,3758500,280491
6552,10775,0,2018-04-13,1,redbud, , , ,2,0,17,0,0,0, ,3758500,280493
6553,10776,7848,2010-11-19,0,Dahoon Holly, ,Ilex cassine, ,1,1,13,14,1,0, ,3758330,280477
6554,10777,7447,2018-04-16,1,Fringe Tree, ,Chionanthus virginicus, ,1,2,6,10,1,0, ,3758410,280490
6555,10778,7443,2018-04-16,1,yellowwood, ,Cladrastis kentukea, ,2,0,14,0,1,0, ,3758460,280515
6556,10779,7443,2018-04-16,1,yellowwood, ,Cladrastis kentukea, ,2,0,14,0,1,0, ,3758460,280517
6557,10780,7443,2018-04-16,1,yellowwood, ,Cladrastis kentukea, ,2,0,14,0,1,0, ,3758460,280516
6558,10781,0,2018-04-16,1,kousa dogwood, , , ,2,0,12,0,0,0, ,3758460,280517
6559,10782,7456,2018-04-16,1,Shumard Oak, ,Quercus shumardii, ,9,0,37,0,1,0, ,3758460,280511
6560,10783,0,2018-04-16,1,fringe tree, , , ,5,0,21,0,0,0, ,3758550,280533
6561,10784,0,2018-04-16,1,fringe tree, , , ,5,0,21,0,0,0, ,3758550,280535
6562,10785,0,2018-04-19,1,Carolina cherrylaurel, , , ,5,0,27,0,0,0, ,3758550,280577
6563,10786,0,2018-04-19,1,eastern hophornbeam, , , ,4,0,20,0,0,0, ,3758560,280578
6564,10787,0,2018-04-25,1,sugar maple, , , ,3,0,18,0,0,0, ,3758560,280586
6565,10788,0,2018-04-25,1,red buckeye, , , ,5,0,24,0,0,0, ,3758570,280593
6566,10789,0,2018-04-25,1,red buckeye, , , ,3,0,20,0,0,0, ,3758570,280592
6567,10790,0,2018-04-25,1,red buckeye, , , ,3,0,19,0,0,0, ,3758570,280589
6568,10791,0,2018-04-25,1,red buckeye, , , ,4,0,25,0,0,0, ,3758570,280588
6569,10792,8669,2018-04-25,1,Bigleaf Magnolia, ,Magnolia macrophylla, ,4,0,25,0,1,0, ,3758540,280625
6570,10793,8672,2018-04-25,1,Blackgum, ,Nyssa sylvatica, ,13,0,39,0,1,0, ,3758530,280626
6571,10794,8803,2018-04-25,0,Carolina Laurelcherry, ,Prunus caroliniana, ,3,0,13,0,1,0, ,3758530,280619
6572,10795,0,2018-04-25,1,white oak, , , ,1,0,16,0,0,0, ,3758520,280616
6573,10796,0,2018-04-25,1,Black Tupelo, , , ,13,0,46,0,0,0, ,3758510,280621
6574,10797,8701,2018-04-25,1,Slash Pine, ,Pinus elliottii, ,5,0,26,0,1,0, ,3758490,280633
6575,10798,8721,2018-04-25,1,Loblolly Pine, ,Pinus taeda, ,24,0,71,0,1,0, ,3758470,280674
6576,10799,8721,2018-04-25,1,Loblolly Pine, ,Pinus taeda, ,6,0,31,0,1,0, ,3758470,280671
6577,10800,8721,2018-04-25,1,Loblolly Pine, ,Pinus taeda, ,4,0,26,0,1,0, ,3758470,280670
6578,10801,8713,2018-04-25,1,Red Buckeye, ,Aesculus pavia, ,3,0,13,0,1,0, ,3758470,280666
6579,10802,8713,2018-04-25,1,Red Buckeye, ,Aesculus pavia, ,2,0,10,0,1,0, ,3758470,280665
6580,10803,8713,2018-04-25,1,Red Buckeye, ,Aesculus pavia, ,2,0,10,0,1,0, ,3758470,280665
6581,10804,8713,2018-04-25,1,Red Buckeye, ,Aesculus pavia, ,2,0,10,0,1,0, ,3758470,280666
6582,10805,8713,2018-04-25,1,Red Buckeye, ,Aesculus pavia, ,2,0,12,0,1,0, ,3758470,280667
6583,10806,0,2018-04-25,1,Carolina laurel cherry, , , ,4,0,24,0,0,0, ,3758470,280715
6584,10807,8729,2018-04-25,1,Loblolly Pine, ,Pinus taeda, ,16,0,52,0,1,0, ,3758470,280723
6585,10808,8729,2018-04-25,1,Loblolly Pine, ,Pinus taeda, ,12,0,47,0,1,0, ,3758470,280722
6586,10809,0,2018-04-25,1,green giant, ,thuja occidentus, ,4,0,26,0,0,0, ,3758380,280800
6587,10810,0,2018-04-25,1,green giant, ,thuja occidentus, ,4,0,26,0,0,0, ,3758380,280803
6588,10811,0,2018-04-25,1,green giant, ,thuja occidentus, ,4,0,26,0,0,0, ,3758380,280801
6589,10812,7370,2018-04-25,1,River Birch, ,Betula nigra, ,6,0,31,0,1,0, ,3758370,280812
6590,10813,0,2018-04-25,1,southern red oak, , , ,7,0,28,0,0,0, ,3758320,280748
6591,10814,0,2018-04-25,1,southern red oak, , , ,4,0,25,0,0,0, ,3758330,280742
6592,10815,0,2018-04-25,1,serviceberry, , , ,1,0,7,0,0,0, ,3758330,280749
6593,10816,0,2018-04-25,1,vitex, , , ,4,0,18,0,0,0, ,3758370,280732
6594,10817,0,2018-04-25,1,vitex, , , ,4,0,18,0,0,0, ,3758380,280727
6595,10818,0,2018-04-25,1,vitex, , , ,4,0,18,0,0,0, ,3758370,280729
6596,10819,0,2018-04-25,1,southern red oak, , , ,7,0,29,0,0,0, ,3758350,280732
6597,10820,0,2018-04-25,1,southern red oak, , , ,8,0,30,0,0,0, ,3758360,280730
6598,10821,0,2018-04-25,1,vitex, , , ,4,0,18,0,0,0, ,3758390,280717
6599,10822,0,2018-04-25,1,southern red oak, , , ,10,0,36,0,0,0, ,3758410,280700
6600,10823,7250,2018-04-25,1,Red Maple, ,Acer rubrum, ,5,0,25,0,1,0, ,3758400,280711
6601,10824,0,2018-04-25,1,flowering dogwood, , , ,3,0,19,0,0,0, ,3758430,280698
6602,10825,0,2018-04-25,1,flowering dogwood, , , ,3,0,19,0,0,0, ,3758430,280697
6603,10826,0,2018-04-25,1,flowering dogwood, , , ,4,0,21,0,0,0, ,3758430,280694
6604,10827,0,2018-04-25,1,downy serviceberry, , , ,2,0,17,0,0,0, ,3758430,280694
6605,10828,0,2018-04-25,1,downy serviceberry, , , ,2,0,17,0,0,0, ,3758440,280692
6606,10829,0,2018-04-25,1,sweetbay magnolia, , , ,3,0,23,0,0,0, ,3758430,280691
6607,10830,0,2018-04-25,1,sweetbay magnolia, , , ,3,0,23,0,0,0, ,3758440,280691
6608,10831,0,2018-04-25,1,flowering dogwood, , , ,4,0,22,0,0,0, ,3758440,280689
6609,10832,0,2018-04-25,1,flowering dogwood, , , ,3,0,19,0,0,0, ,3758440,280689
6610,10833,0,2018-04-25,1,flowering dogwood, , , ,3,0,20,0,0,0, ,3758440,280691
6611,10834,0,2018-04-25,1,sugar maple, , , ,6,0,27,0,0,0, ,3758440,280693
6612,10835,0,2018-04-25,1,sugar maple, , , ,6,0,27,0,0,0, ,3758440,280690
6613,10836,0,2018-04-25,1,downy serviceberry, , , ,2,0,17,0,0,0, ,3758450,280694
6614,10837,0,2018-04-25,1,downy serviceberry, , , ,3,0,22,0,0,0, ,3758450,280691
6615,10838,0,2018-04-25,1,downy serviceberry, , , ,2,0,17,0,0,0, ,3758450,280695
6616,10839,0,2018-04-25,1,sweetbay magnolia, , , ,2,0,17,0,0,0, ,3758450,280692
6617,10840,0,2018-04-25,1,southern red oak, , , ,7,0,30,0,0,0, ,3758480,280732
6618,10841,0,2018-04-25,1,southern red oak, , , ,6,0,28,0,0,0, ,3758450,280688
6619,10842,0,2018-04-25,1,southern red oak, , , ,7,0,30,0,0,0, ,3758450,280690
6620,10843,7265,2018-04-25,1,Loblolly Pine, ,Pinus taeda, ,4,0,31,0,1,0, ,3758450,280693
6621,10844,7265,2018-04-25,1,Loblolly Pine, ,Pinus taeda, ,8,0,34,0,1,0, ,3758450,280695
6622,10845,7265,2018-04-25,1,Loblolly Pine, ,Pinus taeda, ,5,0,28,0,1,0, ,3758460,280697
6623,10846,0,2018-04-25,1,sugar maple, , , ,6,0,27,0,0,0, ,3758430,280693
6624,10847,0,2018-04-25,1,southern red oak, , , ,6,0,28,0,0,0, ,3758430,280691
6625,10848,0,2018-04-25,1,southern red oak, , , ,6,0,28,0,0,0, ,3758430,280690
6626,10849,0,2018-04-25,1,southern red oak, , , ,6,0,28,0,0,0, ,3758430,280688
6627,10850,0,2018-04-25,1,southern red oak, , , ,5,0,27,0,0,0, ,3758430,280687
6628,10851,0,2018-04-25,1,southern red oak, , , ,5,0,27,0,0,0, ,3758440,280687
6629,10852,0,2018-04-25,1,southern red oak, , , ,6,0,29,0,0,0, ,3758440,280687
6630,10853,0,2018-04-25,1,southern red oak, , , ,7,0,32,0,0,0, ,3758440,280689
6631,10854,0,2018-04-25,1,flowering dogwood, , , ,3,0,19,0,0,0, ,3758440,280687
6632,10855,0,2018-04-25,1,flowering dogwood, , , ,3,0,19,0,0,0, ,3758440,280687
6633,10856,0,2018-04-25,1,flowering dogwood, , , ,3,0,19,0,0,0, ,3758440,280687
6634,10857,0,2018-04-25,1,flowering dogwood, , , ,3,0,19,0,0,0, ,3758450,280686
6635,10858,0,2018-04-25,1,flowering dogwood, , , ,3,0,19,0,0,0, ,3758450,280686
6636,10859,0,2018-04-25,1,sweetbay magnolia, , , ,2,0,17,0,0,0, ,3758450,280688
6637,10860,0,2018-04-25,1,sweetbay magnolia, , , ,2,0,19,0,0,0, ,3758450,280688
6638,10861,0,2018-04-25,1,sweetbay magnolia, , , ,1,0,16,0,0,0, ,3758450,280689
6639,10862,0,2018-04-25,1,sweetbay magnolia, , , ,1,0,16,0,0,0, ,3758450,280688
6640,10863,0,2018-04-25,1,sweetbay magnolia, , , ,2,0,19,0,0,0, ,3758450,280687
6641,10864,0,2018-04-25,1,sweetbay magnolia, , , ,2,0,19,0,0,0, ,3758450,280686
6642,10865,0,2018-04-25,1,sweetbay magnolia, , , ,2,0,20,0,0,0, ,3758450,280686
6643,10866,0,2018-04-25,1,flowering dogwood, , , ,3,0,20,0,0,0, ,3758450,280685
6644,10867,0,2018-04-25,1,flowering dogwood, , , ,2,0,17,0,0,0, ,3758450,280685
6645,10868,0,2018-04-25,1,southern red oak, , , ,7,0,33,0,0,0, ,3758450,280684
6646,10869,0,2018-04-25,1,southern red oak, , , ,6,0,31,0,0,0, ,3758450,280685
6647,10870,0,2018-04-25,1,southern red oak, , , ,7,0,34,0,0,0, ,3758440,280685
6648,10871,0,2018-04-25,1,downy serviceberry, , , ,2,0,14,0,0,0, ,3758430,280696
6649,10872,0,2018-04-25,1,downy serviceberry, , , ,2,0,14,0,0,0, ,3758430,280696
6650,10873,0,2018-04-25,1,downy serviceberry, , , ,2,0,14,0,0,0, ,3758430,280695
6651,10874,0,2018-04-25,1,downy serviceberry, , , ,2,0,14,0,0,0, ,3758430,280693
6652,10875,0,2018-04-25,1,downy serviceberry, , , ,2,0,14,0,0,0, ,3758430,280694
6653,10876,0,2018-04-27,1,overcup oak, , , ,8,0,33,0,0,0, ,3758380,280684
6654,10877,0,2018-04-27,1,overcup oak, , , ,7,0,31,0,0,0, ,3758370,280679
6655,10878,0,2018-04-27,1,overcup oak, , , ,8,0,34,0,0,0, ,3758360,280675
6656,10879,0,2018-04-27,1,southern magnolia, , , ,2,0,12,0,0,0, ,3758440,280540
6657,10880,0,2018-04-27,1,southern magnolia, , , ,2,0,12,0,0,0, ,3758440,280537
6658,10881,0,2018-04-27,1,southern magnolia, , , ,2,0,12,0,0,0, ,3758440,280535
6659,10882,7660,2018-04-27,1,Bur Oak, ,Quercus macrocarpa, ,4,0,17,0,1,0, ,3758410,280597
6660,10883,0,2018-04-27,1,American hornbeam, , , ,4,0,17,0,0,0, ,3758440,280592
6661,10884,0,2018-04-27,1,Chinese elm, , , ,7,0,29,0,0,0, ,3758410,280586
6662,10885,7670,2018-04-27,1,Longleaf Pine, ,Pinus palustris, ,5,0,22,0,1,0, ,3758430,280600
6663,10886,0,2018-04-27,1,American hornbeam, , , ,4,0,17,0,0,0, ,3758450,280595
6664,10887,7670,2018-04-27,1,Longleaf Pine, ,Pinus palustris, ,4,0,20,0,1,0, ,3758460,280615
6665,10888,7673,2018-04-27,1,Yaupon, ,Ilex vomitoria, ,3,0,17,0,1,0, ,3758480,280630
6666,10889,7673,2018-04-27,1,Yaupon, ,Ilex vomitoria, ,3,0,16,0,1,0, ,3758480,280629
6667,10890,7673,2018-04-27,1,Yaupon, ,Ilex vomitoria, ,3,0,16,0,1,0, ,3758480,280629
6668,10891,0,2018-04-27,1,devilwood, , , ,5,0,31,0,0,0, ,3758440,280665
6669,10892,8648,2010-11-19,1,Fringe Tree, ,Chionanthus virginicus, ,2,0,14,0,1,0, ,3758520,280594
6670,10893,8660,2018-04-27,1,Eastern Redbud, ,Cercis canadensis, ,3,0,20,0,1,0, ,3758510,280592
6671,10894,8660,2018-04-27,1,Eastern Red cedar, , , ,2,0,18,0,1,0, ,3758510,280590
6672,10895,8512,2018-04-19,1,Leyland Cypress, ,X Cupressocyparis leylandii, ,11,0,38,0,1,0, ,3758520,280578
6673,10896,7165,2018-04-28,1,Eastern Redcedar, ,Juniperus virginiana, ,5,0,25,0,1,0, ,3758170,280770
6674,10897,0,2018-04-28,1,willow oak, , , ,7,0,33,0,0,0, ,3758200,280724
6675,10898,0,2018-04-28,1,southern magnolia, , , ,2,0,9,0,0,0, ,3758210,280724
6676,10899,0,2018-04-28,1,southern magnolia, , , ,2,0,9,0,0,0, ,3758210,280726
6677,10900,0,2018-04-28,1,southern magnolia, , , ,2,0,9,0,0,0, ,3758210,280730
6678,10901,7115,2018-04-28,1,Red Maple, ,Acer rubrum, ,4,0,18,0,1,0, ,3758210,280690
6679,10902,7116,2018-04-28,1,Red Maple, ,Acer rubrum, ,3,0,14,0,1,0, ,3758200,280666
6680,10903,0,2018-04-28,1,red mulberry, , , ,3,0,17,0,0,0, ,3758270,280698
6681,10904,0,2018-04-28,1,red mulberry, , , ,3,0,17,0,0,0, ,3758260,280705
6682,10905,0,2018-04-28,1,nuttal oak, , , ,8,0,31,0,0,0, ,3758350,280602
6683,10906,0,2018-04-28,1,overcup oak, , , ,10,0,32,0,0,0, ,3758350,280634
6684,10907,0,2018-04-28,1,overcup oak, , , ,10,0,32,0,0,0, ,3758360,280626
6685,10908,0,2018-04-28,1,overcup oak, , , ,9,0,30,0,0,0, ,3758360,280617
6686,10909,8480,2018-04-28,0,Autumn Sunset Serviceberry, ,Amelanchier x grandiflora, ,1,3,10,13,1,0, ,3758330,280647
6687,10910,0,2018-04-28,1,flowering dogwood, , , ,1,0,7,0,0,0, ,3758350,280638
6688,10911,0,2018-04-28,1,flowering dogwood, , , ,1,0,7,0,0,0, ,3758350,280624
6689,10912,0,2018-04-28,1,flowering dogwood, , , ,1,0,8,0,0,0, ,3758350,280614
6690,10913,0,2018-04-28,1,flowering dogwood, , , ,2,0,12,0,0,0, ,3758350,280610
6691,10914,0,2018-04-28,1,American elm, , , ,7,0,32,0,0,0, ,3758310,280663
6692,10915,8324,2018-04-28,1,Oak Hybrid, ,Quercus robur, ,8,0,30,0,1,0, ,3758310,280672
6693,10916,0,2018-04-28,1,nuttal oak, , , ,7,0,31,0,0,0, ,3758320,280661
6694,10917,0,2018-04-28,1,red maple, , , ,8,0,32,0,0,0, ,3758280,280659
6695,10918,0,2018-04-28,1,flowering dogwood, , , ,3,0,20,0,0,0, ,3758260,280649
6696,10919,0,2018-04-28,1,serviceberry, , , ,3,0,16,0,0,0, ,3758230,280634
6697,10920,0,2018-04-28,1,serviceberry, , , ,2,0,14,0,0,0, ,3758230,280633
6698,10921,0,2018-04-28,1,serviceberry, , , ,2,0,14,0,0,0, ,3758230,280632
6699,10922,0,2018-04-28,1,flowering dogwood, , , ,2,0,15,0,0,0, ,3758230,280613
6700,10923,0,2018-04-28,1,flowering dogwood, , , ,3,0,18,0,0,0, ,3758230,280609
6701,10924,7064,2018-04-28,1,Eastern Redbud, ,Cercis canadensis, ,4,0,22,0,1,0, ,3758250,280578
6702,10925,7056,2018-04-28,1,Flowering Dogwood, ,Cornus florida, ,2,0,11,0,1,0, ,3758250,280574
6703,10926,6903,2018-04-28,1,Shumard Oak, ,Quercus shumardii, ,2,0,16,6,1,0, ,3758280,280578
6704,10927,8487,2018-04-28,1,Goldenrain Tree, ,Koelreuteria paniculata, ,4,0,18,0,1,0, ,3758290,280609
6705,10928,7785,2018-04-30,1,River Birch, ,Betula nigra, ,4,0,23,0,1,0, ,3758370,280514
6706,10929,7813,2018-04-30,1,Bur Oak, ,Quercus macrocarpa, ,2,0,18,0,1,0, ,3758330,280545
6707,10930,7813,2018-04-30,1,Red Oak, , , ,4,0,24,0,1,0, ,3758340,280544
6708,10931,6907,2018-04-30,1,River Birch, ,Betula nigra, ,7,0,33,0,1,0, ,3758270,280527
6709,10932,6907,2018-04-30,1,River Birch, ,Betula nigra, ,4,0,27,0,1,0, ,3758270,280531
6710,10933,6907,2018-04-30,1,River Birch, ,Betula nigra, ,12,0,53,0,1,0, ,3758270,280530
6711,10934,6907,2018-04-30,1,River Birch, ,Betula nigra, ,10,0,39,0,1,0, ,3758260,280530
6712,10935,6907,2018-04-30,1,River Birch, ,Betula nigra, ,6,0,32,0,1,0, ,3758250,280529
6713,10936,6907,2018-04-30,1,River Birch, ,Betula nigra, ,5,0,31,0,1,0, ,3758250,280532
6714,10937,6907,2018-04-30,1,River Birch, ,Betula nigra, ,7,0,35,0,1,0, ,3758250,280536
6715,10938,6907,2018-04-30,1,River Birch, ,Betula nigra, ,8,0,36,0,1,0, ,3758250,280537
6716,10939,6907,2018-04-30,1,River Birch, ,Betula nigra, ,4,0,28,0,1,0, ,3758250,280538
6717,10940,6907,2018-04-30,1,River Birch, ,Betula nigra, ,5,0,30,0,1,0, ,3758250,280540
6718,10941,6907,2018-04-30,1,River Birch, ,Betula nigra, ,3,0,27,0,1,0, ,3758250,280541
6719,10942,0,2018-04-30,1,blackgum, , , ,20,0,56,0,0,0, ,3758250,280543
6720,10943,6907,2018-04-30,1,River Birch, ,Betula nigra, ,17,0,59,0,1,0, ,3758260,280543
6721,10944,0,2018-04-30,1,eastern red cedar, , , ,2,0,15,0,0,0, ,3758260,280545
6722,10945,8493,2018-04-30,1,Chinese Elm, ,Ulmus parviflora, ,22,0,64,0,1,0, ,3758270,280544
6723,10946,8493,2018-04-30,1,Chinese Elm, ,Ulmus parviflora, ,16,0,51,0,1,0, ,3758270,280544
6724,10947,8493,2018-04-30,1,Chinese Elm, ,Ulmus parviflora, ,11,0,43,0,1,0, ,3758280,280540
6725,10948,0,2018-04-30,1,American beech, , , ,3,0,16,0,0,0, ,3758270,280545
6726,10949,0,2018-04-30,1,American beech, , , ,4,0,18,0,0,0, ,3758270,280546
6727,10950,0,2018-04-30,1,flowering dogwood, , , ,4,0,20,0,0,0, ,3758270,280548
6728,10951,0,2018-04-30,1,flowering dogwood, , , ,3,0,18,0,0,0, ,3758270,280548
6729,10952,0,2018-04-30,1,flowering dogwood, , , ,3,0,19,0,0,0, ,3758270,280548
6730,10953,0,2018-04-30,1,blackgum, , , ,4,0,28,0,0,0, ,3758270,280545
6731,10954,0,2018-04-30,1,blackgum, , , ,5,0,32,0,0,0, ,3758280,280547
6732,10955,6907,2018-04-30,1,River Birch, ,Betula nigra, ,12,0,46,0,1,0, ,3758260,280544
6733,10956,6907,2018-04-30,1,River Birch, ,Betula nigra, ,8,0,37,0,1,0, ,3758260,280541
6734,10957,6907,2018-04-30,1,River Birch, ,Betula nigra, ,12,0,46,0,1,0, ,3758260,280540
6735,10958,8493,2018-04-30,1,Chinese Elm, ,Ulmus parviflora, ,12,0,44,0,1,0, ,3758280,280537
6736,10959,8493,2018-04-30,1,Chinese Elm, ,Ulmus parviflora, ,8,0,36,0,1,0, ,3758280,280541
6737,10960,8493,2018-04-30,1,Chinese Elm, ,Ulmus parviflora, ,7,0,36,0,1,0, ,3758280,280544
6738,10961,0,2018-04-30,1,American beech, , , ,3,0,17,0,0,0, ,3758320,280562
6739,10962,8493,2018-04-30,1,Chinese Elm, ,Ulmus parviflora, ,8,0,36,0,1,0, ,3758330,280554
6740,10963,8493,2018-04-30,1,Chinese Elm, ,Ulmus parviflora, ,6,0,34,0,1,0, ,3758330,280554
6741,10964,8493,2018-04-30,1,Chinese Elm, ,Ulmus parviflora, ,10,0,41,0,1,0, ,3758330,280551
6742,10965,0,2018-04-30,1,blackgum, , , ,21,0,62,0,0,0, ,3758320,280550
6743,10966,0,2018-04-30,1,blackgum, , , ,15,0,45,0,0,0, ,3758320,280549
6744,10967,8493,2018-04-30,1,Chinese Elm, ,Ulmus parviflora, ,7,0,38,0,1,0, ,3758310,280548
6745,10968,0,2018-04-30,1,blackgum, , , ,8,0,36,0,0,0, ,3758310,280547
6746,10969,8493,2018-04-30,1,Chinese Elm, ,Ulmus parviflora, ,11,0,43,0,1,0, ,3758310,280546
6747,10970,8493,2018-04-30,1,Chinese Elm, ,Ulmus parviflora, ,9,0,41,0,1,0, ,3758300,280547
6748,10971,8493,2018-04-30,1,Chinese Elm, ,Ulmus parviflora, ,6,0,35,0,1,0, ,3758300,280547
6749,10972,8493,2018-04-30,1,Chinese Elm, ,Ulmus parviflora, ,5,0,33,0,1,0, ,3758300,280547
6750,10973,7730,2018-05-01,1,Water Oak, ,Quercus nigra, ,24,0,57,0,1,0, ,3758400,280874
6751,10974,7730,2018-05-01,1,Water Oak, ,Quercus nigra, ,22,0,56,0,1,0, ,3758390,280867
6752,10975,7730,2018-05-01,1,Water Oak, ,Quercus nigra, ,17,0,50,0,1,0, ,3758400,280864
6753,10976,7730,2018-05-01,1,Water Oak, ,Quercus nigra, ,27,0,66,0,1,0, ,3758420,280860
6754,10977,7377,2018-05-01,1,Loblolly Pine, ,Pinus taeda, ,28,0,94,0,1,0, ,3758400,280859
6755,10978,0,2018-05-01,1,Chinese elm, , , ,13,0,41,0,0,0, ,3758410,280849
6756,10979,0,2018-05-01,1,Chinese elm, , , ,20,0,55,0,0,0, ,3758400,280849
6757,10980,0,2018-05-01,1,Chinese elm, , , ,10,0,38,0,0,0, ,3758400,280846
6758,10981,0,2018-05-01,1,Chinese elm, , , ,9,0,35,0,0,0, ,3758390,280847
6759,10982,0,2018-05-01,1,Chinese elm, , , ,8,0,33,0,0,0, ,3758390,280845
6760,10983,0,2018-05-01,1,American elm, , , ,7,0,34,0,0,0, ,3758400,280850
6761,10984,0,2018-05-01,1,American elm, , , ,9,0,40,0,0,0, ,3758410,280843
6762,10985,0,2018-05-01,1,American elm, , , ,6,0,32,0,0,0, ,3758390,280848
6763,10986,7730,2018-05-01,1,Water Oak, ,Quercus nigra, ,12,0,39,0,1,0, ,3758400,280844
6764,10987,7730,2018-05-01,1,Water Oak, ,Quercus nigra, ,16,0,44,0,1,0, ,3758400,280843
6765,10988,7730,2018-05-01,1,Water Oak, ,Quercus nigra, ,21,0,54,0,1,0, ,3758390,280842
6766,10989,0,2018-05-01,1,Chinese elm, , , ,18,0,52,0,0,0, ,3758390,280842
6767,10990,7377,2018-05-01,1,Loblolly Pine, ,Pinus taeda, ,17,0,66,0,1,0, ,3758420,280846
6768,10991,7377,2018-05-01,1,Loblolly Pine, ,Pinus taeda, ,15,0,64,0,1,0, ,3758430,280845
6769,10992,7377,2018-05-01,1,Loblolly Pine, ,Pinus taeda, ,19,0,71,0,1,0, ,3758420,280841
6770,10993,0,2018-05-01,1,Chinese elm, , , ,8,0,37,0,0,0, ,3758420,280843
6771,10994,7377,2018-05-01,1,Loblolly Pine, ,Pinus taeda, ,14,0,54,0,1,0, ,3758430,280840
6772,10995,7377,2018-05-01,1,Loblolly Pine, ,Pinus taeda, ,9,0,52,0,1,0, ,3758430,280844
6773,10996,7377,2018-05-01,1,Loblolly Pine, ,Pinus taeda, ,7,0,39,0,1,0, ,3758430,280847
6774,10997,7377,2018-05-01,1,Loblolly Pine, ,Pinus taeda, ,12,0,45,0,1,0, ,3758440,280844
6775,10998,0,2018-05-01,1,American elm, , , ,11,0,43,0,0,0, ,3758410,280850
6776,10999,0,2018-05-01,1,southern magnolia, , , ,20,0,52,0,0,0, ,3758420,280852
6777,11000,0,2018-05-01,1,overcup oak, , , ,13,0,42,0,0,0, ,3758420,280854
6778,11001,7730,2018-05-01,1,Water Oak, ,Quercus nigra, ,11,0,43,0,1,0, ,3758430,280856
6779,11002,7730,2018-05-01,1,Water Oak, ,Quercus nigra, ,12,0,45,0,1,0, ,3758430,280859
6780,11003,0,2018-05-01,1,blackgum, , , ,17,0,51,0,0,0, ,3758420,280855
6781,11004,7377,2018-05-01,1,Loblolly Pine, ,Pinus taeda, ,18,0,67,0,1,0, ,3758430,280859
6782,11005,7377,2018-05-01,1,Loblolly Pine, ,Pinus taeda, ,21,0,73,0,1,0, ,3758440,280856
6783,11006,7730,2018-05-01,1,Water Oak, ,Quercus nigra, ,10,0,49,0,1,0, ,3758440,280854
6784,11007,0,2018-05-01,1,blackgum, , , ,13,0,46,0,0,0, ,3758440,280859
6785,11008,7377,2018-05-01,1,Loblolly Pine, ,Pinus taeda, ,26,0,78,0,1,0, ,3758430,280854
6786,11009,0,2018-05-01,1,pignut hickory, , , ,21,0,53,0,0,0, ,3758430,280856
6787,11010,0,2018-05-01,1,Chinese elm, , , ,11,0,40,0,0,0, ,3758440,280849
6788,11011,0,2018-05-01,1,Chinese elm, , , ,4,0,29,0,0,0, ,3758440,280849
6789,11012,7730,2018-05-01,1,Water Oak, ,Quercus nigra, ,22,0,64,0,1,0, ,3758440,280854
6790,11013,7377,2018-05-01,1,Loblolly Pine, ,Pinus taeda, ,23,0,72,0,1,0, ,3758440,280853
6791,11014,7730,2018-05-01,1,Water Oak, ,Quercus nigra, ,19,0,63,0,1,0, ,3758440,280856
6792,11015,7377,2018-05-01,1,Loblolly Pine, ,Pinus taeda, ,25,0,78,0,1,0, ,3758440,280857
6793,11016,7730,2018-05-01,1,Water Oak, ,Quercus nigra, ,15,0,52,0,1,0, ,3758440,280858
6794,11017,0,2018-05-01,1,sugar maple, , , ,12,0,51,0,0,0, ,3758440,280861
6795,11018,0,2018-05-01,1,American elm, , , ,6,0,35,0,0,0, ,3758450,280864
6796,11019,0,2018-05-01,1,American elm, , , ,12,0,43,0,0,0, ,3758450,280865
6797,11020,0,2018-05-01,1,American elm, , , ,10,0,43,0,0,0, ,3758460,280862
6798,11021,0,2018-05-01,1,American elm, , , ,13,0,49,0,0,0, ,3758460,280867
6799,11022,0,2018-05-01,1,willow oak, , , ,7,0,37,0,0,0, ,3758460,280864
6800,11023,0,2018-05-01,1,American elm, , , ,15,0,53,0,0,0, ,3758470,280870
6801,11024,0,2018-05-01,1,American elm, , , ,17,0,59,0,0,0, ,3758470,280873
6802,11025,0,2018-05-01,1,American elm, , , ,26,0,65,0,0,0, ,3758480,280879
6803,11026,0,2018-05-01,1,American sycamore, , , ,8,0,37,0,0,0, ,3758480,280877
6804,11027,7730,2018-05-01,1,Water Oak, ,Quercus nigra, ,17,0,56,0,1,0, ,3758490,280881
6805,11028,0,2018-05-01,1,Chinese elm, , , ,15,0,43,0,0,0, ,3758490,280879
6806,11029,7730,2018-05-01,1,Water Oak, ,Quercus nigra, ,14,0,47,0,1,0, ,3758500,280882
6807,11030,7730,2018-05-01,1,Water Oak, ,Quercus nigra, ,16,0,53,0,1,0, ,3758500,280881
6808,11031,7730,2018-05-01,1,Water Oak, ,Quercus nigra, ,24,0,67,0,1,0, ,3758510,280881
6809,11032,7730,2018-05-01,1,Water Oak, ,Quercus nigra, ,21,0,64,0,1,0, ,3758520,280880
6810,11033,7730,2018-05-01,1,Water Oak, ,Quercus nigra, ,17,0,59,0,1,0, ,3758530,280877
6811,11034,7730,2018-05-01,1,Water Oak, ,Quercus nigra, ,9,0,42,0,1,0, ,3758530,280876
6812,11035,7730,2018-05-01,1,Water Oak, ,Quercus nigra, ,25,0,71,0,1,0, ,3758540,280873
6813,11036,0,2018-05-01,1,American elm, , , ,8,0,37,0,0,0, ,3758540,280873
6814,11037,0,2018-05-01,1,American elm, , , ,13,0,51,0,0,0, ,3758550,280871
6815,11038,7730,2018-05-01,1,Water Oak, ,Quercus nigra, ,7,0,36,0,1,0, ,3758550,280869
6816,11039,7730,2018-05-01,1,Water Oak, ,Quercus nigra, ,8,0,38,0,1,0, ,3758540,280874
6817,11040,0,2018-05-01,1,Chinese elm, , , ,11,0,39,0,0,0, ,3758550,280870
6818,11041,7730,2018-05-01,1,Water Oak, ,Quercus nigra, ,10,0,43,0,1,0, ,3758550,280873
6819,11042,7730,2018-05-01,1,Water Oak, ,Quercus nigra, ,9,0,40,0,1,0, ,3758550,280873
6820,11043,0,2018-05-01,1,Chinese elm, , , ,23,0,61,0,0,0, ,3758560,280870
6821,11044,7730,2018-05-01,1,Water Oak, ,Quercus nigra, ,8,0,36,0,1,0, ,3758560,280873
6822,11045,7730,2018-05-01,1,Water Oak, ,Quercus nigra, ,7,0,38,0,1,0, ,3758560,280875
6823,11046,7730,2018-05-01,1,Water Oak, ,Quercus nigra, ,16,0,53,0,1,0, ,3758560,280874
6824,11047,0,2018-05-01,1,Chinese elm, , , ,18,0,55,0,0,0, ,3758560,280871
6825,11048,7730,2018-05-01,1,Water Oak, ,Quercus nigra, ,11,0,46,0,1,0, ,3758560,280869
6826,11049,7730,2018-05-01,1,Water Oak, ,Quercus nigra, ,10,0,39,0,1,0, ,3758560,280873
6827,11050,7730,2018-05-01,1,Water Oak, ,Quercus nigra, ,13,0,49,0,1,0, ,3758560,280871
6828,11051,0,2018-05-01,1,Chinese elm, , , ,14,0,41,0,0,0, ,3758560,280873
6829,11052,7730,2018-05-01,1,Water Oak, ,Quercus nigra, ,6,0,34,0,1,0, ,3758560,280869
6830,11053,7730,2018-05-01,1,Water Oak, ,Quercus nigra, ,15,0,47,0,1,0, ,3758570,280870
6831,11054,0,2018-05-01,1,American elm, , , ,12,0,50,0,0,0, ,3758570,280869
6832,11055,7730,2018-05-01,1,Water Oak, ,Quercus nigra, ,12,0,44,0,1,0, ,3758570,280872
6833,11056,0,2018-05-01,1,vitex, , , ,8,0,22,0,0,0, ,3758610,280828
6834,11057,0,2018-05-01,1,vitex, , , ,7,0,23,0,0,0, ,3758600,280828
6835,11058,7377,2018-05-01,1,Loblolly Pine, ,Pinus taeda, ,10,0,48,0,1,0, ,3758440,280842
6836,11059,0,2018-05-01,1,Chinese elm, , , ,6,0,34,0,0,0, ,3758440,280840
6837,11060,0,2018-05-01,1,Chinese elm, , , ,11,0,46,0,0,0, ,3758440,280837
6838,11061,0,2018-05-01,1,Chinese elm, , , ,6,0,32,0,0,0, ,3758430,280839
6839,11062,0,2018-05-01,1,American elm, , , ,7,0,32,0,0,0, ,3758430,280837
6840,11063,0,2018-05-01,1,chinese elm, , , ,10,0,40,0,0,0, ,3758430,280834
6841,11064,0,2018-05-01,1,chinese elm, , , ,12,0,43,0,0,0, ,3758430,280833
6842,11065,0,2018-05-01,1,blackgum, , , ,4,0,27,0,0,0, ,3758430,280836
6843,11066,0,2018-05-01,1,chinese elm, , , ,6,0,31,0,0,0, ,3758430,280832
6844,11067,0,2018-05-01,1,blackgum, , , ,8,0,35,0,0,0, ,3758440,280833
6845,11068,0,2018-05-01,1,blackgum, , , ,9,0,37,0,0,0, ,3758440,280831
6846,11069,7377,2018-05-01,1,Loblolly Pine, ,Pinus taeda, ,14,0,61,0,1,0, ,3758430,280828
6847,11070,0,2018-05-01,1,chinese elm, , , ,5,0,28,0,0,0, ,3758430,280830
6848,11071,0,2018-05-01,1,chinese elm, , , ,5,0,29,0,0,0, ,3758440,280827
6849,11072,0,2018-05-01,1,southern red oak, , , ,7,0,36,0,0,0, ,3758430,280827
6850,11073,0,2018-05-01,1,southern red oak, , , ,13,0,44,0,0,0, ,3758430,280825
6851,11074,0,2018-05-01,1,chinese elm, , , ,8,0,33,0,0,0, ,3758440,280826
6852,11075,0,2018-05-01,1,chinese elm, , , ,6,0,28,0,0,0, ,3758440,280824
6853,11076,0,2018-05-01,1,chinese elm, , , ,11,0,40,0,0,0, ,3758440,280821
6854,11077,7377,2018-05-01,1,Loblolly Pine, ,Pinus taeda, ,12,0,53,0,1,0, ,3758440,280818
6855,11078,0,2018-05-01,1,chinese elm, , , ,5,0,32,0,0,0, ,3758440,280818
6856,11079,0,2018-05-01,1,chinese elm, , , ,6,0,34,0,0,0, ,3758440,280816
6857,11080,0,2018-05-01,1,chinese elm, , , ,15,0,46,0,0,0, ,3758440,280814
6858,11081,7377,2018-05-01,1,Loblolly Pine, ,Pinus taeda, ,13,0,59,0,1,0, ,3758440,280815
6859,11082,0,2018-05-01,1,chinese elm, , , ,9,0,35,0,0,0, ,3758440,280813
6860,11083,0,2018-05-01,1,chinese elm, , , ,8,0,36,0,0,0, ,3758440,280812
6861,11084,0,2018-05-01,1,chinese elm, , , ,6,0,31,0,0,0, ,3758440,280809
6862,11085,0,2018-05-01,1,blackgum, , , ,8,0,34,0,0,0, ,3758440,280810
6863,11086,0,2018-05-01,1,chinese elm, , , ,12,0,42,0,0,0, ,3758450,280807
6864,11087,0,2018-05-01,1,chinese elm, , , ,7,0,33,0,0,0, ,3758450,280805
6865,11088,0,2018-05-01,1,chinese elm, , , ,8,0,36,0,0,0, ,3758450,280801
6866,11089,0,2018-05-01,1,chinese elm, , , ,9,0,39,0,0,0, ,3758460,280798
6867,11090,0,2018-05-01,1,chinese elm, , , ,8,0,37,0,0,0, ,3758460,280796
6868,11091,0,2018-05-01,1,black cherry, , , ,9,0,31,0,0,0, ,3758480,280779
6869,11092,0,2018-05-01,1,blackgum, , , ,16,0,47,0,0,0, ,3758480,280776
6870,11093,0,2018-05-01,1,blackgum, , , ,10,0,42,0,0,0, ,3758490,280775
6871,11094,0,2018-05-01,1,chinese elm, , , ,10,0,41,0,0,0, ,3758490,280772
6872,11095,0,2018-05-01,1,sugarberry, , , ,12,0,45,0,0,0, ,3758490,280770
6873,11096,0,2018-05-01,1,American elm, , , ,14,0,49,0,0,0, ,3758490,280768
6874,11097,0,2018-05-01,1,water oak, , , ,5,0,33,0,0,0, ,3758500,280769
6875,11098,0,2018-05-01,1,water oak, , , ,16,0,52,0,0,0, ,3758500,280768
6876,11099,0,2018-05-01,1,American elm, , , ,11,0,40,0,0,0, ,3758510,280766
6877,11100,0,2018-05-01,1,water oak, , , ,22,0,63,0,0,0, ,3758520,280763
6878,11101,0,2018-05-01,1,sugarberry, , , ,10,0,39,0,0,0, ,3758520,280766
6879,11102,0,2018-05-01,1,water oak, , , ,25,0,67,0,0,0, ,3758520,280764
6880,11103,0,2018-05-01,1,American elm, , , ,15,0,50,0,0,0, ,3758520,280762
6881,11104,0,2018-05-01,1,American elm, , , ,6,0,31,0,0,0, ,3758520,280762
6882,11105,0,2018-05-01,1,water oak, , , ,23,0,64,0,0,0, ,3758530,280764
6883,11106,7377,2018-05-01,1,Loblolly Pine, ,Pinus taeda, ,18,0,61,0,1,0, ,3758530,280760
6884,11107,0,2018-05-01,1,water oak, , , ,21,0,62,0,0,0, ,3758530,280761
6885,11108,0,2018-05-01,1,overcup oak, , , ,22,0,66,0,0,0, ,3758540,280760
6886,11109,0,2018-05-01,1,water oak, , , ,24,0,68,0,0,0, ,3758540,280758
6887,11110,0,2018-05-01,1,American elm, , , ,13,0,42,0,0,0, ,3758540,280748
6888,11111,0,2018-05-01,1,water oak, , , ,25,0,70,0,0,0, ,3758550,280754
6889,11112,0,2018-05-01,1,water oak, , , ,33,0,79,0,0,0, ,3758550,280749
6890,11113,0,2018-05-01,1,water oak, , , ,8,0,36,0,0,0, ,3758550,280752
6891,11114,0,2018-05-01,1,water oak, , , ,6,0,32,0,0,0, ,3758550,280750
6892,11115,0,2018-05-01,1,American elm, , , ,7,0,33,0,0,0, ,3758560,280748
6893,11116,0,2018-05-01,1,American elm, , , ,5,0,28,0,0,0, ,3758560,280745
6894,11117,0,2018-05-01,1,American elm, , , ,6,0,29,0,0,0, ,3758560,280746
6895,11118,0,2018-05-01,1,American elm, , , ,12,0,38,0,0,0, ,3758560,280743
6896,11119,0,2018-05-01,1,water oak, , , ,10,0,37,0,0,0, ,3758550,280746
6897,11120,0,2018-05-01,1,water oak, , , ,14,0,50,0,0,0, ,3758550,280745
6898,11121,0,2018-05-01,1,water oak, , , ,8,0,34,0,0,0, ,3758550,280744
6899,11122,0,2018-05-01,1,American elm, , , ,10,0,40,0,0,0, ,3758560,280739
6900,11123,0,2018-05-01,1,American elm, , , ,15,0,47,0,0,0, ,3758560,280738
6901,11124,0,2018-05-01,1,Chinese elm, , , ,9,0,37,0,0,0, ,3758560,280734
6902,11125,0,2018-05-01,1,Chinese elm, , , ,5,0,30,0,0,0, ,3758560,280733
6903,11126,0,2018-05-01,1,blackgum, , , ,12,0,43,0,0,0, ,3758560,280731
6904,11127,0,2018-05-01,1,blackgum, , , ,7,0,33,0,0,0, ,3758560,280728
6905,11128,0,2018-05-01,1,sugar maple, , , ,13,0,47,0,0,0, ,3758560,280728
6906,11129,0,2018-05-01,1,sugar maple, , , ,11,0,42,0,0,0, ,3758570,280725
6907,11130,0,2018-05-01,1,water oak, , , ,5,0,31,0,0,0, ,3758560,280725
6908,11131,0,2018-05-01,1,blackgum, , , ,5,0,28,0,0,0, ,3758560,280725
6909,11132,0,2018-05-01,1,Chinese elm, , , ,21,0,52,0,0,0, ,3758550,280728
6910,11133,0,2018-05-01,1,water oak, , , ,11,0,44,0,0,0, ,3758550,280727
6911,11134,0,2018-05-01,1,American elm, , , ,9,0,38,0,0,0, ,3758550,280724
6912,11135,0,2018-05-01,1,water oak, , , ,27,0,68,0,0,0, ,3758550,280720
6913,11136,0,2018-05-01,1,American elm, , , ,13,0,43,0,0,0, ,3758560,280721
6914,11137,0,2018-05-01,1,overcup oak, , , ,26,0,72,0,0,0, ,3758570,280719
6915,11138,0,2018-05-01,1,water oak, , , ,18,0,61,0,0,0, ,3758570,280719
6916,11139,0,2018-05-01,1,sugar maple, , , ,12,0,43,0,0,0, ,3758570,280720
6917,11140,0,2018-05-01,1,American elm, , , ,16,0,49,0,0,0, ,3758560,280715
6918,11141,0,2018-05-01,1,American elm, , , ,7,0,32,0,0,0, ,3758560,280714
6919,11142,0,2018-05-01,1,overcup oak, , , ,11,0,38,0,0,0, ,3758560,280712
6920,11143,0,2018-05-01,1,overcup oak, , , ,36,0,79,0,0,0, ,3758570,280714
6921,11144,0,2018-05-01,1,water oak, , , ,5,0,30,0,0,0, ,3758570,280716
6922,11145,0,2018-05-01,1,overcup oak, , , ,19,0,62,0,0,0, ,3758570,280712
6923,11146,0,2018-05-01,1,southern red oak, , , ,5,0,32,0,0,0, ,3758570,280708
6924,11147,0,2018-05-01,1,southern red oak, , , ,6,0,34,0,0,0, ,3758570,280706
6925,11148,0,2018-05-01,1,southern red oak, , , ,10,0,38,0,0,0, ,3758570,280701
6926,11149,0,2018-05-01,1,Chinese elm, , , ,16,0,47,0,0,0, ,3758580,280703
6927,11150,0,2018-05-01,1,overcup oak, , , ,16,0,54,0,0,0, ,3758590,280701
6928,11151,0,2018-05-01,1,southern red oak, , , ,8,0,36,0,0,0, ,3758590,280698
6929,11152,0,2018-05-01,1,Chinese elm, , , ,14,0,45,0,0,0, ,3758580,280696
6930,11153,0,2018-05-01,1,American elm, , , ,13,0,45,0,0,0, ,3758590,280690
6931,11154,0,2018-05-01,1,American elm, , , ,9,0,38,0,0,0, ,3758590,280679
6932,11155,0,2018-05-01,1,Chinese elm, , , ,17,0,53,0,0,0, ,3758610,280670
6933,11156,0,2018-05-01,1,American elm, , , ,10,0,38,0,0,0, ,3758590,280694
6934,11157,0,2018-05-01,1,American elm, , , ,9,0,36,0,0,0, ,3758600,280693
6935,11158,0,2018-05-01,1,water oak, , , ,12,0,43,0,0,0, ,3758590,280691
6936,11159,0,2018-05-01,1,water oak, , , ,8,0,34,0,0,0, ,3758600,280690
6937,11160,0,2018-05-01,1,American elm, , , ,11,0,41,0,0,0, ,3758600,280688
6938,11161,0,2018-05-01,1,Chinese elm, , , ,9,0,35,0,0,0, ,3758600,280688
6939,11162,0,2018-05-01,1,American beech, , , ,4,0,28,0,0,0, ,3758600,280686
6940,11163,0,2018-05-01,1,American beech, , , ,5,0,31,0,0,0, ,3758600,280689
6941,11164,0,2018-05-01,1,loblolly pine, , , ,28,0,89,0,0,0, ,3758600,280692
6942,11165,0,2018-05-01,1,American elm, , , ,7,0,32,0,0,0, ,3758600,280687
6943,11166,0,2018-05-01,1,loblolly pine, , , ,23,0,80,0,0,0, ,3758610,280685
6944,11167,0,2018-05-01,1,American hornbeam, , , ,12,0,43,0,0,0, ,3758600,280684
6945,11168,0,2018-05-01,1,water oak, , , ,13,0,43,0,0,0, ,3758610,280683
6946,11169,0,2018-05-01,1,American elm, , , ,11,0,36,0,0,0, ,3758600,280682
6947,11170,0,2018-05-01,1,American elm, , , ,8,0,32,0,0,0, ,3758610,280681
6948,11171,0,2018-05-01,1,American elm, , , ,5,0,29,0,0,0, ,3758610,280682
6949,11172,0,2018-05-01,1,American elm, , , ,6,0,34,0,0,0, ,3758610,280681
6950,11173,0,2018-05-01,1,water oak, , , ,17,0,52,0,0,0, ,3758610,280669
6951,11174,0,2018-05-01,1,water oak, , , ,6,0,31,0,0,0, ,3758610,280670
6952,11175,0,2018-05-01,1,Chinese elm, , , ,9,0,36,0,0,0, ,3758620,280668
6953,11176,0,2018-05-01,1,loblolly pine, , , ,17,0,72,0,0,0, ,3758620,280669
6954,11177,0,2018-05-01,1,water oak, , , ,18,0,50,0,0,0, ,3758620,280669
6955,11178,0,2018-05-01,1,American elm, , , ,4,0,26,0,0,0, ,3758630,280670
6956,11179,0,2018-05-01,1,Chinese elm, , , ,4,0,27,0,0,0, ,3758630,280670
6957,11180,0,2018-05-01,1,American elm, , , ,11,0,43,0,0,0, ,3758550,280719
6958,11181,0,2018-05-01,1,American elm, , , ,7,0,34,0,0,0, ,3758540,280715
6959,11182,0,2018-05-01,1,fosters holly, , , ,2,0,18,0,0,0, ,3758530,280724
6960,11183,0,2018-05-01,1,fosters holly, , , ,3,0,22,0,0,0, ,3758530,280721
6961,11184,0,2018-05-01,1,fosters holly, , , ,3,0,20,0,0,0, ,3758530,280718
6962,11185,9094,2018-05-05,1,Lacebark Elm, ,Ulmus parviflora, ,7,0,36,0,1,0, ,3758740,280602
6963,11186,0,2018-05-05,1,eastern redbud, , , ,19,0,52,0,0,0, ,3758730,280601
6964,11187,9094,2018-05-05,1,Lacebark Elm, ,Ulmus parviflora, ,4,0,30,0,1,0, ,3758730,280602
6965,11188,0,2018-05-05,1,eastern redbud, , , ,16,0,48,0,0,0, ,3758730,280599
6966,11189,9094,2018-05-05,1,Lacebark Elm, ,Ulmus parviflora, ,3,0,28,0,1,0, ,3758730,280600
6967,11190,0,2018-05-05,1,eastern redbud, , , ,14,0,45,0,0,0, ,3758730,280601
6968,11191,9094,2018-05-05,1,Lacebark Elm, ,Ulmus parviflora, ,8,0,37,0,1,0, ,3758730,280603
6969,11192,9094,2018-05-05,1,Lacebark Elm, ,Ulmus parviflora, ,11,0,43,0,1,0, ,3758730,280603
6970,11193,9094,2018-05-05,1,Lacebark Elm, ,Ulmus parviflora, ,9,0,39,0,1,0, ,3758730,280602
6971,11194,9094,2018-05-05,1,Lacebark Elm, ,Ulmus parviflora, ,7,0,35,0,1,0, ,3758730,280601
6972,11195,0,2018-05-05,1,eastern redbud, , , ,24,0,56,0,0,0, ,3758730,280600
6973,11196,0,2018-05-05,1,eastern redbud, , , ,15,0,46,0,0,0, ,3758730,280600
6974,11197,0,2018-05-05,1,eastern redbud, , , ,18,0,50,0,0,0, ,3758720,280600
6975,11198,0,2018-05-05,1,eastern redbud, , , ,14,0,43,0,0,0, ,3758720,280602
6976,11199,9094,2018-05-05,1,Lacebark Elm, ,Ulmus parviflora, ,6,0,34,0,1,0, ,3758720,280594
6977,11200,9094,2018-05-05,1,Lacebark Elm, ,Ulmus parviflora, ,4,0,30,0,1,0, ,3758720,280594
6978,11201,0,2018-05-05,1,eastern redbud, , , ,17,0,46,0,0,0, ,3758720,280593
6979,11202,9094,2018-05-05,1,Lacebark Elm, ,Ulmus parviflora, ,7,0,35,0,1,0, ,3758710,280592
6980,11203,9094,2018-05-05,1,Lacebark Elm, ,Ulmus parviflora, ,12,0,47,0,1,0, ,3758710,280591
6981,11204,0,2018-05-05,1,eastern redbud, , , ,8,0,31,0,0,0, ,3758710,280596
6982,11205,9094,2018-05-05,1,Lacebark Elm, ,Ulmus parviflora, ,8,0,33,0,1,0, ,3758710,280597
6983,11206,9094,2018-05-05,1,Lacebark Elm, ,Ulmus parviflora, ,10,0,39,0,1,0, ,3758700,280596
6984,11207,9094,2018-05-05,1,Lacebark Elm, ,Ulmus parviflora, ,6,0,32,0,1,0, ,3758700,280592
6985,11208,0,2018-05-05,1,eastern redbud, , , ,9,0,38,0,0,0, ,3758700,280592
6986,11209,0,2018-05-05,1,eastern redbud, , , ,10,0,39,0,0,0, ,3758700,280592
6987,11210,0,2018-05-05,1,eastern redbud, , , ,12,0,43,0,0,0, ,3758700,280594
6988,11211,9094,2018-05-05,1,Lacebark Elm, ,Ulmus parviflora, ,13,0,42,0,1,0, ,3758700,280596
6989,11212,0,2018-05-05,1,eastern redbud, , , ,13,0,45,0,0,0, ,3758700,280595
6990,11213,0,2018-05-05,1,eastern redbud, , , ,8,0,34,0,0,0, ,3758690,280594
6991,11214,0,2018-05-05,1,eastern redbud, , , ,22,0,59,0,0,0, ,3758690,280591
6992,11215,9094,2018-05-05,1,Lacebark Elm, ,Ulmus parviflora, ,9,0,41,0,1,0, ,3758690,280592
6993,11216,9094,2018-05-05,1,Lacebark Elm, ,Ulmus parviflora, ,4,0,28,0,1,0, ,3758690,280593
6994,11217,0,2018-05-05,1,eastern redbud, , , ,8,0,39,0,0,0, ,3758690,280596
6995,11218,0,2018-05-05,1,eastern redbud, , , ,11,0,44,0,0,0, ,3758690,280593
6996,11219,0,2018-05-05,1,eastern redbud, , , ,14,0,50,0,0,0, ,3758690,280592
6997,11220,0,2018-05-05,1,eastern redbud, , , ,13,0,46,0,0,0, ,3758690,280592
6998,11221,0,2018-05-05,1,eastern redbud, , , ,15,0,54,0,0,0, ,3758690,280592
6999,11222,0,2018-05-05,1,eastern redbud, , , ,7,0,34,0,0,0, ,3758670,280592
7000,11223,0,2018-05-05,1,American elm, , , ,15,0,43,0,0,0, ,3758670,280590
7001,11224,9094,2018-05-05,1,Lacebark Elm, ,Ulmus parviflora, ,16,0,48,0,1,0, ,3758670,280590
7002,11225,0,2018-05-05,1,sugarberry, , , ,4,0,29,0,0,0, ,3758670,280591
7003,11226,9094,2018-05-05,1,Lacebark Elm, ,Ulmus parviflora, ,5,0,30,0,1,0, ,3758660,280589
7004,11227,9094,2018-05-05,1,Lacebark Elm, ,Ulmus parviflora, ,7,0,36,0,1,0, ,3758660,280589
7005,11228,0,2018-05-05,1,sugarberry, , , ,8,0,34,0,0,0, ,3758660,280590
7006,11229,9094,2018-05-05,1,Lacebark Elm, ,Ulmus parviflora, ,9,0,40,0,1,0, ,3758660,280590
7007,11230,9094,2018-05-05,1,Lacebark Elm, ,Ulmus parviflora, ,12,0,47,0,1,0, ,3758660,280588
7008,11231,0,2018-05-05,1,American beech, , , ,6,0,31,0,0,0, ,3758660,280589
7009,11232,0,2018-05-05,1,American beech, , , ,7,0,34,0,0,0, ,3758660,280589
7010,11233,0,2018-05-05,1,eastern redbud, , , ,16,0,52,0,0,0, ,3758680,280598
7011,11234,9094,2018-05-05,1,Lacebark Elm, ,Ulmus parviflora, ,5,0,31,0,1,0, ,3758690,280600
7012,11235,9094,2018-05-05,1,Lacebark Elm, ,Ulmus parviflora, ,6,0,33,0,1,0, ,3758680,280602
7013,11236,9094,2018-05-05,1,Lacebark Elm, ,Ulmus parviflora, ,8,0,37,0,1,0, ,3758680,280603
7014,11237,9094,2018-05-05,1,Lacebark Elm, ,Ulmus parviflora, ,4,0,29,0,1,0, ,3758680,280604
7015,11238,9094,2018-05-05,1,Lacebark Elm, ,Ulmus parviflora, ,10,0,41,0,1,0, ,3758680,280608
7016,11239,9094,2018-05-05,1,Lacebark Elm, ,Ulmus parviflora, ,8,0,38,0,1,0, ,3758680,280609
7017,11240,0,2018-05-05,1,Loblolly pine, , , ,26,0,72,0,0,0, ,3758690,280610
7018,11241,0,2018-05-05,1,Loblolly pine, , , ,24,0,68,0,0,0, ,3758690,280607
7019,11242,0,2018-05-05,1,Loblolly pine, , , ,19,0,61,0,0,0, ,3758690,280605
7020,11243,0,2018-05-05,1,eastern redbud, , , ,7,0,37,0,0,0, ,3758690,280607
7021,11244,9094,2018-05-05,1,Lacebark Elm, ,Ulmus parviflora, ,14,0,52,0,1,0, ,3758690,280609
7022,11245,9094,2018-05-05,1,Lacebark Elm, ,Ulmus parviflora, ,12,0,49,0,1,0, ,3758690,280603
7023,11246,0,2018-05-05,1,American elm, , , ,7,0,33,0,0,0, ,3758690,280600
7024,11247,0,2018-05-05,1,American elm, , , ,11,0,41,0,0,0, ,3759100,280422
7025,11248,0,2018-05-05,1,American beech, , , ,5,0,31,0,0,0, ,3759100,280430
7026,11249,0,2018-05-05,1,green ash, , , ,8,0,38,0,0,0, ,3759090,280433
7027,11250,0,2018-05-05,1,eastern red cedar, , , ,4,0,27,0,0,0, ,3759100,280435
7028,11251,0,2018-05-05,1,green ash, , , ,3,0,26,0,0,0, ,3759090,280436
7029,11252,0,2018-05-05,1,eastern red cedar, , , ,5,0,33,0,0,0, ,3759100,280440
7030,11253,0,2018-05-05,1,American beech, , , ,13,0,46,0,0,0, ,3759090,280443
7031,11254,0,2018-05-05,1,American beech, , , ,7,0,38,0,0,0, ,3759090,280446
7032,11255,0,2018-05-05,1,water oak, , , ,29,0,66,0,0,0, ,3759090,280449
7033,11256,0,2018-05-05,1,box elder, , , ,12,0,42,0,0,0, ,3759090,280451
7034,11257,0,2018-05-05,1,American elm, , , ,5,0,36,0,0,0, ,3759090,280452
7035,11258,0,2018-05-05,1,American sycamore, , , ,31,0,71,0,0,0, ,3759090,280457
7036,11259,0,2018-05-05,1,box elder, , , ,6,0,33,0,0,0, ,3759090,280460
7037,11260,0,2018-05-05,1,eastern redbud, , , ,23,0,55,0,0,0, ,3759090,280463
7038,11261,0,2018-05-05,1,American sycamore, , , ,28,0,67,0,0,0, ,3759090,280468
7039,11262,0,2018-05-05,1,eastern redbud, , , ,13,0,41,0,0,0, ,3759090,280476
7040,11263,0,2018-05-05,1,eastern redbud, , , ,9,0,36,0,0,0, ,3759090,280483
7041,11264,0,2018-05-05,1,eastern redbud, , , ,7,0,33,0,0,0, ,3759090,280495
7042,11265,0,2018-05-05,1,box elder, , , ,9,0,36,0,0,0, ,3759090,280496
7043,11266,0,2018-05-05,1,eastern redbud, , , ,9,0,38,0,0,0, ,3759090,280499
7044,11267,0,2018-05-05,1,box elder, , , ,9,0,38,0,0,0, ,3759090,280500
7045,11268,0,2018-05-05,1,eastern redbud, , , ,10,0,42,0,0,0, ,3759090,280506
7046,11269,0,2018-05-05,1,green giant, ,thuja occidentus, ,7,0,43,0,0,0, ,3759100,280503
7047,11270,0,2018-05-05,1,green giant, ,thuja occidentus, ,6,0,36,0,0,0, ,3759100,280508
7048,11271,0,2018-05-05,1,eastern redbud, , , ,8,0,39,0,0,0, ,3759100,280505
7049,11272,0,2018-05-05,1,green giant, ,thuja occidentus, ,5,0,34,0,0,0, ,3759100,280509
7050,11273,0,2018-05-05,1,eastern redbud, , , ,11,0,44,0,0,0, ,3759100,280512
7051,11274,0,2018-05-05,1,eastern redbud, , , ,5,0,33,0,0,0, ,3759100,280510
7052,11275,3352,2018-05-05,1,sugar maple, , , ,11,0,39,0,1,0, ,3759130,280427
7053,11276,3352,2018-05-05,1,sugar maple, , , ,10,0,36,0,1,0, ,3759130,280429
7054,11277,3352,2018-05-05,1,sugar maple, , , ,9,0,33,0,1,0, ,3759130,280432
7055,11278,0,2018-05-05,1,green giant, ,thuja occidentus, ,5,0,35,0,0,0, ,3759150,280439
7056,11279,0,2018-05-05,1,green giant, ,thuja occidentus, ,4,0,33,0,0,0, ,3759150,280441
7057,11280,0,2018-05-05,1,green giant, ,thuja occidentus, ,0,4,34,0,0,0, ,3759150,280444
7058,11281,0,2018-05-05,1,green giant, ,thuja occidentus, ,5,0,35,0,0,0, ,3759150,280446
7059,11282,0,2018-05-05,1,Japanese maple, , , ,3,0,18,0,0,0, ,3759140,280459
7060,11283,0,2018-05-05,1,Japanese maple, , , ,2,0,14,0,0,0, ,3759140,280465
7061,11284,0,2018-05-05,1,black locust, , , ,13,0,37,0,0,0, ,3759140,280471
7062,11285,0,2018-05-05,1,black locust, , , ,10,0,34,0,0,0, ,3759140,280475
7063,11286,0,2018-05-05,1,black locust, , , ,11,0,35,0,0,0, ,3759140,280480
